,Family,Genus,CommonName,Average_Weight
0,Cercopithecidae,Allenopithecus,Allen_s_Swamp_Monkey,4.65
1,Cercopithecidae,Allenopithecus,Allen_s_Swamp_Monkey,5.95
2,Cheirogaleidae,Allocebus,Hairy_eared_Dwarf_Lemur,0.08
3,Cheirogaleidae,Allocebus,Hairy_eared_Dwarf_Lemur,0.08
4,Cercopithecidae,Allochrocebus,L_Hoest_s_Monkey,5.0
5,Cercopithecidae,Allochrocebus,L_Hoest_s_Monkey,6.0
6,Cercopithecidae,Allochrocebus,Preuss_s_Monkey,3.8
7,Cercopithecidae,Allochrocebus,Preuss_s_Monkey,5.25
8,Cercopithecidae,Allochrocebus,Sun_tailed_Monkey,5.4
9,Cercopithecidae,Allochrocebus,Sun_tailed_Monkey,7.3
10,Atelidae,Alouatta,Ursine_Red_Howler,6.37
11,Atelidae,Alouatta,Red_handed_Howler,6.4
12,Atelidae,Alouatta,Paraguayan_Howler,5.38
13,Atelidae,Alouatta,Spix_s_Howler,6.37
14,Atelidae,Alouatta,Brown_Howler,5.54
15,Atelidae,Alouatta,Guianan_Red_Howler,6.37
16,Atelidae,Alouatta,Amazon_Black_Howler,6.45
17,Atelidae,Alouatta,Mantled_Howler,6.12
18,Atelidae,Alouatta,Central_American_Black_Howler,6.56
19,Atelidae,Alouatta,Bolivian_Red_Howler,6.5
20,Atelidae,Alouatta,Colombian_Red_Howler,5.92
21,Atelidae,Alouatta,Colombian_Red_Howler,6.1
22,Atelidae,Alouatta,Maranhão_Red_handed_Howler,4.7
23,Aotidae,Aotus,Azara_s_Night_Monkey,1.21
24,Aotidae,Aotus,Brumback_s_Night_Monkey,0.67
25,Aotidae,Aotus,Gray_legged_Night_Monkey,0.51
26,Aotidae,Aotus,Hernández_Camacho_s_Night_Monkey,
27,Aotidae,Aotus,Lemurine_Night_Monkey,0.89
28,Aotidae,Aotus,Andean_Night_Monkey,0.8
29,Aotidae,Aotus,Ma_s_Night_Monkey,0.79
30,Aotidae,Aotus,Black_headed_Night_Monkey,0.96
31,Aotidae,Aotus,Humboldt_s_Night_Monkey,0.77
32,Aotidae,Aotus,Spix_s_Night_Monkey,0.7
33,Aotidae,Aotus,Panamanian_Night_Monkey,0.9
34,Lorisidae,Arctocebus,Golden_Angwantibo,0.21
35,Lorisidae,Arctocebus,Calabar_Angwantibo,0.31
36,Atelidae,Ateles,White_bellied_Spider_Monkey,8.07
37,Atelidae,Ateles,Black_Spider_Monkey,9.37
38,Atelidae,Ateles,Brown_headed_Spider_Monkey,9.03
39,Atelidae,Ateles,Central_American_Spider_Monkey,7.54
40,Atelidae,Ateles,Variegated_Spider_Monkey,8.6
41,Atelidae,Ateles,White_whiskered_Spider_Monkey,8.1
42,Atelidae,Ateles,White_whiskered_Spider_Monkey,5.82
43,Atelidae,Ateles,Red_faced_Black_Spider_Monkey,8.28
44,Indriidae,Avahi,Betsileo_Woolly_Lemur,0.92
45,Indriidae,Avahi,Betsileo_Woolly_Lemur,1.08
46,Indriidae,Avahi,Bemaraha_Woolly_Lemur,1.03
47,Indriidae,Avahi,Bemaraha_Woolly_Lemur,0.95
48,Indriidae,Avahi,Eastern_Woolly_Lemur,1.17
49,Indriidae,Avahi,Eastern_Woolly_Lemur,1.18
50,Indriidae,Avahi,Southern_Woolly_Lemur,1.15
51,Indriidae,Avahi,Southern_Woolly_Lemur,1.21
52,Indriidae,Avahi,Masoala_Woolly_Lemur,0.92
53,Indriidae,Avahi,Western_Woolly_Lemur,0.8
54,Indriidae,Avahi,Peyrieras_s_Woolly_Lemur,1.08
55,Indriidae,Avahi,Peyrieras_s_Woolly_Lemur,1.03
56,Indriidae,Avahi,Manombo_Woolly_Lemur,0.96
57,Indriidae,Avahi,Manombo_Woolly_Lemur,0.98
58,Indriidae,Avahi,Sambirano_Woolly_Lemur,0.85
59,Atelidae,Brachyteles,Southern_Muriqui,8.84
60,Atelidae,Brachyteles,Northern_Muriqui,9.0
61,Pitheciidae,Cacajao,Ayres_Black_Uakari,
62,Pitheciidae,Cacajao,Bald_Uacari,3.17
63,Pitheciidae,Cacajao,Black_headed_Uacari,
64,Pitheciidae,Cacajao,Black_headed_Uacari,2.94
65,Pitheciidae,Cacajao,Spix_s_Black_headed_Uacari,2.35
66,Pitheciidae,Cacajao,Spix_s_Black_headed_Uacari,3.8
67,Callitrichidae,Callibella,Black_crowned_Dwarf_Marmoset,0.12
68,Pitheciidae,Callicebus,Blond_Titi,1.15
69,Pitheciidae,Callicebus,Coimbra_Filho_s_Titi,
70,Pitheciidae,Callicebus,Coimbra_Filho_s_Titi,1.21
71,Pitheciidae,Callicebus,Southern_Bahian_Titi,
72,Pitheciidae,Callicebus,Southern_Bahian_Titi,1.37
73,Pitheciidae,Callicebus,Black_fronted_Titi,
74,Pitheciidae,Callicebus,Masked_Titi,1.32
75,Callitrichidae,Callimico,Goeldi_s_Monkey*,0.48
76,Callitrichidae,Callithrix,Buffy_tufted_ear_Marmoset,0.44
77,Callitrichidae,Callithrix,Buffy_headed_Marmoset,0.43
78,Callitrichidae,Callithrix,Geoffroy_s_Tufted_ear_Marmoset,0.24
79,Callitrichidae,Callithrix,Common_Marmoset,0.32
80,Callitrichidae,Callithrix,Wied_s_Black_tufted_ear_Marmoset,0.38
81,Callitrichidae,Callithrix,Black_tufted_ear_Marmoset,0.33
82,Tarsiidae,Carlito,Philippine_Tarsier,0.13
83,Callitrichidae,Cebuella,Eastern_Pygmy_Marmoset,
84,Callitrichidae,Cebuella,Pygmy_Marmoset,0.12
85,Cebidae,Cebus,Ecuadorian_White_fronted_Capuchin,2.19
86,Cebidae,Cebus,Humboldt_s_White_fronted_Capuchin,2.74
87,Cebidae,Cebus,Venezuelan_Brown_Capuchin,
88,Cebidae,Cebus,Colombian_White_faced_Capuchin,3.11
89,Cebidae,Cebus,Río_Cesar_White_fronted_Capuchin,
90,Cebidae,Cebus,Shock_headed_Capuchin,2.85
91,Cebidae,Cebus,Shock_headed_Capuchin,2.9
92,Cebidae,Cebus,Panamanian_White_faced_Capuchin,3.22
93,Cebidae,Cebus,Panamanian_White_faced_Capuchin,3.25
94,Cebidae,Cebus,Ka_apor_Capuchin,2.7
95,Cebidae,Cebus,Ka_apor_Capuchin,2.15
96,Cebidae,Cebus,Sierra_de_Perijá_White_fronted_Capuchin,
97,Cebidae,Cebus,Santa_Marta_White_fronted_Capuchin,
98,Cebidae,Cebus,Guianan_Weeper_Capuchin,2.88
99,Cebidae,Cebus,Spix_s_White_fronted_Capuchin,2.74
100,Cebidae,Cebus,Varied_White_fronted_Capuchin,2.74
101,Cebidae,Cebus,Marañón_White_fronted_Capuchin,3.35
102,Tarsiidae,Cephalopachus,Western_Tarsier,0.12
103,Cercopithecidae,Cercocebus,Agile_Mangabey,7.58
104,Cercopithecidae,Cercocebus,Sooty_Mangabey,8.6
105,Cercopithecidae,Cercocebus,Golden_bellied_Mangabey,9.5
106,Cercopithecidae,Cercocebus,Golden_bellied_Mangabey,10.0
107,Cercopithecidae,Cercocebus,Tana_River_Mangabey,7.44
108,Cercopithecidae,Cercocebus,White_naped_Mangabey,7.28
109,Cercopithecidae,Cercocebus,Sanje_River_Mangabey,8.05
110,Cercopithecidae,Cercocebus,Red_capped_Mangabey,7.5
111,Cercopithecidae,Cercopithecus,Syke_s_Monkey,5.28
112,Cercopithecidae,Cercopithecus,Red_tailed_Monkey,3.24
113,Cercopithecidae,Cercopithecus,Campbell_s_Monkey,3.6
114,Cercopithecidae,Cercopithecus,Moustached_Monkey,3.48
115,Cercopithecidae,Cercopithecus,Dent_s_Monkey,3.54
116,Cercopithecidae,Cercopithecus,Diana_Monkey,4.5
117,Cercopithecidae,Cercopithecus,Silver_Monkey,
118,Cercopithecidae,Cercopithecus,Dryas_Monkey,2.65
119,Cercopithecidae,Cercopithecus,Red_bellied_Monkey,3.5
120,Cercopithecidae,Cercopithecus,Red_eared_Monkey,3.4
121,Cercopithecidae,Cercopithecus,Owl_faced_Monkey,4.43
122,Cercopithecidae,Cercopithecus,Virungas_Golden_Monkey,6.2
123,Cercopithecidae,Cercopithecus,Lesula,5.0
124,Cercopithecidae,Cercopithecus,Lowe_s_Monkey,3.9
125,Cercopithecidae,Cercopithecus,Blue_Monkey,4.89
126,Cercopithecidae,Cercopithecus,Mona_Monkey,4.05
127,Cercopithecidae,Cercopithecus,De_Brazza_s_Monkey,5.74
128,Cercopithecidae,Cercopithecus,Putty_nosed_Monkey,5.46
129,Cercopithecidae,Cercopithecus,Spot_nosed_Monkey,3.65
130,Cercopithecidae,Cercopithecus,Crowned_Monkey,3.58
131,Cercopithecidae,Cercopithecus,Roloway_Monkey,4.55
132,Cercopithecidae,Cercopithecus,Sclater_s_Monkey,3.25
133,Cercopithecidae,Cercopithecus,Wolf_s_Monkey,3.34
134,Cheirogaleidae,Cheirogaleus,Montagne_d_Ambre_Dwarf_Lemur,
135,Cheirogaleidae,Cheirogaleus,Crossley_s_Dwarf_Lemur,0.29
136,Cheirogaleidae,Cheirogaleus,Lavasoa_Dwarf_lemur,
137,Cheirogaleidae,Cheirogaleus,Greater_Dwarf_Lemur,0.51
138,Cheirogaleidae,Cheirogaleus,Greater_Dwarf_Lemur,0.5
139,Cheirogaleidae,Cheirogaleus,Fat_tailed_Dwarf_Lemur,0.14
140,Cheirogaleidae,Cheirogaleus,Fat_tailed_Dwarf_Lemur,0.18
141,Cheirogaleidae,Cheirogaleus,Fat_tailed_Dwarf_Lemur,0.21
142,Cheirogaleidae,Cheirogaleus,Lesser_Iron_gray_Dwarf_Lemur,0.3
143,Cheirogaleidae,Cheirogaleus, Sheth's_Dwarf_Lemur,
144,Cheirogaleidae,Cheirogaleus,Sibree_s_Dwarf_Lemur,0.27
145,Cheirogaleidae,Cheirogaleus,Thomas_s_Dwarf_Lemur,
146,Pitheciidae,Cheracebus,Yellow_handed_Titi,1.5
147,Pitheciidae,Cheracebus,White_chested_Titi,1.37
148,Pitheciidae,Cheracebus,Medem_s_Titi,1.2
149,Pitheciidae,Cheracebus,Medem_s_Titi,1.16
150,Pitheciidae,Cheracebus,Rio_Purus_Titi,1.5
151,Pitheciidae,Cheracebus,Rio_Juruá_Collared_Titi,1.25
152,Pitheciidae,Cheracebus,White_collared_Titi,1.25
153,Pitheciidae,Chiropotes,White_nosed_Bearded_Saki,2.82
154,Pitheciidae,Chiropotes,Rio_Negro_Beared_Saki,2.74
155,Pitheciidae,Chiropotes, Brown_backed_Bearded_Saki,
156,Pitheciidae,Chiropotes,Guianan_Beared_Saki,3.0
157,Pitheciidae,Chiropotes,Black_Bearded_Saki,3.03
158,Pitheciidae,Chiropotes,Black_Bearded_Saki,2.74
159,Pitheciidae,Chiropotes,Uta_Hick_s_Bearded_Saki,3.0
160,Cercopithecidae,Chlorocebus,Grivet_Monkey,4.65
161,Cercopithecidae,Chlorocebus,Malbrouck_Monkey,3.98
162,Cercopithecidae,Chlorocebus,Bale_Monkey,3.98
163,Cercopithecidae,Chlorocebus,Vervet_Monkey,3.63
164,Cercopithecidae,Chlorocebus,Vervet_Monkey,5.7
165,Cercopithecidae,Chlorocebus,Green_Monkey,4.3
166,Cercopithecidae,Chlorocebus,Green_Monkey,5.45
167,Cercopithecidae,Chlorocebus,Tantalus_Monkey,4.65
168,Cercopithecidae,Chlorocebus,Tantalus_Monkey,6.0
169,Cercopithecidae,Colobus,Angolan_Colobus,8.6
170,Cercopithecidae,Colobus,Guereza,8.89
171,Cercopithecidae,Colobus,King_Colobus,9.1
172,Cercopithecidae,Colobus,Black_Colobus,8.91
173,Cercopithecidae,Colobus,White_thighed_Colobus,7.68
174,Daubentoniidae,Daubentonia,Aye_aye,2.56
175,Daubentoniidae,Daubentonia,Aye_aye,2.53
176,Cercopithecidae,Erythrocebus,Patas_Monkey,9.45
177,Cercopithecidae,Erythrocebus,Heuglin's_Patas_Monkey,
178,Lemuridae,Eulemur,White_fronted_Brown_Lemur,2.18
179,Lemuridae,Eulemur,White_fronted_Brown_Lemur,1.9
180,Lemuridae,Eulemur,White_collared_Brown_Lemur,2.16
181,Lemuridae,Eulemur,Red_collared_Brown_Lemur,2.14
182,Lemuridae,Eulemur,Red_collared_Brown_Lemur,2.18
183,Lemuridae,Eulemur,Crowned_Lemur,1.65
184,Lemuridae,Eulemur,Crowned_Lemur,1.29
185,Lemuridae,Eulemur,Blue_eyed_Black_Lemur,1.82
186,Lemuridae,Eulemur,Blue_eyed_Black_Lemur,1.84
187,Lemuridae,Eulemur,Brown_Lemur,2.05
188,Lemuridae,Eulemur,Brown_Lemur,1.63
189,Lemuridae,Eulemur,Black_Lemur,2.39
190,Lemuridae,Eulemur,Black_Lemur,1.82
191,Lemuridae,Eulemur,Black_Lemur,1.98
192,Lemuridae,Eulemur,Mongoose_Lemur,1.48
193,Lemuridae,Eulemur,Mongoose_Lemur,1.27
194,Lemuridae,Eulemur,Red_bellied_Lemur,2.015
195,Lemuridae,Eulemur,Red_bellied_Lemur,1.98
196,Lemuridae,Eulemur,Red_fronted_Brown_Lemur,2.21
197,Lemuridae,Eulemur,Red_fronted_Brown_Lemur,2.15
198,Lemuridae,Eulemur,Rufous_Brown_Lemur,2.22
199,Lemuridae,Eulemur,Rufous_Brown_Lemur,2.22
200,Lemuridae,Eulemur,Rufous_Brown_Lemur,1.59
201,Lemuridae,Eulemur,Sanford_s_Brown_Lemur,1.85
202,Lemuridae,Eulemur,Sanford_s_Brown_Lemur,1.89
203,Galagidae,Euoticus,Southern_Needle_clawed_Galago,0.27
204,Galagidae,Euoticus,Northern_Needle_clawed_Galago,0.253
205,Galagidae,Galago,Somali_Lesser_Galago,0.2
206,Galagidae,Galago,Spectacled_Lesser_Galago,0.21
207,Galagidae,Galago,Southern_Lesser_Galago,0.2
208,Galagidae,Galago,Northern_Lesser_Galago,0.25
209,Galagidae,Galagoides,Kenya_Coast_Dwarf_Galago,0.14
210,Galagidae,Galagoides,Demidoff_s_Dwarf_Galago,0.06
211,Galagidae,Galagoides,Mozambique_Dwarf_Galago,
212,Galagidae,Galagoides,Mozambique_Dwarf_Galago,0.134
213,Galagidae,Galagoides,Mountain_Dwarf_Galago,0.09
214,Galagidae,Galagoides,Rondo_Dwarf_Galago,0.675
215,Galagidae,Galagoides,Angolan_Dwarf_Galago,
216,Galagidae,Galagoides,Thomas_s_Dwarf_Galago,0.12
217,Galagidae,Galagoides,Tanzania_Coast_Dwarf_Galago,0.14
218,Hominidae,Gorilla,Eastern_Gorilla,130.0
219,Hominidae,Gorilla,Western_Gorilla,122.5
220,Lemuridae,Hapalemur,Lac_Alaotra_Bamboo_Lemur,1.24
221,Lemuridae,Hapalemur,Golden_Bamboo_Lemur,1.45
222,Lemuridae,Hapalemur,Golden_Bamboo_Lemur,1.58
223,Lemuridae,Hapalemur,Gray_Bamboo_Lemur,0.71
224,Lemuridae,Hapalemur,Gray_Bamboo_Lemur,0.95
225,Lemuridae,Hapalemur,Gray_Bamboo_Lemur,0.81
226,Lemuridae,Hapalemur,Southern_Bamboo_Lemur,1.07
227,Lemuridae,Hapalemur,Southern_Bamboo_Lemur,0.85
228,Lemuridae,Hapalemur,Northern_Bamboo_Lemur,1.013
229,Lemuridae,Hapalemur,Northern_Bamboo_Lemur,0.85
230,Hylobatidae,Hoolock,Western_Hoolock_Gibbon,6.88
231,Hylobatidae,Hoolock,Eastern_Hoolock_Gibbon,7.2
232,Hylobatidae,Hoolock,Skywalker_Hoolock_Gibbon,
233,Hylobatidae,Hylobates,Abbott_s_Gray_Gibbon,5.95
234,Hylobatidae,Hylobates,Agile_Gibbon,6.0
235,Hylobatidae,Hylobates,Bornean_White_bearded_Gibbon,5.95
236,Hylobatidae,Hylobates,East_Bornean_Gray_Gibbon,5.5
237,Hylobatidae,Hylobates,Kloss_s_Gibbon,5.8
238,Hylobatidae,Hylobates,Lar_Gibbon,5.64
239,Hylobatidae,Hylobates,Moloch_Gibbon,6.42
240,Hylobatidae,Hylobates,Müller_s_Gibbon,5.35
241,Hylobatidae,Hylobates,Pileated_Gibbon,5.47
242,Indriidae,Indri,Indri,6.34
243,Indriidae,Indri,Indri,6.59
244,Atelidae,Lagothrix,Gray_Woolly_Monkey,8.31
245,Atelidae,Lagothrix,Peruvian_Yellow_tailed_Woolly_Monkey,7.25
246,Atelidae,Lagothrix,Humboldt_s_Woolly_Monkey,7.15
247,Atelidae,Lagotrix,Colombian_Woolly_Monkey,6.87
248,Atelidae,Lagothrix,Poeppig_s_Woolly_Monkey,7.25
249,Lemuridae,Lemur,Ring_tailed_Lemur,2.21
250,Callitrichidae,Leontocebus,Cruz_Limas_Saddle_back_Tamarin,
251,Callitrichidae,Leontocebus,Spix_s_Saddle_back_Tamarin,0.33
252,Callitrichidae,Leontocebus,Lesson_s_Saddle_back_Tamarin,0.37
253,Callitrichidae,Leontocebus,Illiger_s_Saddle_back_Tamarin,0.29
254,Callitrichidae,Leontocebus,Red_mantled_Saddle_back_Tamarin,0.37
255,Callitrichidae,Leontocebus,Andean_Saddle_back_Tamarin,0.37
256,Callitrichidae,Leontocebus,Black_mantled_tamarin,0.48
257,Callitrichidae,Leontocebus,Geoffroy_s_Saddle_back_Tamarin,0.36
258,Callitrichidae,Leontocebus,Golden_mantled_Saddle_back_Tamarin,0.4
259,Callitrichidae,Leontocebus,Weddells_Saddle_back_Tamarin,0.36
260,Callitrichidae,Leontopithecus,Black_faced_Lion_Tamarin,0.58
261,Callitrichidae,Leontopithecus,Golden_headed_Lion_Tamarin,0.58
262,Callitrichidae,Leontopithecus,Black_Lion_Tamarin,0.615
263,Callitrichidae,Leontopithecus,Golden_Lion_Tamarin,0.64
264,Lepilemuridae,Lepilemur,Antafia_Sportive_Lemur,0.89
265,Lepilemuridae,Lepilemur,Antafia_Sportive_Lemur,0.83
266,Lepilemuridae,Lepilemur,Tsiombikibo_Sportive_Lemur,0.61
267,Lepilemuridae,Lepilemur,Tsiombikibo_Sportive_Lemur,0.58
268,Lepilemuridae,Lepilemur,Ankarana_Sportive_Lemur,0.77
269,Lepilemuridae,Lepilemur,Ankarana_Sportive_Lemur,0.75
270,Lepilemuridae,Lepilemur,Betsileo_Sportive_Lemur,1.15
271,Lepilemuridae,Lepilemur,Betsileo_Sportive_Lemur,1.13
272,Lepilemuridae,Lepilemur,Gray_s_Sportive_Lemur,0.87
273,Lepilemuridae,Lepilemur,Gray_s_Sportive_Lemur,0.72
274,Lepilemuridae,Lepilemur,Milne_Edwards_s_Sportive_Lemur,0.93
275,Lepilemuridae,Lepilemur,Milne_Edwards_s_Sportive_Lemur,1.02
276,Lepilemuridae,Lepilemur,Andohahela_Sportive_Lemur,0.89
277,Lepilemuridae,Lepilemur,Anjiamangirana_Sportive_Lemur,0.78
278,Lepilemuridae,Lepilemur,Anjiamangirana_Sportive_Lemur,0.86
279,Lepilemuridae,Lepilemur,Mananara_Nord_Sportive_Lemur,1.0
280,Lepilemuridae,Lepilemur,Zombitse_Sportive_Lemur,0.99
281,Lepilemuridae,Lepilemur,Manombo_Sportive_Lemur,0.78
282,Lepilemuridae,Lepilemur,Manombo_Sportive_Lemur,0.87
283,Lepilemuridae,Lepilemur,White_footed_Sportive_Lemur,0.61
284,Lepilemuridae,Lepilemur,White_footed_Sportive_Lemur,0.56
285,Lepilemuridae,Lepilemur,Small_toothed_Sportive_Lemur,0.97
286,Lepilemuridae,Lepilemur,Small_toothed_Sportive_Lemur,1.1
287,Lepilemuridae,Lepilemur,Daraina_Sportive_Lemur,0.72
288,Lepilemuridae,Lepilemur,Daraina_Sportive_Lemur,0.71
289,Lepilemuridae,Lepilemur,Mittermeier_s_Sportive_Lemur,0.73
290,Lepilemuridae,Lepilemur,Mittermeier_s_Sportive_Lemur,0.99
291,Lepilemuridae,Lepilemur,Weasel_Sportive_Lemur,1.0
292,Lepilemuridae,Lepilemur,Weasel_Sportive_Lemur,0.96
293,Lepilemuridae,Lepilemur,Ambodimahabibo_Sportive_Lemur,0.938
294,Lepilemuridae,Lepilemur,Ambodimahabibo_Sportive_Lemur,0.94
295,Lepilemuridae,Lepilemur,Petter_s_Sportive_Lemur,0.62
296,Lepilemuridae,Lepilemur,Bemaraha_Sportive_Lemur,0.79
297,Lepilemuridae,Lepilemur,Bemaraha_Sportive_Lemur,0.92
298,Lepilemuridae,Lepilemur,Red_tailed_Sportive_Lemur,0.75
299,Lepilemuridae,Lepilemur,Red_tailed_Sportive_Lemur,0.81
300,Lepilemuridae,Lepilemur,Sahamalaza_Sportive_Lemur,0.69
301,Lepilemuridae,Lepilemur,Sahamalaza_Sportive_Lemur,0.69
302,Lepilemuridae,Lepilemur,Masoala_Sportive_Lemur,0.88
303,Lepilemuridae,Lepilemur,Seal_s_Sportive_Lemur,0.95
304,Lepilemuridae,Lepilemur,Sahafary_Sportive_Lemur,0.675
305,Lepilemuridae,Lepilemur,Sahafary_Sportive_Lemur,0.58
306,Lepilemuridae,Lepilemur,Nosy_Be_Sportive_Lemur,0.88
307,Lepilemuridae,Lepilemur,Wright_s_Sportive_Lemur,1.82
308,Lepilemuridae,Lepilemur,Wright_s_Sportive_Lemur,1.05
309,Cercopithecidae,Lophocebus,Gray_cheeked_Mangabey,6.95
310,Cercopithecidae,Lophocebus,Northern_Black_Crested_Mangabey,6.8
311,Cercopithecidae,Lophocebus,Johnston_s_Mangabey,6.58
312,Cercopithecidae,Lophocebus,Southern_Back_Crested_Mangabey,6.8
313,Cercopithecidae,Lophocebus,Rusty_mantled_Mangabey,6.58
314,Cercopithecidae,Lophocebus,Ugandan_Crested_Mangabey,6.5
315,Lorisidae,Loris,Gray_Slender_Loris,0.27
316,Lorisidae,Loris,Red_Slender_Loris,0.19
317,Cercopithecidae,Macaca,Stump_tailed_Macaque,10.3
318,Cercopithecidae,Macaca,Assamese_Macaque,9.0
319,Cercopithecidae,Macaca,Taiwanese_Macaque,5.47
320,Cercopithecidae,Macaca,Long_tailed_Macaque,4.03
321,Cercopithecidae,Macaca,Japanese_Macaque,9.5
322,Cercopithecidae,Macaca,Heck_s_Macaque,9.0
323,Cercopithecidae,Macaca,Northern_Pig_tailed_Macaque,6.7
324,Cercopithecidae,Macaca,White_cheeked_Macaque,
325,Cercopithecidae,Macaca,Moor_Macaque,7.88
326,Cercopithecidae,Macaca,Rhesus_Macaque,5.96
327,Cercopithecidae,Macaca,Arunachal_Macaque,15.0
328,Cercopithecidae,Macaca,Sunda_Pig_tailed_Macaque,8.89
329,Cercopithecidae,Macaca,Crested_Macaque,7.68
330,Cercopithecidae,Macaca,Gorontalo_Macaque,5.65
331,Cercopithecidae,Macaca,Booted_Macaque,3.95
332,Cercopithecidae,Macaca,Pagai_Macaque,6.38
333,Cercopithecidae,Macaca,Bonnet_Macaque,5.14
334,Cercopithecidae,Macaca,Siberut_Macaque,6.38
335,Cercopithecidae,Macaca,Siberut_Macaque,5.95
336,Cercopithecidae,Macaca,Lion_tailed_Macaque,7.5
337,Cercopithecidae,Macaca,Toque_Macaque,4.48
338,Cercopithecidae,Macaca,Barbary_Macaque,13.5
339,Cercopithecidae,Macaca,Tibetan_Macaque,15.55
340,Cercopithecidae,Macaca,Tonkean_Macaque,11.95
341,Cercopithecidae,Mandrillus,Drill,15.0
342,Cercopithecidae,Mandrillus,Drill,25.75
343,Cercopithecidae,Mandrillus,Mandrill,23.6
344,Callitrichidae,Mico,Rio_Acarí_Marmoset,0.42
345,Callitrichidae,Mico,Silvery_Marmoset,0.35
346,Callitrichidae,Mico,Golden_white_Tassel_ear_Marmoset,0.295
347,Callitrichidae,Mico,Snethlage_s_Marmoset,0.32
348,Callitrichidae,Mico,Santarém_Marmoset,0.42
349,Callitrichidae,Mico,Black_crowned_Dwarf_Marmoset,
350,Callitrichidae,Mico,Rio_Aripuanã_Marmoset,0.3
351,Callitrichidae,Mico,Rio_Aripuanã_Marmoset,0.35
352,Callitrichidae,Mico,Golden_white_Bare_ear_Marmoset,0.5
353,Callitrichidae,Mico,Marca_s_Marmoset,0.55
354,Callitrichidae,Mico,Maués_Marmoset,0.37
355,Callitrichidae,Mico,Black_tailed_Marmoset,0.22
356,Callitrichidae,Mico,Black_headed_Marmoset,0.38
357,Callitrichidae,Mico,Rondon_s_Marmoset,0.33
358,Callitrichidae,Mico,Sateré_Marmoset,0.44
359,Cheirogaleidae,Microcebus,Montagne_d_Ambre_Mouse_Lemur,0.05
360,Cheirogaleidae,Microcebus,Madame_Berthe_s_Mouse_Lemur,0.03
361,Cheirogaleidae,Microcebus,Bongolava_Mouse_Lemur,0.054000000000000006
362,Cheirogaleidae,Microcebus,Bongolava_Mouse_Lemur,0.05
363,Cheirogaleidae,Microcebus, Nosy_Boraha_Mouse_Lemur,
364,Cheirogaleidae,Microcebus,Ambarijeby_Mouse_Lemur,0.06
365,Cheirogaleidae,Microcebus,Gerp_s_Mouse_Lemur,0.07
366,Cheirogaleidae,Microcebus,Ganzhorn's_Mouse_Lemur,
367,Cheirogaleidae,Microcebus,Gray_brown_Mouse_Lemur,0.05
368,Cheirogaleidae,Microcebus,Gray_brown_Mouse_Lemur,0.05
369,Cheirogaleidae,Microcebus,Jolly_s_Mouse_Lemur,0.06
370,Cheirogaleidae,Microcebus,Goodman_s_Mouse_Lemur,0.05
371,Cheirogaleidae,Microcebus,Goodman_s_Mouse_Lemur,0.04
372,Cheirogaleidae,Microcebus,Anjiahely_Mouse_Lemur,0.05
373,Cheirogaleidae,Microcebus,Nosy_Be_Mouse_Lemur,0.06
374,Cheirogaleidae,Microcebus,Nosy_Be_Mouse_Lemur,0.06
375,Cheirogaleidae,Microcebus,Bemanasy_Mouse_Lemur,
376,Cheirogaleidae,Microcebus,Margot_Marsh_s_Mouse_Lemur,0.05
377,Cheirogaleidae,Microcebus,Margot_Marsh_s_Mouse_Lemur,0.04
378,Cheirogaleidae,Microcebus,Marohita_Mouse_Lemur,0.06
379,Cheirogaleidae,Microcebus,Mittermeier_s_Mouse_Lemur,0.04
380,Cheirogaleidae,Microcebus,Gray_Mouse_Lemur,0.06
381,Cheirogaleidae,Microcebus,Peters_s_Mouse_Lemur,0.03
382,Cheirogaleidae,Microcebus,Peters_s_Mouse_Lemur,0.05
383,Cheirogaleidae,Microcebus,Golden_brown_Mouse_Lemur,0.05
384,Cheirogaleidae,Microcebus,Golden_brown_Mouse_Lemur,0.06
385,Cheirogaleidae,Microcebus,Rufous_Mouse_Lemur,0.04
386,Cheirogaleidae,Microcebus,Rufous_Mouse_Lemur,0.04
387,Cheirogaleidae,Microcebus,Sambirano_Mouse_Lemur,0.04
388,Cheirogaleidae,Microcebus,Simmons_s_Mouse_Lemur,0.0765
389,Cheirogaleidae,Microcebus,Simmons_s_Mouse_Lemur,0.06
390,Cheirogaleidae,Microcebus,Anosi_Mouse_lemur,0.05
391,Cheirogaleidae,Microcebus,Tavaratra_Mouse_Lemur,0.06
392,Cheirogaleidae,Microcebus,Tavaratra_Mouse_Lemur,0.05
393,Cercopithecidae,Miopithecus,Northern_Talapoin_Monkey,1.25
394,Cercopithecidae,Miopithecus,Southern_Talapoin_Monkey,1.25
395,Cheirogaleidae,Mirza,Coquerel_s_Giant_Mouse_Lemur,0.31
396,Cheirogaleidae,Mirza,Coquerel_s_Giant_Mouse_Lemur,0.31
397,Cheirogaleidae,Mirza,Northern_Giant_Mouse_Lemur,0.29
398,Cercopithecidae,Nasalis,Proboscis_Monkey,15.75
399,Hylobatidae,Nomascus,Northern_Yellow_cheeked_Crested_Gibbon,7.0
400,Hylobatidae,Nomascus,Western_Black_Crested_Gibbon,7.69
401,Hylobatidae,Nomascus,Southern_Yellow_cheeked_Crested_Gibbon,5.2
402,Hylobatidae,Nomascus,Hainan_Crested_Gibbon,6.59
403,Hylobatidae,Nomascus,Northern_White_cheeked_Crested_Gibbon,6.5
404,Hylobatidae,Nomascus,Eastern_Black_Crested_Gibbon,
405,Hylobatidae,Nomascus,Southern_White_cheeked_Crested_Gibbon,7.25
406,Hylobatidae,Nomascus,Southern_White_cheeked_Crested_Gibbon,7.87
407,Lorisidae,Nycticebus,Bangka_Slow_Loris,
408,Lorisidae,Nycticebus,Bengal_Slow_Loris,1.26
409,Lorisidae,Nycticebus,Bornean_Slow_Loris,0.47
410,Lorisidae,Nycticebus,Sunda_Slow_Loris,0.65
411,Lorisidae,Nycticebus,Javan_Slow_Loris,0.66
412,Lorisidae,Nycticebus,Javan_Slow_Loris,0.8
413,Lorisidae,Nycticebus,Kayan_River_Slow_Loris,0.6
414,Lorisidae,Nycticebus,Philippine_Slow_Loris,0.285
415,Lorisidae,Nycticebus,Pygmy_Slow_Loris,0.42
416,Galagidae,Otolemur,Thick_tailed_Greater_Galago,1.15
417,Galagidae,Otolemur,Garnett_s_Greater_Galago,0.76
418,Hominidae,Pan,Bonobo,39.1
419,Hominidae,Pan,Chimpanzee,53.7
420,Cercopithecidae,Papio,Olive_Baboon,16.65
421,Cercopithecidae,Papio,Yellow_Baboon,17.05
422,Cercopithecidae,Papio,Hamadryas_Baboon,13.4
423,Cercopithecidae,Papio,Kinda_Baboon,13.0
424,Cercopithecidae,Papio,Guinea_Baboon,17.5
425,Cercopithecidae,Papio,Chacma_Baboon,22.3
426,Galagidae,Paragalago,Kenya_Coast_Dwarf_Galago,
427,Galagidae,Paragalago,Mozambique_Dwarf_Galago,
428,Galagidae,Paragalago,Mountain_Dwarf_Galago,
429,Galagidae,Paragalago,Rondo_Dwarf_Galago,
430,Galagidae,Paragalago,Tanzania_Coast_Dwarf_Galago,
431,Lorisidae,Perodicticus,Milne_Edwards_s_Potto,1.19
432,Lorisidae,Perodicticus,East_African_Potto,0.861
433,Lorisidae,Perodicticus,West_African_Potto,0.83
434,Cheirogaleidae,Phaner,Montagne_D__Ambre_Fork_marked_Lemur,0.39
435,Cheirogaleidae,Phaner,Montagne_D__Ambre_Fork_marked_Lemur,0.387
436,Cheirogaleidae,Phaner,Masoala_Fork_marked_Lemur,0.34
437,Cheirogaleidae,Phaner,Masoala_Fork_marked_Lemur,0.4
438,Cheirogaleidae,Phaner,Pale_Fork_marked_Lemur,0.34
439,Cheirogaleidae,Phaner,Sambirano_Fork_marked_Lemur,0.36
440,Cercopithecidae,Piliocolobus,Upper_Guinea_Red_Colobus,8.25
441,Cercopithecidae,Piliocolobus,Bouvier_s_Red_Colobus,
442,Cercopithecidae,Piliocolobus,Niger_Delta_Red_Colobus,
443,Cercopithecidae,Piliocolobus,Foa_s_Red_Colobus,9.5
444,Cercopithecidae,Piliocolobus,Udzungwa_Red_Colobus,7.05
445,Cercopithecidae,Piliocolobus,Zanzibar_Red_Colobus,6.9
446,Cercopithecidae,Piliocolobus,Lang_s_Red_Colobus,6.59
447,Cercopithecidae,Piliocolobus,,
448,Cercopithecidae,Piliocolobus,Oustalet_s_Red_Colobus,10.35
449,Cercopithecidae,Piliocolobus,Lomami_Red_Colobus,8.3
450,Cercopithecidae,Piliocolobus,Pennant_s_Red_Colobus,7.4
451,Cercopithecidae,Piliocolobus,Preuss_s_Red_Colobus,8.3
452,Cercopithecidae,Piliocolobus,Tana_River_Red_Colobus,9.0
453,Cercopithecidae,Piliocolobus,Semliki_Red_Colobus,
454,Cercopithecidae,Piliocolobus,Temminick_s_Red_Colobus,5.85
455,Cercopithecidae,Piliocolobus,Temminick_s_Red_Colobus,6.5
456,Cercopithecidae,Piliocolobus,Ashy_Red_Colobus,8.75
457,Cercopithecidae,Piliocolobus,Tshuapa_Red_Colobus,
458,Cercopithecidae,Piliocolobus,Miss_Waldron_s_Red_Colobus,5.9
459,Pitheciidae,Pithecia,Equatorial_Saki,2.25
460,Pitheciidae,Pithecia,Buffy_Saki,3.0
461,Pitheciidae,Pithecia,Cazuza_s_Saki,
462,Pitheciidae,Pithecia,Golden_faced_Saki,1.9
463,Pitheciidae,Pithecia,Hairy_Saki,
464,Pitheciidae,Pithecia,Burnished_Saki,
465,Pitheciidae,Pithecia,Gray_s_Bald_faced_Saki,2.16
466,Pitheciidae,Pithecia,Isabel_s_Saki,
467,Pitheciidae,Pithecia,Miller_s_Saki,
468,Pitheciidae,Pithecia,Mittermeier_s_Tapajós_Saki,
469,Pitheciidae,Pithecia,Monk_Saki,2.36
470,Pitheciidae,Pithecia,Napo_Saki,
471,Pitheciidae,Pithecia,Pissinatti_s_Bald_faced_Saki,
472,Pitheciidae,Pithecia,White_faced_saki,1.76
473,Pitheciidae,Pithecia,Rylands__Bald_faced_Saki,
474,Pitheciidae,Pithecia,Vanzolinis_Bald_faced_Saki,
475,Pitheciidae,Plecturocebus,Madidi_Titi,0.95
476,Pitheciidae,Plecturocebus,Lake_Baptista_Titi,1.16
477,Pitheciidae,Plecturocebus,Prince_Bernhard_s_Titi,0.95
478,Pitheciidae,Plecturocebus,Brown_Titi,0.83
479,Pitheciidae,Plecturocebus,Chestnut_bellied_Titi,1.0
480,Pitheciidae,Plecturocebus,Caquetá_Titi,
481,Pitheciidae,Plecturocebus,Ashy_Titi,0.74
482,Pitheciidae,Plecturocebus,Coppery_Titi,1.07
483,Pitheciidae,Plecturocebus,Red_crowned_Titi,1.01
484,Pitheciidae,Plecturocebus,White_eared_Titi,0.95
485,Pitheciidae,Plecturocebus,Hoffmann_s_Titi,1.06
486,Pitheciidae,Plecturocebus,Milton´s_titi_monkey,1.34
487,Pitheciidae,Plecturocebus,Rio_Beni_Titi,0.8
488,Pitheciidae,Plecturocebus,Red_bellied_Titi,0.99
489,Pitheciidae,Plecturocebus,San_Martín_Titi,0.8
490,Pitheciidae,Plecturocebus,Olalla_s_Titi,0.8
491,Pitheciidae,Plecturocebus,Ornate_Titi,1.17
492,Pitheciidae,Plecturocebus,Pale_Titi,0.8
493,Pitheciidae,Plecturocebus,Stephen_Nash_s_Titi,0.67
494,Pitheciidae,Plecturocebus,Toppins_Titi,
495,Pitheciidae,Plecturocebus,Urubamba_Brown_Titi,
496,Pitheciidae,Plecturocebus,Vieira_s_Titi,0.96
497,Hominidae,Pongo,Sumatran_Orangutan,56.75
498,Hominidae,Pongo,Bornean_Orangutan,57.15
499,Hominidae,Pongo,Tapanuli_Orangutan,
500,Cercopithecidae,Presbytis,Black_and_white_Langur,6.43
501,Cercopithecidae,Presbytis,Miller_s_Langur,6.125
502,Cercopithecidae,Presbytis,Cross_marked_Langur,7.05
503,Cercopithecidae,Presbytis,Javan_Langur,6.7
504,Cercopithecidae,Presbytis,Banded_Langur,6.22
505,Cercopithecidae,Presbytis,White_fronted_Langur,5.61
506,Cercopithecidae,Presbytis,Hose_s_Langur,5.9
507,Cercopithecidae,Presbytis,Black_crested_Sumatran_Langur,6.53
508,Cercopithecidae,Presbytis,Mitered_Langur,5.8
509,Cercopithecidae,Presbytis,Natuna_Islands_Langur,7.05
510,Cercopithecidae,Presbytis,Mentawai_Langur,6.27
511,Cercopithecidae,Presbytis,Maroon_Langur,6.13
512,Cercopithecidae,Presbytis,Sabah_Grizzled_Langur,5.9
513,Cercopithecidae,Presbytis,Pale_thighed_Langur,7.65
514,Cercopithecidae,Presbytis,Siberut_Langur,6.45
515,Cercopithecidae,Presbytis,Black_Sumatran_Langur,6.42
516,Cercopithecidae,Presbytis,Thomas_s_Langur,6.73
517,Cercopithecidae,Procolobus,Olive_Colobus,4.45
518,Lemuridae,Prolemur,Greater_Bamboo_Lemur,2.24
519,Lemuridae,Prolemur,Greater_Bamboo_Lemur,1.72
520,Indriidae,Propithecus,Silky_Sifaka,6.1
521,Indriidae,Propithecus,Silky_Sifaka,5.27
522,Indriidae,Propithecus,Coquerel_s_Sifaka,3.73
523,Indriidae,Propithecus,Coquerel_s_Sifaka,3.84
524,Indriidae,Propithecus,Crowned_Sifaka,3.9
525,Indriidae,Propithecus,Decken_s_Sifaka,2.78
526,Indriidae,Propithecus,Decken_s_Sifaka,2.78
527,Indriidae,Propithecus,Diademed_Sifaka,6.13
528,Indriidae,Propithecus,Diademed_Sifaka,6.08
529,Indriidae,Propithecus,Milne_Edwards_s_Sifaka,5.74
530,Indriidae,Propithecus,Perrier_s_Sifaka,4.33
531,Indriidae,Propithecus,Perrier_s_Sifaka,4.49
532,Indriidae,Propithecus,Tattersall_s_Sifaka,3.49
533,Indriidae,Propithecus,Tattersall_s_Sifaka,3.51
534,Indriidae,Propithecus,Verreaux_s_Sifaka,2.95
535,Indriidae,Propithecus,Verreaux_s_Sifaka,2.8
536,Indriidae,Propithecus,Verreaux_s_Sifaka,2.98
537,Cercopithecidae,Pygathrix,Grey_shanked_Douc,9.98
538,Cercopithecidae,Pygathrix,Red_shanked_Douc,9.72
539,Cercopithecidae,Pygathrix,Black_shanked_Douc,9.88
540,Cercopithecidae,Rhinopithecus,Tonkin_Snub_nosed_Monkey,11.25
541,Cercopithecidae,Rhinopithecus,Yunnan_Snub_nosed_Monkey,12.48
542,Cercopithecidae,Rhinopithecus,Guizhou_Snub_nosed_Monkey,11.25
543,Cercopithecidae,Rhinopithecus,Golden_Snub_nosed_Monkey,14.75
544,Cercopithecidae,Rhinopithecus,Stryker_s_Snub_nosed_Monkey,11.25
545,Cercopithecidae,Rungwecebus,Kipunji,10.0
546,Callitrichidae,Saguinus,Pied_Tamarin,0.43
547,Callitrichidae,Saguinus,Geoffroy_s_Tamarin,0.49
548,Callitrichidae,Saguinus,Emperor_Tamarin,0.47
549,Callitrichidae,Saguinus,Mottled_face_Tamarin,0.69
550,Callitrichidae,Saguinus,Red_bellied_Tamarin,0.51
551,Callitrichidae,Saguinus,White_footed_Tamarin,0.49
552,Callitrichidae,Saguinus,Martin_s_Bare_faced_Tamarin,0.5
553,Callitrichidae,Saguinus,Midas_Tamarin,0.56
554,Callitrichidae,Saguinus,Mustached_Tamarin,0.53
555,Callitrichidae,Saguinus,Western_Black_handed_Tamarin,0.43
556,Callitrichidae,Saguinus,Western_Black_handed_Tamarin,0.41
557,Callitrichidae,Saguinus,Cotton_top_Tamarin,0.41
558,Callitrichidae,Saguinus,Eastern_Black_handed_Tamarin,
559,Cebidae,Saimiri,Black_capped_Squirrel_Monkey,0.88
560,Cebidae,Saimiri,Humboldt_s_Squirrel_Monkey,0.88
561,Cebidae,Saimiri,Collins'_Squirrel_Monkey,
562,Cebidae,Saimiri,Ecuadorian_Squirrel_Monkey,0.99
563,Cebidae,Saimiri,Central_American_Squirrel_Monkey,0.79
564,Cebidae,Saimiri,Guianan_Squirrel_Monkey,0.82
565,Cebidae,Saimiri,Golden_backed_Squirrel_Monkey,0.86
566,Cebidae,Saimiri,Black_headed_Squirrel_Monkey,0.8
567,Cebidae,Sapajus,Guianan_Brown_Capuchin,3.01
568,Cebidae,Sapajus,Hooded_Capuchin,3.25
569,Cebidae,Sapajus,Blond_Capuchin,2.55
570,Cebidae,Sapajus,Blond_Capuchin,2.15
571,Cebidae,Sapajus,Bearded_Capuchin,2.54
572,Cebidae,Sapajus,Large_headed_Capuchin,3.05
573,Cebidae,Sapajus,Black_horned_Capuchin,3.7
574,Cebidae,Sapajus,Crested_Capuchin,3.05
575,Cebidae,Sapajus,Yellow_breasted_Capuchin,2.875
576,Galagidae,Sciurocheirus,Bioko_Squirrel_Galago,0.27
577,Galagidae,Sciurocheirus,Cross_River_Squirrel_Galago,0.27
578,Galagidae,Sciurocheirus,Gabon_Squirrel_Galago,0.26
579,Galagidae,Sciurocheirus,Makandé_squirrel_galago,
580,Cercopithecidae,Semnopithecus,Chamba_Sacred_Langur,20.15
581,Cercopithecidae,Semnopithecus,Bengal_Sacred_Langur,11.44
582,Cercopithecidae,Semnopithecus,Terai_Sacred_Langur,15.3
583,Cercopithecidae,Semnopithecus,Malabar_Sacred_Langur,13.1
584,Cercopithecidae,Semnopithecus,Nilgiri_Langur,11.6
585,Cercopithecidae,Semnopithecus,Tufted_Gray_Langur,
586,Cercopithecidae,Semnopithecus,Nepal_Sacred_Langur,17.0
587,Cercopithecidae,Semnopithecus,Purple_faced_Langur,7.03
588,Cercopithecidae,Simias,Pig_tailed_Langur,7.97
589,Hylobatidae,Symphalangus,Siamang,11.3
590,Tarsiidae,Tarsius,Dian_s_Tarsier,0.11199999999999999
591,Tarsiidae,Tarsius,Makassar_Tarsier,0.12
592,Tarsiidae,Tarsius,Lariang_Tarsier,0.11
593,Tarsiidae,Tarsius,Peleng_Tarsier,0.16
594,Tarsiidae,Tarsius,Sulawesi_Mountain_Tarsier,0.051
595,Tarsiidae,Tarsius,Great_Sangihe_Tarsier,0.14300000000000002
596,Tarsiidae,Tarsius,Gursky's_Spectral_Tarsier ,
597,Tarsiidae,Tarsius,Jatna's_Tarsier,
598,Tarsiidae,Tarsius,Selayar_Tarsier,0.122
599,Tarsiidae,Tarsius,Siau_Island_Tarsier,0.1
600,Tarsiidae,Tarsius,Wallace_s_Tarsier,0.107
601,Cercopithecidae,Theropithecus,Gelada,15.35
602,Cercopithecidae,Trachypithecus,East_Javan_Langur,
603,Cercopithecidae,Trachypithecus,Tenasserim_Langur,6.4
604,Cercopithecidae,Trachypithecus,Indochinese_Gray_Langur,6.65
605,Cercopithecidae,Trachypithecus,Silvered_Langur,6.25
606,Cercopithecidae,Trachypithecus,Delacour_s_Langur,7.75
607,Cercopithecidae,Trachypithecus,Delacour_s_Langur,8.6
608,Cercopithecidae,Trachypithecus,Black_Langur,10.3
609,Cercopithecidae,Trachypithecus,Francois_s_Langur,7.52
610,Cercopithecidae,Trachypithecus,Golden_Langur,10.15
611,Cercopithecidae,Trachypithecus,Germain_s_Langur,8.83
612,Cercopithecidae,Trachypithecus,Hatinh_Langur,7.35
613,Cercopithecidae,Trachypithecus,Hatinh_Langur,7.2
614,Cercopithecidae,Trachypithecus,Laos_Langur,7.0
615,Cercopithecidae,Trachypithecus,White_headed_Langur,8.285
616,Cercopithecidae,Trachypithecus,Annamese_Langur,
617,Cercopithecidae,Trachypithecus,West_Javan_Langur,
618,Cercopithecidae,Trachypithecus,Dusky_Langur,6.99
619,Cercopithecidae,Trachypithecus,Phayre_s_Langur,7.44
620,Cercopithecidae,Trachypithecus,Capped_Langur,10.93
621,Cercopithecidae,Trachypithecus,Cat_Ba_Langur,8.05
622,Cercopithecidae,Trachypithecus,Cat_Ba_Langur,7.15
623,Cercopithecidae,Trachypithecus,Selangor_Silvery_Langur,
624,Cercopithecidae,Trachypithecus,Shortridge_s_Langur,
625,Lemuridae,Varecia,Red_Ruffed_Lemur,3.51
626,Lemuridae,Varecia,Red_Ruffed_Lemur,3.02
627,Lemuridae,Varecia,Black_and_white_Ruffed_Lemur,3.58
628,Lemuridae,Varecia,Black_and_white_Ruffed_Lemur,3.52
