,Family,Genus,CommonName,Habitat_Forest,Habitat_Savanna,Habitat_Shrubland,Habitat_Grassland,Habitat_Wetlands,Habitat_Rocky areas,Habitat_Desert
0,Cercopithecidae,Allenopithecus,Allen_s_Swamp_Monkey,1.0,0.0,0.0,0.0,1.0,0.0,0.0
1,Cheirogaleidae,Allocebus,Hairy_eared_Dwarf_Lemur,1.0,0.0,0.0,0.0,0.0,0.0,0.0
2,Cercopithecidae,Allochrocebus,L_Hoest_s_Monkey,1.0,0.0,1.0,0.0,1.0,0.0,0.0
3,Cercopithecidae,Allochrocebus,Preuss_s_Monkey,1.0,0.0,0.0,0.0,0.0,0.0,0.0
4,Cercopithecidae,Allochrocebus,Sun_tailed_Monkey,1.0,0.0,0.0,0.0,0.0,0.0,0.0
5,Atelidae,Alouatta,Ursine_Red_Howler,1.0,1.0,0.0,0.0,0.0,0.0,0.0
6,Atelidae,Alouatta,Red_handed_Howler,1.0,0.0,0.0,0.0,0.0,0.0,0.0
7,Atelidae,Alouatta,Paraguayan_Howler,1.0,1.0,0.0,0.0,0.0,0.0,0.0
8,Atelidae,Alouatta,Spix_s_Howler,1.0,0.0,0.0,0.0,0.0,0.0,0.0
9,Atelidae,Alouatta,Brown_Howler,1.0,0.0,0.0,0.0,0.0,0.0,0.0
10,Atelidae,Alouatta,Guianan_Red_Howler,1.0,1.0,0.0,0.0,0.0,0.0,0.0
11,Atelidae,Alouatta,Amazon_Black_Howler,1.0,1.0,0.0,0.0,0.0,0.0,0.0
12,Atelidae,Alouatta,Mantled_Howler,1.0,0.0,0.0,0.0,0.0,0.0,0.0
13,Atelidae,Alouatta,Central_American_Black_Howler,1.0,0.0,0.0,0.0,0.0,0.0,0.0
14,Atelidae,Alouatta,Bolivian_Red_Howler,1.0,1.0,0.0,0.0,0.0,0.0,0.0
15,Atelidae,Alouatta,Colombian_Red_Howler,1.0,1.0,0.0,0.0,0.0,0.0,0.0
16,Atelidae,Alouatta,Maranhão_Red_handed_Howler,1.0,0.0,0.0,0.0,0.0,0.0,0.0
17,Aotidae,Aotus,Azara_s_Night_Monkey,1.0,1.0,0.0,0.0,0.0,0.0,0.0
18,Aotidae,Aotus,Brumback_s_Night_Monkey,1.0,1.0,0.0,0.0,0.0,0.0,0.0
19,Aotidae,Aotus,Gray_legged_Night_Monkey,1.0,0.0,0.0,0.0,0.0,0.0,0.0
20,Aotidae,Aotus,Hernández_Camacho_s_Night_Monkey,1.0,0.0,0.0,0.0,0.0,0.0,0.0
21,Aotidae,Aotus,Lemurine_Night_Monkey,1.0,0.0,0.0,0.0,0.0,0.0,0.0
22,Aotidae,Aotus,Andean_Night_Monkey,1.0,0.0,0.0,0.0,0.0,0.0,0.0
23,Aotidae,Aotus,Ma_s_Night_Monkey,1.0,0.0,0.0,0.0,0.0,0.0,0.0
24,Aotidae,Aotus,Black_headed_Night_Monkey,1.0,0.0,0.0,0.0,0.0,0.0,0.0
25,Aotidae,Aotus,Humboldt_s_Night_Monkey,1.0,0.0,0.0,0.0,0.0,0.0,0.0
26,Aotidae,Aotus,Spix_s_Night_Monkey,1.0,0.0,0.0,0.0,0.0,0.0,0.0
27,Aotidae,Aotus,Panamanian_Night_Monkey,1.0,0.0,0.0,0.0,0.0,0.0,0.0
28,Lorisidae,Arctocebus,Golden_Angwantibo,1.0,0.0,0.0,0.0,0.0,0.0,0.0
29,Lorisidae,Arctocebus,Calabar_Angwantibo,1.0,0.0,0.0,0.0,0.0,0.0,0.0
30,Atelidae,Ateles,White_bellied_Spider_Monkey,1.0,0.0,0.0,0.0,0.0,0.0,0.0
31,Atelidae,Ateles,Black_Spider_Monkey,1.0,0.0,0.0,0.0,0.0,0.0,0.0
32,Atelidae,Ateles,Brown_headed_Spider_Monkey,1.0,0.0,0.0,0.0,0.0,0.0,0.0
33,Atelidae,Ateles,Central_American_Spider_Monkey,1.0,0.0,0.0,0.0,0.0,0.0,0.0
34,Atelidae,Ateles,Variegated_Spider_Monkey,1.0,0.0,0.0,0.0,0.0,0.0,0.0
35,Atelidae,Ateles,White_whiskered_Spider_Monkey,1.0,0.0,0.0,0.0,0.0,0.0,0.0
36,Atelidae,Ateles,Red_faced_Black_Spider_Monkey,1.0,0.0,0.0,0.0,0.0,0.0,0.0
37,Indriidae,Avahi,Betsileo_Woolly_Lemur,1.0,0.0,0.0,0.0,0.0,0.0,0.0
38,Indriidae,Avahi,Bemaraha_Woolly_Lemur,1.0,0.0,0.0,0.0,0.0,0.0,0.0
39,Indriidae,Avahi,Eastern_Woolly_Lemur,1.0,0.0,0.0,0.0,0.0,0.0,0.0
40,Indriidae,Avahi,Southern_Woolly_Lemur,1.0,0.0,0.0,0.0,0.0,0.0,0.0
41,Indriidae,Avahi,Masoala_Woolly_Lemur,1.0,0.0,0.0,0.0,0.0,0.0,0.0
42,Indriidae,Avahi,Western_Woolly_Lemur,1.0,0.0,0.0,0.0,0.0,0.0,0.0
43,Indriidae,Avahi,Peyrieras_s_Woolly_Lemur,1.0,0.0,0.0,0.0,0.0,0.0,0.0
44,Indriidae,Avahi,Manombo_Woolly_Lemur,1.0,0.0,0.0,0.0,0.0,0.0,0.0
45,Indriidae,Avahi,Sambirano_Woolly_Lemur,1.0,0.0,0.0,0.0,0.0,0.0,0.0
46,Atelidae,Brachyteles,Southern_Muriqui,1.0,0.0,0.0,0.0,0.0,0.0,0.0
47,Atelidae,Brachyteles,Northern_Muriqui,1.0,0.0,0.0,0.0,0.0,0.0,0.0
48,Pitheciidae,Cacajao,Ayres_Black_Uakari,,,,,,,
49,Pitheciidae,Cacajao,Bald_Uacari,1.0,0.0,0.0,0.0,0.0,0.0,0.0
50,Pitheciidae,Cacajao,Black_headed_Uacari,,,,,,,
51,Pitheciidae,Cacajao,Black_headed_Uacari,1.0,0.0,0.0,0.0,0.0,0.0,0.0
52,Pitheciidae,Cacajao,Spix_s_Black_headed_Uacari,1.0,0.0,1.0,0.0,0.0,0.0,0.0
53,Callitrichidae,Callibella,Black_crowned_Dwarf_Marmoset,1.0,0.0,0.0,0.0,0.0,0.0,0.0
54,Pitheciidae,Callicebus,Blond_Titi,0.0,1.0,1.0,0.0,0.0,0.0,0.0
55,Pitheciidae,Callicebus,Coimbra_Filho_s_Titi,1.0,1.0,0.0,0.0,0.0,0.0,0.0
56,Pitheciidae,Callicebus,Southern_Bahian_Titi,1.0,0.0,0.0,0.0,0.0,0.0,0.0
57,Pitheciidae,Callicebus,Black_fronted_Titi,1.0,0.0,0.0,0.0,0.0,0.0,0.0
58,Pitheciidae,Callicebus,Masked_Titi,1.0,0.0,0.0,0.0,0.0,0.0,0.0
59,Callitrichidae,Callimico,Goeldi_s_Monkey*,1.0,0.0,0.0,0.0,0.0,0.0,0.0
60,Callitrichidae,Callithrix,Buffy_tufted_ear_Marmoset,1.0,0.0,0.0,0.0,0.0,0.0,0.0
61,Callitrichidae,Callithrix,Buffy_headed_Marmoset,1.0,0.0,0.0,0.0,0.0,0.0,0.0
62,Callitrichidae,Callithrix,Geoffroy_s_Tufted_ear_Marmoset,1.0,1.0,0.0,0.0,0.0,0.0,0.0
63,Callitrichidae,Callithrix,Common_Marmoset,1.0,1.0,0.0,0.0,0.0,0.0,0.0
64,Callitrichidae,Callithrix,Wied_s_Black_tufted_ear_Marmoset,1.0,0.0,0.0,0.0,0.0,0.0,0.0
65,Callitrichidae,Callithrix,Black_tufted_ear_Marmoset,1.0,1.0,0.0,0.0,0.0,0.0,0.0
66,Tarsiidae,Carlito,Philippine_Tarsier,1.0,0.0,0.0,0.0,0.0,0.0,0.0
67,Callitrichidae,Cebuella,Eastern_Pygmy_Marmoset,,,,,,,
68,Callitrichidae,Cebuella,Pygmy_Marmoset,1.0,0.0,0.0,0.0,0.0,0.0,0.0
69,Cebidae,Cebus,Ecuadorian_White_fronted_Capuchin,1.0,0.0,1.0,0.0,0.0,0.0,0.0
70,Cebidae,Cebus,Humboldt_s_White_fronted_Capuchin,1.0,0.0,0.0,0.0,1.0,0.0,0.0
71,Cebidae,Cebus,Venezuelan_Brown_Capuchin,1.0,0.0,0.0,0.0,0.0,0.0,0.0
72,Cebidae,Cebus,Colombian_White_faced_Capuchin,1.0,0.0,0.0,0.0,1.0,0.0,0.0
73,Cebidae,Cebus,Río_Cesar_White_fronted_Capuchin,1.0,0.0,0.0,0.0,1.0,0.0,0.0
74,Cebidae,Cebus,Shock_headed_Capuchin,1.0,0.0,0.0,0.0,1.0,0.0,0.0
75,Cebidae,Cebus,Panamanian_White_faced_Capuchin,1.0,0.0,0.0,0.0,0.0,0.0,0.0
76,Cebidae,Cebus,Ka_apor_Capuchin,1.0,0.0,0.0,0.0,0.0,0.0,0.0
77,Cebidae,Cebus,Sierra_de_Perijá_White_fronted_Capuchin,1.0,0.0,0.0,0.0,0.0,0.0,0.0
78,Cebidae,Cebus,Santa_Marta_White_fronted_Capuchin,1.0,0.0,0.0,0.0,0.0,0.0,0.0
79,Cebidae,Cebus,Guianan_Weeper_Capuchin,1.0,0.0,0.0,0.0,0.0,0.0,0.0
80,Cebidae,Cebus,Spix_s_White_fronted_Capuchin,1.0,0.0,0.0,0.0,1.0,0.0,0.0
81,Cebidae,Cebus,Varied_White_fronted_Capuchin,1.0,0.0,0.0,0.0,1.0,0.0,0.0
82,Cebidae,Cebus,Marañón_White_fronted_Capuchin,1.0,0.0,0.0,0.0,0.0,0.0,0.0
83,Tarsiidae,Cephalopachus,Western_Tarsier,1.0,0.0,0.0,0.0,0.0,0.0,0.0
84,Cercopithecidae,Cercocebus,Agile_Mangabey,1.0,0.0,0.0,0.0,0.0,0.0,0.0
85,Cercopithecidae,Cercocebus,Sooty_Mangabey,1.0,1.0,0.0,0.0,0.0,0.0,0.0
86,Cercopithecidae,Cercocebus,Golden_bellied_Mangabey,1.0,0.0,0.0,0.0,0.0,0.0,0.0
87,Cercopithecidae,Cercocebus,Tana_River_Mangabey,1.0,0.0,0.0,0.0,0.0,0.0,0.0
88,Cercopithecidae,Cercocebus,White_naped_Mangabey,1.0,0.0,0.0,0.0,0.0,0.0,0.0
89,Cercopithecidae,Cercocebus,Sanje_River_Mangabey,1.0,0.0,0.0,0.0,0.0,0.0,0.0
90,Cercopithecidae,Cercocebus,Red_capped_Mangabey,1.0,0.0,0.0,0.0,0.0,0.0,0.0
91,Cercopithecidae,Cercopithecus,Syke_s_Monkey,1.0,0.0,0.0,0.0,0.0,0.0,0.0
92,Cercopithecidae,Cercopithecus,Red_tailed_Monkey,1.0,0.0,0.0,0.0,0.0,0.0,0.0
93,Cercopithecidae,Cercopithecus,Campbell_s_Monkey,1.0,1.0,0.0,0.0,0.0,0.0,0.0
94,Cercopithecidae,Cercopithecus,Moustached_Monkey,1.0,0.0,0.0,0.0,0.0,0.0,0.0
95,Cercopithecidae,Cercopithecus,Dent_s_Monkey,1.0,0.0,0.0,0.0,0.0,0.0,0.0
96,Cercopithecidae,Cercopithecus,Diana_Monkey,1.0,0.0,0.0,0.0,0.0,0.0,0.0
97,Cercopithecidae,Cercopithecus,Silver_Monkey,1.0,0.0,0.0,0.0,0.0,0.0,0.0
98,Cercopithecidae,Cercopithecus,Dryas_Monkey,1.0,0.0,0.0,0.0,0.0,0.0,0.0
99,Cercopithecidae,Cercopithecus,Red_bellied_Monkey,1.0,0.0,0.0,0.0,0.0,0.0,0.0
100,Cercopithecidae,Cercopithecus,Red_eared_Monkey,1.0,0.0,0.0,0.0,0.0,0.0,0.0
101,Cercopithecidae,Cercopithecus,Owl_faced_Monkey,1.0,0.0,0.0,0.0,0.0,0.0,0.0
102,Cercopithecidae,Cercopithecus,Virungas_Golden_Monkey,1.0,0.0,0.0,0.0,0.0,0.0,0.0
103,Cercopithecidae,Cercopithecus,Lesula,1.0,0.0,0.0,0.0,0.0,0.0,0.0
104,Cercopithecidae,Cercopithecus,Lowe_s_Monkey,1.0,1.0,0.0,0.0,0.0,0.0,0.0
105,Cercopithecidae,Cercopithecus,Blue_Monkey,1.0,0.0,0.0,0.0,0.0,0.0,0.0
106,Cercopithecidae,Cercopithecus,Mona_Monkey,1.0,0.0,0.0,0.0,0.0,0.0,0.0
107,Cercopithecidae,Cercopithecus,De_Brazza_s_Monkey,1.0,0.0,0.0,0.0,1.0,0.0,0.0
108,Cercopithecidae,Cercopithecus,Putty_nosed_Monkey,1.0,0.0,0.0,0.0,1.0,0.0,0.0
109,Cercopithecidae,Cercopithecus,Spot_nosed_Monkey,1.0,0.0,1.0,0.0,0.0,0.0,0.0
110,Cercopithecidae,Cercopithecus,Crowned_Monkey,1.0,1.0,0.0,0.0,0.0,0.0,0.0
111,Cercopithecidae,Cercopithecus,Roloway_Monkey,1.0,0.0,0.0,0.0,0.0,0.0,0.0
112,Cercopithecidae,Cercopithecus,Sclater_s_Monkey,1.0,0.0,1.0,0.0,0.0,0.0,0.0
113,Cercopithecidae,Cercopithecus,Wolf_s_Monkey,1.0,1.0,0.0,0.0,1.0,0.0,0.0
114,Cheirogaleidae,Cheirogaleus,Montagne_d_Ambre_Dwarf_Lemur,0.0,0.0,0.0,0.0,0.0,0.0,0.0
115,Cheirogaleidae,Cheirogaleus,Crossley_s_Dwarf_Lemur,1.0,0.0,0.0,0.0,0.0,0.0,0.0
116,Cheirogaleidae,Cheirogaleus,Lavasoa_Dwarf_lemur,0.0,0.0,0.0,0.0,0.0,0.0,0.0
117,Cheirogaleidae,Cheirogaleus,Greater_Dwarf_Lemur,1.0,0.0,0.0,0.0,0.0,0.0,0.0
118,Cheirogaleidae,Cheirogaleus,Fat_tailed_Dwarf_Lemur,1.0,0.0,0.0,0.0,0.0,0.0,0.0
119,Cheirogaleidae,Cheirogaleus,Lesser_Iron_gray_Dwarf_Lemur,1.0,0.0,0.0,0.0,0.0,0.0,0.0
120,Cheirogaleidae,Cheirogaleus, Sheth's_Dwarf_Lemur,,,,,,,
121,Cheirogaleidae,Cheirogaleus,Sibree_s_Dwarf_Lemur,1.0,0.0,0.0,0.0,0.0,0.0,0.0
122,Cheirogaleidae,Cheirogaleus,Thomas_s_Dwarf_Lemur,0.0,0.0,0.0,0.0,0.0,0.0,0.0
123,Pitheciidae,Cheracebus,Yellow_handed_Titi,1.0,0.0,0.0,0.0,1.0,0.0,0.0
124,Pitheciidae,Cheracebus,White_chested_Titi,1.0,0.0,0.0,0.0,0.0,0.0,0.0
125,Pitheciidae,Cheracebus,Medem_s_Titi,1.0,0.0,0.0,0.0,0.0,0.0,0.0
126,Pitheciidae,Cheracebus,Rio_Purus_Titi,1.0,0.0,0.0,0.0,0.0,0.0,0.0
127,Pitheciidae,Cheracebus,Rio_Juruá_Collared_Titi,1.0,0.0,0.0,0.0,0.0,0.0,0.0
128,Pitheciidae,Cheracebus,White_collared_Titi,1.0,0.0,0.0,0.0,0.0,0.0,0.0
129,Pitheciidae,Chiropotes,White_nosed_Bearded_Saki,1.0,0.0,0.0,0.0,0.0,0.0,0.0
130,Pitheciidae,Chiropotes,Rio_Negro_Beared_Saki,1.0,0.0,0.0,0.0,0.0,0.0,0.0
131,Pitheciidae,Chiropotes, Brown_backed_Bearded_Saki,,,,,,,
132,Pitheciidae,Chiropotes,Guianan_Beared_Saki,1.0,1.0,0.0,0.0,0.0,0.0,0.0
133,Pitheciidae,Chiropotes,Black_Bearded_Saki,1.0,0.0,0.0,0.0,0.0,0.0,0.0
134,Pitheciidae,Chiropotes,Uta_Hick_s_Bearded_Saki,1.0,0.0,0.0,0.0,0.0,0.0,0.0
135,Cercopithecidae,Chlorocebus,Grivet_Monkey,0.0,1.0,1.0,0.0,0.0,0.0,0.0
136,Cercopithecidae,Chlorocebus,Malbrouck_Monkey,1.0,1.0,0.0,0.0,0.0,0.0,0.0
137,Cercopithecidae,Chlorocebus,Bale_Monkey,1.0,0.0,0.0,0.0,0.0,0.0,0.0
138,Cercopithecidae,Chlorocebus,Vervet_Monkey,1.0,1.0,1.0,0.0,0.0,0.0,0.0
139,Cercopithecidae,Chlorocebus,Green_Monkey,1.0,1.0,0.0,0.0,0.0,0.0,0.0
140,Cercopithecidae,Chlorocebus,Tantalus_Monkey,1.0,1.0,0.0,0.0,0.0,0.0,0.0
141,Cercopithecidae,Colobus,Angolan_Colobus,1.0,0.0,0.0,0.0,0.0,0.0,0.0
142,Cercopithecidae,Colobus,Guereza,1.0,0.0,0.0,0.0,0.0,0.0,0.0
143,Cercopithecidae,Colobus,King_Colobus,1.0,0.0,0.0,0.0,0.0,0.0,0.0
144,Cercopithecidae,Colobus,Black_Colobus,1.0,0.0,0.0,0.0,0.0,0.0,0.0
145,Cercopithecidae,Colobus,White_thighed_Colobus,1.0,1.0,0.0,0.0,0.0,0.0,0.0
146,Daubentoniidae,Daubentonia,Aye_aye,1.0,0.0,1.0,0.0,0.0,0.0,0.0
147,Cercopithecidae,Erythrocebus,Patas_Monkey,1.0,1.0,1.0,1.0,0.0,0.0,0.0
148,Cercopithecidae,Erythrocebus,Heuglin's_Patas_Monkey,,,,,,,
149,Lemuridae,Eulemur,White_fronted_Brown_Lemur,1.0,0.0,0.0,0.0,0.0,0.0,0.0
150,Lemuridae,Eulemur,White_collared_Brown_Lemur,1.0,0.0,0.0,0.0,0.0,0.0,0.0
151,Lemuridae,Eulemur,Red_collared_Brown_Lemur,1.0,0.0,0.0,0.0,0.0,0.0,0.0
152,Lemuridae,Eulemur,Crowned_Lemur,1.0,0.0,0.0,0.0,0.0,0.0,0.0
153,Lemuridae,Eulemur,Blue_eyed_Black_Lemur,1.0,0.0,0.0,0.0,0.0,0.0,0.0
154,Lemuridae,Eulemur,Brown_Lemur,1.0,0.0,0.0,0.0,0.0,0.0,0.0
155,Lemuridae,Eulemur,Black_Lemur,1.0,0.0,0.0,0.0,0.0,0.0,0.0
156,Lemuridae,Eulemur,Mongoose_Lemur,1.0,0.0,0.0,0.0,0.0,0.0,0.0
157,Lemuridae,Eulemur,Red_bellied_Lemur,1.0,0.0,0.0,0.0,0.0,0.0,0.0
158,Lemuridae,Eulemur,Red_fronted_Brown_Lemur,1.0,0.0,0.0,0.0,0.0,0.0,0.0
159,Lemuridae,Eulemur,Rufous_Brown_Lemur,1.0,0.0,0.0,0.0,0.0,0.0,0.0
160,Lemuridae,Eulemur,Sanford_s_Brown_Lemur,1.0,0.0,0.0,0.0,0.0,0.0,0.0
161,Galagidae,Euoticus,Southern_Needle_clawed_Galago,1.0,0.0,0.0,0.0,0.0,0.0,0.0
162,Galagidae,Euoticus,Northern_Needle_clawed_Galago,1.0,0.0,0.0,0.0,0.0,0.0,0.0
163,Galagidae,Galago,Somali_Lesser_Galago,0.0,1.0,0.0,0.0,0.0,0.0,0.0
164,Galagidae,Galago,Spectacled_Lesser_Galago,1.0,0.0,0.0,0.0,0.0,0.0,0.0
165,Galagidae,Galago,Southern_Lesser_Galago,0.0,1.0,0.0,0.0,0.0,0.0,0.0
166,Galagidae,Galago,Northern_Lesser_Galago,1.0,1.0,0.0,0.0,0.0,0.0,0.0
167,Galagidae,Galagoides,Kenya_Coast_Dwarf_Galago,1.0,0.0,0.0,0.0,0.0,0.0,0.0
168,Galagidae,Galagoides,Demidoff_s_Dwarf_Galago,1.0,0.0,0.0,0.0,0.0,0.0,0.0
169,Galagidae,Galagoides,Mozambique_Dwarf_Galago,1.0,0.0,0.0,0.0,0.0,0.0,0.0
170,Galagidae,Galagoides,Mountain_Dwarf_Galago,1.0,0.0,0.0,0.0,0.0,0.0,0.0
171,Galagidae,Galagoides,Rondo_Dwarf_Galago,1.0,0.0,0.0,0.0,0.0,0.0,0.0
172,Galagidae,Galagoides,Angolan_Dwarf_Galago,,,,,,,
173,Galagidae,Galagoides,Thomas_s_Dwarf_Galago,1.0,0.0,0.0,0.0,0.0,0.0,0.0
174,Galagidae,Galagoides,Tanzania_Coast_Dwarf_Galago,1.0,0.0,0.0,0.0,0.0,0.0,0.0
175,Hominidae,Gorilla,Eastern_Gorilla,1.0,0.0,0.0,0.0,0.0,0.0,0.0
176,Hominidae,Gorilla,Western_Gorilla,1.0,0.0,0.0,0.0,0.0,0.0,0.0
177,Lemuridae,Hapalemur,Lac_Alaotra_Bamboo_Lemur,0.0,0.0,0.0,0.0,1.0,0.0,0.0
178,Lemuridae,Hapalemur,Golden_Bamboo_Lemur,1.0,0.0,0.0,0.0,1.0,0.0,0.0
179,Lemuridae,Hapalemur,Gray_Bamboo_Lemur,1.0,0.0,0.0,0.0,0.0,0.0,0.0
180,Lemuridae,Hapalemur,Southern_Bamboo_Lemur,1.0,0.0,0.0,0.0,0.0,0.0,0.0
181,Lemuridae,Hapalemur,Northern_Bamboo_Lemur,1.0,0.0,0.0,0.0,0.0,0.0,0.0
182,Hylobatidae,Hoolock,Western_Hoolock_Gibbon,1.0,0.0,0.0,0.0,0.0,0.0,0.0
183,Hylobatidae,Hoolock,Eastern_Hoolock_Gibbon,1.0,0.0,0.0,0.0,0.0,0.0,0.0
184,Hylobatidae,Hoolock,Skywalker_Hoolock_Gibbon,,,,,,,
185,Hylobatidae,Hylobates,Abbott_s_Gray_Gibbon,1.0,0.0,0.0,0.0,0.0,0.0,0.0
186,Hylobatidae,Hylobates,Agile_Gibbon,1.0,0.0,0.0,0.0,0.0,0.0,0.0
187,Hylobatidae,Hylobates,Bornean_White_bearded_Gibbon,1.0,0.0,0.0,0.0,0.0,0.0,0.0
188,Hylobatidae,Hylobates,East_Bornean_Gray_Gibbon,1.0,0.0,0.0,0.0,0.0,0.0,0.0
189,Hylobatidae,Hylobates,Kloss_s_Gibbon,1.0,0.0,0.0,0.0,0.0,0.0,0.0
190,Hylobatidae,Hylobates,Lar_Gibbon,1.0,0.0,0.0,0.0,0.0,0.0,0.0
191,Hylobatidae,Hylobates,Moloch_Gibbon,1.0,0.0,0.0,0.0,0.0,0.0,0.0
192,Hylobatidae,Hylobates,Müller_s_Gibbon,1.0,0.0,0.0,0.0,0.0,0.0,0.0
193,Hylobatidae,Hylobates,Pileated_Gibbon,1.0,0.0,0.0,0.0,0.0,0.0,0.0
194,Indriidae,Indri,Indri,1.0,0.0,0.0,0.0,0.0,0.0,0.0
195,Atelidae,Lagothrix,Gray_Woolly_Monkey,1.0,1.0,0.0,0.0,0.0,0.0,0.0
196,Atelidae,Lagothrix,Peruvian_Yellow_tailed_Woolly_Monkey,1.0,0.0,0.0,0.0,0.0,0.0,0.0
197,Atelidae,Lagothrix,Humboldt_s_Woolly_Monkey,1.0,1.0,0.0,0.0,0.0,0.0,0.0
198,Atelidae,Lagotrix,Colombian_Woolly_Monkey,0.0,0.0,0.0,0.0,0.0,0.0,0.0
199,Atelidae,Lagothrix,Poeppig_s_Woolly_Monkey,1.0,0.0,0.0,0.0,0.0,0.0,0.0
200,Lemuridae,Lemur,Ring_tailed_Lemur,1.0,0.0,1.0,0.0,0.0,0.0,0.0
201,Callitrichidae,Leontocebus,Cruz_Limas_Saddle_back_Tamarin,0.0,0.0,0.0,0.0,0.0,0.0,0.0
202,Callitrichidae,Leontocebus,Spix_s_Saddle_back_Tamarin,1.0,0.0,0.0,0.0,1.0,0.0,0.0
203,Callitrichidae,Leontocebus,Lesson_s_Saddle_back_Tamarin,1.0,0.0,0.0,0.0,0.0,0.0,0.0
204,Callitrichidae,Leontocebus,Illiger_s_Saddle_back_Tamarin,1.0,0.0,0.0,0.0,0.0,0.0,0.0
205,Callitrichidae,Leontocebus,Red_mantled_Saddle_back_Tamarin,1.0,0.0,0.0,0.0,0.0,0.0,0.0
206,Callitrichidae,Leontocebus,Andean_Saddle_back_Tamarin,1.0,0.0,0.0,0.0,0.0,0.0,0.0
207,Callitrichidae,Leontocebus,Black_mantled_tamarin,1.0,0.0,0.0,0.0,1.0,0.0,0.0
208,Callitrichidae,Leontocebus,Geoffroy_s_Saddle_back_Tamarin,1.0,0.0,0.0,0.0,0.0,0.0,0.0
209,Callitrichidae,Leontocebus,Golden_mantled_Saddle_back_Tamarin,1.0,0.0,0.0,0.0,1.0,0.0,0.0
210,Callitrichidae,Leontocebus,Weddells_Saddle_back_Tamarin,1.0,0.0,0.0,0.0,0.0,0.0,0.0
211,Callitrichidae,Leontopithecus,Black_faced_Lion_Tamarin,1.0,0.0,0.0,0.0,0.0,0.0,0.0
212,Callitrichidae,Leontopithecus,Golden_headed_Lion_Tamarin,1.0,0.0,0.0,0.0,0.0,0.0,0.0
213,Callitrichidae,Leontopithecus,Black_Lion_Tamarin,1.0,0.0,0.0,0.0,0.0,0.0,0.0
214,Callitrichidae,Leontopithecus,Golden_Lion_Tamarin,1.0,0.0,0.0,0.0,0.0,0.0,0.0
215,Lepilemuridae,Lepilemur,Antafia_Sportive_Lemur,1.0,0.0,0.0,0.0,0.0,0.0,0.0
216,Lepilemuridae,Lepilemur,Tsiombikibo_Sportive_Lemur,1.0,0.0,0.0,0.0,0.0,0.0,0.0
217,Lepilemuridae,Lepilemur,Ankarana_Sportive_Lemur,1.0,0.0,0.0,0.0,0.0,0.0,0.0
218,Lepilemuridae,Lepilemur,Betsileo_Sportive_Lemur,1.0,0.0,0.0,0.0,0.0,0.0,0.0
219,Lepilemuridae,Lepilemur,Gray_s_Sportive_Lemur,1.0,0.0,0.0,0.0,0.0,0.0,0.0
220,Lepilemuridae,Lepilemur,Milne_Edwards_s_Sportive_Lemur,1.0,0.0,0.0,0.0,0.0,0.0,0.0
221,Lepilemuridae,Lepilemur,Andohahela_Sportive_Lemur,1.0,0.0,0.0,0.0,0.0,0.0,0.0
222,Lepilemuridae,Lepilemur,Anjiamangirana_Sportive_Lemur,1.0,0.0,0.0,0.0,0.0,0.0,0.0
223,Lepilemuridae,Lepilemur,Mananara_Nord_Sportive_Lemur,1.0,0.0,0.0,0.0,0.0,0.0,0.0
224,Lepilemuridae,Lepilemur,Zombitse_Sportive_Lemur,1.0,0.0,0.0,0.0,0.0,0.0,0.0
225,Lepilemuridae,Lepilemur,Manombo_Sportive_Lemur,1.0,0.0,0.0,0.0,0.0,0.0,0.0
226,Lepilemuridae,Lepilemur,White_footed_Sportive_Lemur,1.0,0.0,0.0,0.0,0.0,0.0,0.0
227,Lepilemuridae,Lepilemur,Small_toothed_Sportive_Lemur,1.0,0.0,0.0,0.0,0.0,0.0,0.0
228,Lepilemuridae,Lepilemur,Daraina_Sportive_Lemur,1.0,0.0,0.0,0.0,0.0,0.0,0.0
229,Lepilemuridae,Lepilemur,Mittermeier_s_Sportive_Lemur,1.0,0.0,0.0,0.0,0.0,0.0,0.0
230,Lepilemuridae,Lepilemur,Weasel_Sportive_Lemur,1.0,0.0,0.0,0.0,0.0,0.0,0.0
231,Lepilemuridae,Lepilemur,Ambodimahabibo_Sportive_Lemur,1.0,0.0,0.0,0.0,0.0,0.0,0.0
232,Lepilemuridae,Lepilemur,Petter_s_Sportive_Lemur,1.0,0.0,0.0,0.0,0.0,0.0,0.0
233,Lepilemuridae,Lepilemur,Bemaraha_Sportive_Lemur,1.0,0.0,0.0,0.0,0.0,0.0,0.0
234,Lepilemuridae,Lepilemur,Red_tailed_Sportive_Lemur,1.0,0.0,0.0,0.0,0.0,0.0,0.0
235,Lepilemuridae,Lepilemur,Sahamalaza_Sportive_Lemur,1.0,0.0,0.0,0.0,0.0,0.0,0.0
236,Lepilemuridae,Lepilemur,Masoala_Sportive_Lemur,1.0,0.0,0.0,0.0,0.0,0.0,0.0
237,Lepilemuridae,Lepilemur,Seal_s_Sportive_Lemur,1.0,0.0,0.0,0.0,0.0,0.0,0.0
238,Lepilemuridae,Lepilemur,Sahafary_Sportive_Lemur,1.0,0.0,0.0,0.0,0.0,0.0,0.0
239,Lepilemuridae,Lepilemur,Nosy_Be_Sportive_Lemur,1.0,0.0,0.0,0.0,0.0,0.0,0.0
240,Lepilemuridae,Lepilemur,Wright_s_Sportive_Lemur,1.0,0.0,0.0,0.0,0.0,0.0,0.0
241,Cercopithecidae,Lophocebus,Gray_cheeked_Mangabey,1.0,0.0,0.0,0.0,0.0,0.0,0.0
242,Cercopithecidae,Lophocebus,Northern_Black_Crested_Mangabey,1.0,0.0,0.0,0.0,0.0,0.0,0.0
243,Cercopithecidae,Lophocebus,Johnston_s_Mangabey,1.0,0.0,0.0,0.0,0.0,0.0,0.0
244,Cercopithecidae,Lophocebus,Southern_Back_Crested_Mangabey,1.0,0.0,0.0,0.0,1.0,0.0,0.0
245,Cercopithecidae,Lophocebus,Rusty_mantled_Mangabey,1.0,0.0,0.0,0.0,0.0,0.0,0.0
246,Cercopithecidae,Lophocebus,Ugandan_Crested_Mangabey,1.0,0.0,0.0,0.0,0.0,0.0,0.0
247,Lorisidae,Loris,Gray_Slender_Loris,1.0,0.0,0.0,0.0,0.0,0.0,0.0
248,Lorisidae,Loris,Red_Slender_Loris,1.0,0.0,0.0,0.0,0.0,0.0,0.0
249,Cercopithecidae,Macaca,Stump_tailed_Macaque,1.0,0.0,0.0,0.0,0.0,0.0,0.0
250,Cercopithecidae,Macaca,Assamese_Macaque,1.0,0.0,0.0,0.0,0.0,0.0,0.0
251,Cercopithecidae,Macaca,Taiwanese_Macaque,1.0,0.0,0.0,0.0,0.0,0.0,0.0
252,Cercopithecidae,Macaca,Long_tailed_Macaque,1.0,0.0,0.0,0.0,1.0,0.0,0.0
253,Cercopithecidae,Macaca,Japanese_Macaque,1.0,0.0,0.0,0.0,0.0,0.0,0.0
254,Cercopithecidae,Macaca,Heck_s_Macaque,1.0,0.0,0.0,0.0,0.0,0.0,0.0
255,Cercopithecidae,Macaca,Northern_Pig_tailed_Macaque,1.0,0.0,0.0,0.0,0.0,0.0,0.0
256,Cercopithecidae,Macaca,White_cheeked_Macaque,0.0,0.0,0.0,0.0,0.0,0.0,0.0
257,Cercopithecidae,Macaca,Moor_Macaque,1.0,0.0,0.0,1.0,0.0,0.0,0.0
258,Cercopithecidae,Macaca,Rhesus_Macaque,1.0,1.0,1.0,0.0,0.0,0.0,0.0
259,Cercopithecidae,Macaca,Arunachal_Macaque,1.0,0.0,0.0,0.0,0.0,0.0,0.0
260,Cercopithecidae,Macaca,Sunda_Pig_tailed_Macaque,1.0,0.0,0.0,0.0,0.0,0.0,0.0
261,Cercopithecidae,Macaca,Crested_Macaque,1.0,0.0,0.0,0.0,0.0,0.0,0.0
262,Cercopithecidae,Macaca,Gorontalo_Macaque,1.0,0.0,0.0,0.0,0.0,0.0,0.0
263,Cercopithecidae,Macaca,Booted_Macaque,1.0,0.0,0.0,0.0,0.0,0.0,0.0
264,Cercopithecidae,Macaca,Pagai_Macaque,1.0,0.0,0.0,0.0,0.0,0.0,0.0
265,Cercopithecidae,Macaca,Bonnet_Macaque,1.0,1.0,1.0,0.0,0.0,0.0,0.0
266,Cercopithecidae,Macaca,Siberut_Macaque,1.0,0.0,0.0,0.0,0.0,0.0,0.0
267,Cercopithecidae,Macaca,Lion_tailed_Macaque,1.0,0.0,0.0,0.0,0.0,0.0,0.0
268,Cercopithecidae,Macaca,Toque_Macaque,1.0,0.0,0.0,0.0,0.0,0.0,0.0
269,Cercopithecidae,Macaca,Barbary_Macaque,1.0,0.0,1.0,0.0,0.0,1.0,0.0
270,Cercopithecidae,Macaca,Tibetan_Macaque,1.0,0.0,0.0,0.0,0.0,0.0,0.0
271,Cercopithecidae,Macaca,Tonkean_Macaque,1.0,0.0,0.0,0.0,0.0,0.0,0.0
272,Cercopithecidae,Mandrillus,Drill,1.0,1.0,0.0,0.0,0.0,1.0,0.0
273,Cercopithecidae,Mandrillus,Mandrill,1.0,0.0,0.0,0.0,0.0,0.0,0.0
274,Callitrichidae,Mico,Rio_Acarí_Marmoset,1.0,0.0,0.0,0.0,0.0,0.0,0.0
275,Callitrichidae,Mico,Silvery_Marmoset,1.0,1.0,0.0,0.0,0.0,0.0,0.0
276,Callitrichidae,Mico,Golden_white_Tassel_ear_Marmoset,1.0,0.0,0.0,0.0,0.0,0.0,0.0
277,Callitrichidae,Mico,Snethlage_s_Marmoset,1.0,1.0,0.0,0.0,0.0,0.0,0.0
278,Callitrichidae,Mico,Santarém_Marmoset,1.0,0.0,0.0,0.0,0.0,0.0,0.0
279,Callitrichidae,Mico,Black_crowned_Dwarf_Marmoset,,,,,,,
280,Callitrichidae,Mico,Rio_Aripuanã_Marmoset,1.0,0.0,0.0,0.0,0.0,0.0,0.0
281,Callitrichidae,Mico,Golden_white_Bare_ear_Marmoset,1.0,0.0,0.0,0.0,0.0,0.0,0.0
282,Callitrichidae,Mico,Marca_s_Marmoset,1.0,0.0,0.0,0.0,0.0,0.0,0.0
283,Callitrichidae,Mico,Maués_Marmoset,1.0,0.0,0.0,0.0,0.0,0.0,0.0
284,Callitrichidae,Mico,Black_tailed_Marmoset,1.0,1.0,0.0,0.0,0.0,0.0,0.0
285,Callitrichidae,Mico,Black_headed_Marmoset,1.0,0.0,0.0,0.0,0.0,0.0,0.0
286,Callitrichidae,Mico,Rondon_s_Marmoset,1.0,0.0,0.0,0.0,0.0,0.0,0.0
287,Callitrichidae,Mico,Sateré_Marmoset,1.0,0.0,0.0,0.0,0.0,0.0,0.0
288,Cheirogaleidae,Microcebus,Montagne_d_Ambre_Mouse_Lemur,1.0,0.0,0.0,0.0,0.0,0.0,0.0
289,Cheirogaleidae,Microcebus,Madame_Berthe_s_Mouse_Lemur,1.0,0.0,0.0,0.0,0.0,0.0,0.0
290,Cheirogaleidae,Microcebus,Bongolava_Mouse_Lemur,1.0,0.0,0.0,0.0,0.0,0.0,0.0
291,Cheirogaleidae,Microcebus, Nosy_Boraha_Mouse_Lemur,,,,,,,
292,Cheirogaleidae,Microcebus,Ambarijeby_Mouse_Lemur,1.0,0.0,0.0,0.0,0.0,0.0,0.0
293,Cheirogaleidae,Microcebus,Ganzhorn's_Mouse_Lemur,,,,,,,
294,Cheirogaleidae,Microcebus,Gerp_s_Mouse_Lemur,1.0,0.0,0.0,0.0,0.0,0.0,0.0
295,Cheirogaleidae,Microcebus,Gray_brown_Mouse_Lemur,1.0,0.0,1.0,0.0,0.0,0.0,0.0
296,Cheirogaleidae,Microcebus,Jolly_s_Mouse_Lemur,1.0,0.0,0.0,0.0,0.0,0.0,0.0
297,Cheirogaleidae,Microcebus,Goodman_s_Mouse_Lemur,1.0,0.0,0.0,0.0,0.0,0.0,0.0
298,Cheirogaleidae,Microcebus,Anjiahely_Mouse_Lemur,1.0,0.0,0.0,0.0,0.0,0.0,0.0
299,Cheirogaleidae,Microcebus,Nosy_Be_Mouse_Lemur,1.0,0.0,0.0,0.0,0.0,0.0,0.0
300,Cheirogaleidae,Microcebus,Bemanasy_Mouse_Lemur,,,,,,,
301,Cheirogaleidae,Microcebus,Margot_Marsh_s_Mouse_Lemur,1.0,0.0,0.0,0.0,0.0,0.0,0.0
302,Cheirogaleidae,Microcebus,Marohita_Mouse_Lemur,1.0,0.0,0.0,0.0,0.0,0.0,0.0
303,Cheirogaleidae,Microcebus,Mittermeier_s_Mouse_Lemur,1.0,0.0,0.0,0.0,0.0,0.0,0.0
304,Cheirogaleidae,Microcebus,Gray_Mouse_Lemur,1.0,0.0,1.0,0.0,0.0,0.0,0.0
305,Cheirogaleidae,Microcebus,Peters_s_Mouse_Lemur,1.0,0.0,0.0,0.0,0.0,0.0,0.0
306,Cheirogaleidae,Microcebus,Golden_brown_Mouse_Lemur,1.0,0.0,0.0,0.0,0.0,0.0,0.0
307,Cheirogaleidae,Microcebus,Rufous_Mouse_Lemur,1.0,0.0,0.0,0.0,0.0,0.0,0.0
308,Cheirogaleidae,Microcebus,Sambirano_Mouse_Lemur,1.0,0.0,0.0,0.0,0.0,0.0,0.0
309,Cheirogaleidae,Microcebus,Simmons_s_Mouse_Lemur,1.0,0.0,0.0,0.0,0.0,0.0,0.0
310,Cheirogaleidae,Microcebus,Anosi_Mouse_lemur,0.0,0.0,0.0,0.0,0.0,0.0,0.0
311,Cheirogaleidae,Microcebus,Tavaratra_Mouse_Lemur,1.0,0.0,0.0,0.0,0.0,0.0,0.0
312,Cercopithecidae,Miopithecus,Northern_Talapoin_Monkey,1.0,0.0,0.0,0.0,0.0,0.0,0.0
313,Cercopithecidae,Miopithecus,Southern_Talapoin_Monkey,1.0,0.0,0.0,0.0,1.0,0.0,0.0
314,Cheirogaleidae,Mirza,Coquerel_s_Giant_Mouse_Lemur,1.0,0.0,0.0,0.0,0.0,0.0,0.0
315,Cheirogaleidae,Mirza,Northern_Giant_Mouse_Lemur,1.0,0.0,0.0,0.0,0.0,0.0,0.0
316,Cercopithecidae,Nasalis,Proboscis_Monkey,1.0,0.0,0.0,0.0,0.0,0.0,0.0
317,Hylobatidae,Nomascus,Northern_Yellow_cheeked_Crested_Gibbon,1.0,0.0,0.0,0.0,0.0,0.0,0.0
318,Hylobatidae,Nomascus,Western_Black_Crested_Gibbon,1.0,0.0,0.0,0.0,0.0,0.0,0.0
319,Hylobatidae,Nomascus,Southern_Yellow_cheeked_Crested_Gibbon,1.0,0.0,0.0,0.0,0.0,0.0,0.0
320,Hylobatidae,Nomascus,Hainan_Crested_Gibbon,1.0,0.0,0.0,0.0,0.0,0.0,0.0
321,Hylobatidae,Nomascus,Northern_White_cheeked_Crested_Gibbon,1.0,0.0,0.0,0.0,0.0,0.0,0.0
322,Hylobatidae,Nomascus,Eastern_Black_Crested_Gibbon,1.0,0.0,0.0,0.0,0.0,0.0,0.0
323,Hylobatidae,Nomascus,Southern_White_cheeked_Crested_Gibbon,1.0,0.0,0.0,0.0,0.0,0.0,0.0
324,Lorisidae,Nycticebus,Bangka_Slow_Loris,1.0,0.0,0.0,0.0,0.0,0.0,0.0
325,Lorisidae,Nycticebus,Bengal_Slow_Loris,1.0,0.0,0.0,0.0,0.0,0.0,0.0
326,Lorisidae,Nycticebus,Bornean_Slow_Loris,1.0,0.0,0.0,0.0,0.0,0.0,0.0
327,Lorisidae,Nycticebus,Sunda_Slow_Loris,1.0,0.0,0.0,0.0,0.0,0.0,0.0
328,Lorisidae,Nycticebus,Javan_Slow_Loris,1.0,0.0,0.0,0.0,0.0,0.0,0.0
329,Lorisidae,Nycticebus,Kayan_River_Slow_Loris,0.0,0.0,0.0,0.0,0.0,0.0,0.0
330,Lorisidae,Nycticebus,Philippine_Slow_Loris,1.0,0.0,0.0,0.0,0.0,0.0,0.0
331,Lorisidae,Nycticebus,Pygmy_Slow_Loris,1.0,0.0,0.0,0.0,0.0,0.0,0.0
332,Galagidae,Otolemur,Thick_tailed_Greater_Galago,1.0,1.0,1.0,0.0,0.0,0.0,0.0
333,Galagidae,Otolemur,Garnett_s_Greater_Galago,1.0,0.0,0.0,0.0,0.0,0.0,0.0
334,Hominidae,Pan,Bonobo,1.0,0.0,0.0,0.0,0.0,0.0,0.0
335,Hominidae,Pan,Chimpanzee,1.0,1.0,0.0,0.0,0.0,0.0,0.0
336,Cercopithecidae,Papio,Olive_Baboon,1.0,1.0,1.0,1.0,0.0,0.0,0.0
337,Cercopithecidae,Papio,Yellow_Baboon,1.0,1.0,0.0,0.0,0.0,0.0,0.0
338,Cercopithecidae,Papio,Hamadryas_Baboon,0.0,0.0,1.0,1.0,0.0,1.0,0.0
339,Cercopithecidae,Papio,Kinda_Baboon,1.0,1.0,1.0,0.0,0.0,0.0,0.0
340,Cercopithecidae,Papio,Guinea_Baboon,1.0,1.0,0.0,1.0,0.0,0.0,0.0
341,Cercopithecidae,Papio,Chacma_Baboon,1.0,1.0,1.0,1.0,0.0,1.0,1.0
342,Galagidae,Paragalago,Kenya_Coast_Dwarf_Galago,,,,,,,
343,Galagidae,Paragalago,Mozambique_Dwarf_Galago,,,,,,,
344,Galagidae,Paragalago,Mountain_Dwarf_Galago,,,,,,,
345,Galagidae,Paragalago,Rondo_Dwarf_Galago,,,,,,,
346,Galagidae,Paragalago,Tanzania_Coast_Dwarf_Galago,,,,,,,
347,Lorisidae,Perodicticus,Milne_Edwards_s_Potto,1.0,0.0,0.0,0.0,1.0,0.0,0.0
348,Lorisidae,Perodicticus,East_African_Potto,1.0,0.0,0.0,0.0,1.0,0.0,0.0
349,Lorisidae,Perodicticus,West_African_Potto,1.0,0.0,0.0,0.0,0.0,0.0,0.0
350,Cheirogaleidae,Phaner,Montagne_D__Ambre_Fork_marked_Lemur,1.0,0.0,0.0,0.0,0.0,0.0,0.0
351,Cheirogaleidae,Phaner,Masoala_Fork_marked_Lemur,1.0,0.0,0.0,0.0,0.0,0.0,0.0
352,Cheirogaleidae,Phaner,Pale_Fork_marked_Lemur,1.0,0.0,0.0,0.0,0.0,0.0,0.0
353,Cheirogaleidae,Phaner,Sambirano_Fork_marked_Lemur,1.0,0.0,0.0,0.0,0.0,0.0,0.0
354,Cercopithecidae,Piliocolobus,Upper_Guinea_Red_Colobus,1.0,0.0,0.0,0.0,0.0,0.0,0.0
355,Cercopithecidae,Piliocolobus,Bouvier_s_Red_Colobus,1.0,0.0,0.0,0.0,1.0,0.0,0.0
356,Cercopithecidae,Piliocolobus,Niger_Delta_Red_Colobus,1.0,0.0,0.0,0.0,0.0,0.0,0.0
357,Cercopithecidae,Piliocolobus,Foa_s_Red_Colobus,1.0,0.0,0.0,0.0,0.0,0.0,0.0
358,Cercopithecidae,Piliocolobus,Udzungwa_Red_Colobus,1.0,0.0,0.0,0.0,1.0,0.0,0.0
359,Cercopithecidae,Piliocolobus,Zanzibar_Red_Colobus,1.0,0.0,1.0,0.0,1.0,0.0,0.0
360,Cercopithecidae,Piliocolobus,Lang_s_Red_Colobus,1.0,0.0,0.0,0.0,0.0,0.0,0.0
361,Cercopithecidae,Piliocolobus,,,,,,,,
362,Cercopithecidae,Piliocolobus,Oustalet_s_Red_Colobus,1.0,1.0,0.0,0.0,1.0,0.0,0.0
363,Cercopithecidae,Piliocolobus,Lomami_Red_Colobus,1.0,0.0,0.0,0.0,0.0,0.0,0.0
364,Cercopithecidae,Piliocolobus,Pennant_s_Red_Colobus,1.0,0.0,0.0,0.0,0.0,0.0,0.0
365,Cercopithecidae,Piliocolobus,Preuss_s_Red_Colobus,1.0,0.0,0.0,0.0,0.0,0.0,0.0
366,Cercopithecidae,Piliocolobus,Tana_River_Red_Colobus,1.0,0.0,0.0,0.0,0.0,0.0,0.0
367,Cercopithecidae,Piliocolobus,Semliki_Red_Colobus,1.0,0.0,0.0,0.0,0.0,0.0,0.0
368,Cercopithecidae,Piliocolobus,Temminick_s_Red_Colobus,1.0,1.0,1.0,0.0,1.0,0.0,0.0
369,Cercopithecidae,Piliocolobus,Ashy_Red_Colobus,1.0,0.0,0.0,0.0,0.0,0.0,0.0
370,Cercopithecidae,Piliocolobus,Tshuapa_Red_Colobus,1.0,0.0,0.0,0.0,1.0,0.0,0.0
371,Cercopithecidae,Piliocolobus,Miss_Waldron_s_Red_Colobus,1.0,0.0,0.0,0.0,0.0,0.0,0.0
372,Pitheciidae,Pithecia,Equatorial_Saki,1.0,0.0,0.0,0.0,0.0,0.0,0.0
373,Pitheciidae,Pithecia,Buffy_Saki,1.0,0.0,0.0,0.0,0.0,0.0,0.0
374,Pitheciidae,Pithecia,Cazuza_s_Saki,0.0,0.0,0.0,0.0,0.0,0.0,0.0
375,Pitheciidae,Pithecia,Golden_faced_Saki,0.0,0.0,0.0,0.0,0.0,0.0,0.0
376,Pitheciidae,Pithecia,Hairy_Saki,0.0,0.0,0.0,0.0,0.0,0.0,0.0
377,Pitheciidae,Pithecia,Burnished_Saki,0.0,0.0,0.0,0.0,0.0,0.0,0.0
378,Pitheciidae,Pithecia,Gray_s_Bald_faced_Saki,1.0,0.0,0.0,0.0,1.0,0.0,0.0
379,Pitheciidae,Pithecia,Isabel_s_Saki,0.0,0.0,0.0,0.0,0.0,0.0,0.0
380,Pitheciidae,Pithecia,Miller_s_Saki,0.0,0.0,0.0,0.0,0.0,0.0,0.0
381,Pitheciidae,Pithecia,Mittermeier_s_Tapajós_Saki,0.0,0.0,0.0,0.0,0.0,0.0,0.0
382,Pitheciidae,Pithecia,Monk_Saki,1.0,0.0,0.0,0.0,1.0,0.0,0.0
383,Pitheciidae,Pithecia,Napo_Saki,0.0,0.0,0.0,0.0,0.0,0.0,0.0
384,Pitheciidae,Pithecia,Pissinatti_s_Bald_faced_Saki,0.0,0.0,0.0,0.0,0.0,0.0,0.0
385,Pitheciidae,Pithecia,White_faced_saki,1.0,0.0,0.0,0.0,1.0,0.0,0.0
386,Pitheciidae,Pithecia,Rylands__Bald_faced_Saki,0.0,0.0,0.0,0.0,0.0,0.0,0.0
387,Pitheciidae,Pithecia,Vanzolinis_Bald_faced_Saki,0.0,0.0,0.0,0.0,0.0,0.0,0.0
388,Pitheciidae,Plecturocebus,Madidi_Titi,1.0,0.0,0.0,0.0,0.0,0.0,0.0
389,Pitheciidae,Plecturocebus,Lake_Baptista_Titi,1.0,0.0,0.0,0.0,0.0,0.0,0.0
390,Pitheciidae,Plecturocebus,Prince_Bernhard_s_Titi,1.0,0.0,0.0,0.0,0.0,0.0,0.0
391,Pitheciidae,Plecturocebus,Brown_Titi,1.0,0.0,0.0,0.0,0.0,0.0,0.0
392,Pitheciidae,Plecturocebus,Chestnut_bellied_Titi,1.0,0.0,0.0,0.0,0.0,0.0,0.0
393,Pitheciidae,Plecturocebus,Caquetá_Titi,1.0,0.0,0.0,0.0,1.0,0.0,0.0
394,Pitheciidae,Plecturocebus,Ashy_Titi,1.0,0.0,0.0,0.0,0.0,0.0,0.0
395,Pitheciidae,Plecturocebus,Coppery_Titi,1.0,0.0,0.0,0.0,0.0,0.0,0.0
396,Pitheciidae,Plecturocebus,Red_crowned_Titi,1.0,0.0,0.0,0.0,1.0,0.0,0.0
397,Pitheciidae,Plecturocebus,White_eared_Titi,1.0,1.0,0.0,0.0,1.0,0.0,0.0
398,Pitheciidae,Plecturocebus,Hoffmann_s_Titi,1.0,0.0,0.0,0.0,1.0,0.0,0.0
399,Pitheciidae,Plecturocebus,Milton´s_titi_monkey,0.0,0.0,0.0,0.0,0.0,0.0,0.0
400,Pitheciidae,Plecturocebus,Rio_Beni_Titi,1.0,0.0,1.0,0.0,1.0,0.0,0.0
401,Pitheciidae,Plecturocebus,Red_bellied_Titi,1.0,0.0,0.0,0.0,0.0,0.0,0.0
402,Pitheciidae,Plecturocebus,San_Martín_Titi,1.0,0.0,1.0,0.0,1.0,0.0,0.0
403,Pitheciidae,Plecturocebus,Olalla_s_Titi,1.0,1.0,1.0,0.0,1.0,0.0,0.0
404,Pitheciidae,Plecturocebus,Ornate_Titi,1.0,0.0,0.0,0.0,0.0,0.0,0.0
405,Pitheciidae,Plecturocebus,Pale_Titi,1.0,0.0,1.0,0.0,1.0,0.0,0.0
406,Pitheciidae,Plecturocebus,Stephen_Nash_s_Titi,1.0,0.0,0.0,0.0,0.0,0.0,0.0
407,Pitheciidae,Plecturocebus,Toppins_Titi,0.0,0.0,0.0,0.0,0.0,0.0,0.0
408,Pitheciidae,Plecturocebus,Urubamba_Brown_Titi,0.0,0.0,0.0,0.0,0.0,0.0,0.0
409,Pitheciidae,Plecturocebus,Vieira_s_Titi,1.0,0.0,0.0,0.0,1.0,0.0,0.0
410,Hominidae,Pongo,Sumatran_Orangutan,1.0,0.0,0.0,0.0,0.0,0.0,0.0
411,Hominidae,Pongo,Bornean_Orangutan,1.0,0.0,0.0,0.0,0.0,0.0,0.0
412,Hominidae,Pongo,Tapanuli_Orangutan,,,,,,,
413,Cercopithecidae,Presbytis,Black_and_white_Langur,1.0,0.0,0.0,0.0,0.0,0.0,0.0
414,Cercopithecidae,Presbytis,Miller_s_Langur,1.0,0.0,0.0,0.0,0.0,0.0,0.0
415,Cercopithecidae,Presbytis,Cross_marked_Langur,1.0,0.0,0.0,0.0,0.0,0.0,0.0
416,Cercopithecidae,Presbytis,Javan_Langur,1.0,0.0,0.0,0.0,0.0,0.0,0.0
417,Cercopithecidae,Presbytis,Banded_Langur,1.0,0.0,0.0,1.0,1.0,0.0,0.0
418,Cercopithecidae,Presbytis,White_fronted_Langur,1.0,0.0,0.0,0.0,0.0,0.0,0.0
419,Cercopithecidae,Presbytis,Hose_s_Langur,1.0,0.0,0.0,0.0,0.0,0.0,0.0
420,Cercopithecidae,Presbytis,Black_crested_Sumatran_Langur,1.0,0.0,1.0,0.0,0.0,0.0,0.0
421,Cercopithecidae,Presbytis,Mitered_Langur,1.0,0.0,1.0,0.0,0.0,0.0,0.0
422,Cercopithecidae,Presbytis,Natuna_Islands_Langur,1.0,0.0,0.0,0.0,0.0,0.0,0.0
423,Cercopithecidae,Presbytis,Mentawai_Langur,1.0,0.0,0.0,0.0,0.0,0.0,0.0
424,Cercopithecidae,Presbytis,Maroon_Langur,1.0,0.0,0.0,0.0,0.0,0.0,0.0
425,Cercopithecidae,Presbytis,Sabah_Grizzled_Langur,1.0,0.0,0.0,0.0,0.0,0.0,0.0
426,Cercopithecidae,Presbytis,Pale_thighed_Langur,1.0,0.0,0.0,0.0,0.0,0.0,0.0
427,Cercopithecidae,Presbytis,Siberut_Langur,1.0,0.0,0.0,0.0,1.0,0.0,0.0
428,Cercopithecidae,Presbytis,Black_Sumatran_Langur,1.0,0.0,0.0,0.0,0.0,0.0,0.0
429,Cercopithecidae,Presbytis,Thomas_s_Langur,1.0,0.0,0.0,0.0,0.0,0.0,0.0
430,Cercopithecidae,Procolobus,Olive_Colobus,1.0,0.0,0.0,0.0,0.0,0.0,0.0
431,Lemuridae,Prolemur,Greater_Bamboo_Lemur,1.0,0.0,0.0,0.0,0.0,0.0,0.0
432,Indriidae,Propithecus,Silky_Sifaka,1.0,0.0,0.0,0.0,0.0,0.0,0.0
433,Indriidae,Propithecus,Coquerel_s_Sifaka,1.0,0.0,0.0,0.0,0.0,0.0,0.0
434,Indriidae,Propithecus,Crowned_Sifaka,1.0,0.0,0.0,0.0,0.0,0.0,0.0
435,Indriidae,Propithecus,Decken_s_Sifaka,1.0,0.0,0.0,0.0,0.0,0.0,0.0
436,Indriidae,Propithecus,Diademed_Sifaka,1.0,0.0,0.0,0.0,0.0,0.0,0.0
437,Indriidae,Propithecus,Milne_Edwards_s_Sifaka,1.0,0.0,0.0,0.0,0.0,0.0,0.0
438,Indriidae,Propithecus,Perrier_s_Sifaka,1.0,0.0,0.0,0.0,0.0,0.0,0.0
439,Indriidae,Propithecus,Tattersall_s_Sifaka,1.0,0.0,0.0,0.0,0.0,0.0,0.0
440,Indriidae,Propithecus,Verreaux_s_Sifaka,1.0,0.0,1.0,0.0,0.0,0.0,0.0
441,Cercopithecidae,Pygathrix,Grey_shanked_Douc,1.0,0.0,0.0,0.0,0.0,0.0,0.0
442,Cercopithecidae,Pygathrix,Red_shanked_Douc,1.0,0.0,0.0,0.0,0.0,0.0,0.0
443,Cercopithecidae,Pygathrix,Black_shanked_Douc,1.0,0.0,0.0,0.0,0.0,0.0,0.0
444,Cercopithecidae,Rhinopithecus,Tonkin_Snub_nosed_Monkey,1.0,0.0,0.0,0.0,0.0,0.0,0.0
445,Cercopithecidae,Rhinopithecus,Yunnan_Snub_nosed_Monkey,1.0,0.0,0.0,0.0,0.0,0.0,0.0
446,Cercopithecidae,Rhinopithecus,Guizhou_Snub_nosed_Monkey,1.0,0.0,0.0,0.0,0.0,0.0,0.0
447,Cercopithecidae,Rhinopithecus,Golden_Snub_nosed_Monkey,1.0,0.0,0.0,0.0,0.0,0.0,0.0
448,Cercopithecidae,Rhinopithecus,Stryker_s_Snub_nosed_Monkey,1.0,0.0,0.0,0.0,0.0,0.0,0.0
449,Cercopithecidae,Rungwecebus,Kipunji,1.0,0.0,0.0,0.0,0.0,0.0,0.0
450,Callitrichidae,Saguinus,Pied_Tamarin,1.0,0.0,0.0,0.0,0.0,0.0,0.0
451,Callitrichidae,Saguinus,Geoffroy_s_Tamarin,1.0,0.0,0.0,0.0,0.0,0.0,0.0
452,Callitrichidae,Saguinus,Emperor_Tamarin,1.0,0.0,0.0,0.0,0.0,0.0,0.0
453,Callitrichidae,Saguinus,Mottled_face_Tamarin,1.0,0.0,0.0,0.0,0.0,0.0,0.0
454,Callitrichidae,Saguinus,Red_bellied_Tamarin,1.0,0.0,0.0,0.0,0.0,0.0,0.0
455,Callitrichidae,Saguinus,White_footed_Tamarin,1.0,0.0,0.0,0.0,0.0,0.0,0.0
456,Callitrichidae,Saguinus,Martin_s_Bare_faced_Tamarin,1.0,0.0,0.0,0.0,0.0,0.0,0.0
457,Callitrichidae,Saguinus,Midas_Tamarin,1.0,1.0,0.0,0.0,0.0,0.0,0.0
458,Callitrichidae,Saguinus,Mustached_Tamarin,1.0,0.0,0.0,0.0,0.0,0.0,0.0
459,Callitrichidae,Saguinus,Western_Black_handed_Tamarin,1.0,0.0,0.0,0.0,0.0,0.0,0.0
460,Callitrichidae,Saguinus,Cotton_top_Tamarin,1.0,0.0,0.0,0.0,0.0,0.0,0.0
461,Callitrichidae,Saguinus,Eastern_Black_handed_Tamarin,0.0,0.0,0.0,0.0,0.0,0.0,0.0
462,Cebidae,Saimiri,Black_capped_Squirrel_Monkey,1.0,0.0,0.0,0.0,0.0,0.0,0.0
463,Cebidae,Saimiri,Humboldt_s_Squirrel_Monkey,1.0,1.0,1.0,0.0,1.0,0.0,0.0
464,Cebidae,Saimiri,Collins'_Squirrel_Monkey,,,,,,,
465,Cebidae,Saimiri,Ecuadorian_Squirrel_Monkey,1.0,0.0,0.0,0.0,0.0,0.0,0.0
466,Cebidae,Saimiri,Central_American_Squirrel_Monkey,1.0,0.0,0.0,0.0,0.0,0.0,0.0
467,Cebidae,Saimiri,Guianan_Squirrel_Monkey,1.0,0.0,0.0,0.0,0.0,0.0,0.0
468,Cebidae,Saimiri,Golden_backed_Squirrel_Monkey,1.0,0.0,0.0,0.0,0.0,0.0,0.0
469,Cebidae,Saimiri,Black_headed_Squirrel_Monkey,1.0,0.0,0.0,0.0,0.0,0.0,0.0
470,Cebidae,Sapajus,Guianan_Brown_Capuchin,1.0,1.0,0.0,0.0,0.0,0.0,0.0
471,Cebidae,Sapajus,Hooded_Capuchin,1.0,1.0,0.0,0.0,0.0,0.0,0.0
472,Cebidae,Sapajus,Blond_Capuchin,1.0,0.0,0.0,0.0,0.0,0.0,0.0
473,Cebidae,Sapajus,Bearded_Capuchin,1.0,1.0,0.0,0.0,0.0,0.0,0.0
474,Cebidae,Sapajus,Large_headed_Capuchin,1.0,0.0,0.0,0.0,0.0,0.0,0.0
475,Cebidae,Sapajus,Black_horned_Capuchin,1.0,0.0,0.0,0.0,0.0,0.0,0.0
476,Cebidae,Sapajus,Crested_Capuchin,1.0,0.0,0.0,0.0,0.0,0.0,0.0
477,Cebidae,Sapajus,Yellow_breasted_Capuchin,1.0,0.0,0.0,0.0,0.0,0.0,0.0
478,Galagidae,Sciurocheirus,Bioko_Squirrel_Galago,1.0,0.0,0.0,0.0,0.0,0.0,0.0
479,Galagidae,Sciurocheirus,Cross_River_Squirrel_Galago,1.0,0.0,0.0,0.0,0.0,0.0,0.0
480,Galagidae,Sciurocheirus,Gabon_Squirrel_Galago,1.0,0.0,0.0,0.0,0.0,0.0,0.0
481,Galagidae,Sciurocheirus,Makandé_squirrel_galago,0.0,0.0,0.0,0.0,0.0,0.0,0.0
482,Cercopithecidae,Semnopithecus,Chamba_Sacred_Langur,1.0,0.0,0.0,0.0,0.0,0.0,0.0
483,Cercopithecidae,Semnopithecus,Bengal_Sacred_Langur,1.0,1.0,1.0,0.0,0.0,0.0,0.0
484,Cercopithecidae,Semnopithecus,Terai_Sacred_Langur,1.0,0.0,0.0,0.0,0.0,0.0,0.0
485,Cercopithecidae,Semnopithecus,Malabar_Sacred_Langur,1.0,0.0,0.0,0.0,0.0,0.0,0.0
486,Cercopithecidae,Semnopithecus,Nilgiri_Langur,1.0,0.0,0.0,0.0,0.0,0.0,0.0
487,Cercopithecidae,Semnopithecus,Tufted_Gray_Langur,1.0,0.0,1.0,0.0,0.0,0.0,0.0
488,Cercopithecidae,Semnopithecus,Nepal_Sacred_Langur,1.0,0.0,1.0,0.0,0.0,1.0,0.0
489,Cercopithecidae,Semnopithecus,Purple_faced_Langur,1.0,0.0,0.0,0.0,0.0,1.0,0.0
490,Cercopithecidae,Simias,Pig_tailed_Langur,1.0,0.0,0.0,0.0,0.0,0.0,0.0
491,Hylobatidae,Symphalangus,Siamang,1.0,0.0,0.0,0.0,0.0,0.0,0.0
492,Tarsiidae,Tarsius,Dian_s_Tarsier,1.0,0.0,0.0,0.0,0.0,0.0,0.0
493,Tarsiidae,Tarsius,Makassar_Tarsier,1.0,0.0,0.0,0.0,0.0,0.0,0.0
494,Tarsiidae,Tarsius,Lariang_Tarsier,1.0,0.0,0.0,0.0,0.0,0.0,0.0
495,Tarsiidae,Tarsius,Peleng_Tarsier,1.0,0.0,0.0,0.0,0.0,0.0,0.0
496,Tarsiidae,Tarsius,Sulawesi_Mountain_Tarsier,1.0,0.0,0.0,0.0,0.0,0.0,0.0
497,Tarsiidae,Tarsius,Great_Sangihe_Tarsier,1.0,0.0,0.0,0.0,1.0,0.0,0.0
498,Tarsiidae,Tarsius,Gursky's_Spectral_Tarsier ,,,,,,,
499,Tarsiidae,Tarsius,Jatna's_Tarsier,,,,,,,
500,Tarsiidae,Tarsius,Selayar_Tarsier,1.0,0.0,0.0,0.0,0.0,0.0,0.0
501,Tarsiidae,Tarsius,Siau_Island_Tarsier,1.0,0.0,0.0,0.0,0.0,0.0,0.0
502,Tarsiidae,Tarsius,Wallace_s_Tarsier,1.0,0.0,0.0,0.0,1.0,0.0,0.0
503,Cercopithecidae,Theropithecus,Gelada,0.0,0.0,0.0,1.0,0.0,1.0,0.0
504,Cercopithecidae,Trachypithecus,East_Javan_Langur,1.0,0.0,0.0,0.0,0.0,0.0,0.0
505,Cercopithecidae,Trachypithecus,Tenasserim_Langur,1.0,0.0,0.0,0.0,0.0,0.0,0.0
506,Cercopithecidae,Trachypithecus,Indochinese_Gray_Langur,1.0,0.0,0.0,0.0,0.0,0.0,0.0
507,Cercopithecidae,Trachypithecus,Silvered_Langur,1.0,0.0,0.0,0.0,0.0,0.0,0.0
508,Cercopithecidae,Trachypithecus,Delacour_s_Langur,1.0,0.0,0.0,0.0,0.0,0.0,0.0
509,Cercopithecidae,Trachypithecus,Black_Langur,1.0,0.0,0.0,0.0,0.0,1.0,0.0
510,Cercopithecidae,Trachypithecus,Francois_s_Langur,1.0,0.0,0.0,0.0,0.0,0.0,0.0
511,Cercopithecidae,Trachypithecus,Golden_Langur,1.0,0.0,0.0,0.0,0.0,0.0,0.0
512,Cercopithecidae,Trachypithecus,Germain_s_Langur,1.0,0.0,0.0,0.0,0.0,0.0,0.0
513,Cercopithecidae,Trachypithecus,Hatinh_Langur,1.0,0.0,0.0,0.0,0.0,1.0,0.0
514,Cercopithecidae,Trachypithecus,Laos_Langur,1.0,0.0,0.0,0.0,0.0,1.0,0.0
515,Cercopithecidae,Trachypithecus,White_headed_Langur,1.0,0.0,1.0,0.0,0.0,0.0,0.0
516,Cercopithecidae,Trachypithecus,Annamese_Langur,1.0,0.0,0.0,0.0,0.0,0.0,0.0
517,Cercopithecidae,Trachypithecus,West_Javan_Langur,1.0,0.0,0.0,0.0,1.0,0.0,0.0
518,Cercopithecidae,Trachypithecus,Dusky_Langur,1.0,0.0,0.0,0.0,0.0,0.0,0.0
519,Cercopithecidae,Trachypithecus,Phayre_s_Langur,1.0,1.0,0.0,0.0,0.0,0.0,0.0
520,Cercopithecidae,Trachypithecus,Capped_Langur,1.0,0.0,0.0,0.0,0.0,0.0,0.0
521,Cercopithecidae,Trachypithecus,Cat_Ba_Langur,1.0,0.0,1.0,0.0,0.0,0.0,0.0
522,Cercopithecidae,Trachypithecus,Selangor_Silvery_Langur,1.0,0.0,0.0,0.0,0.0,0.0,0.0
523,Cercopithecidae,Trachypithecus,Shortridge_s_Langur,1.0,0.0,0.0,0.0,0.0,0.0,0.0
524,Lemuridae,Varecia,Red_Ruffed_Lemur,1.0,0.0,0.0,0.0,0.0,0.0,0.0
525,Lemuridae,Varecia,Black_and_white_Ruffed_Lemur,1.0,0.0,0.0,0.0,0.0,0.0,0.0
