,Family,Genus,CommonName,Diet
0,Cercopithecidae,Allenopithecus,Allen_s_Swamp_Monkey,Frugivore
1,Cheirogaleidae,Allocebus,Hairy_eared_Dwarf_Lemur,Omnivore
2,Cercopithecidae,Allochrocebus,L_Hoest_s_Monkey,Omnivore
3,Cercopithecidae,Allochrocebus,Preuss_s_Monkey,Omnivore
4,Cercopithecidae,Allochrocebus,Sun_tailed_Monkey,Omnivore
5,Atelidae,Alouatta,Ursine_Red_Howler,Folivore
6,Atelidae,Alouatta,Red_handed_Howler,Folivore_frugivore
7,Atelidae,Alouatta,Paraguayan_Howler,Folivore_frugivore
8,Atelidae,Alouatta,Spix_s_Howler,Folivore_frugivore
9,Atelidae,Alouatta,Brown_Howler,Folivore_frugivore
10,Atelidae,Alouatta,Guianan_Red_Howler,Folivore
11,Atelidae,Alouatta,Amazon_Black_Howler,Folivore_frugivore
12,Atelidae,Alouatta,Mantled_Howler,Folivore
13,Atelidae,Alouatta,Central_American_Black_Howler,Folivore_frugivore
14,Atelidae,Alouatta,Bolivian_Red_Howler,Folivore_frugivore
15,Atelidae,Alouatta,Colombian_Red_Howler,Folivore_frugivore
16,Atelidae,Alouatta,Maranhão_Red_handed_Howler,Folivore_frugivore
17,Aotidae,Aotus,Azara_s_Night_Monkey,Omnivore
18,Aotidae,Aotus,Brumback_s_Night_Monkey,Omnivore
19,Aotidae,Aotus,Gray_legged_Night_Monkey,
20,Aotidae,Aotus,Hernández_Camacho_s_Night_Monkey,
21,Aotidae,Aotus,Lemurine_Night_Monkey,Omnivore
22,Aotidae,Aotus,Andean_Night_Monkey,Omnivore
23,Aotidae,Aotus,Ma_s_Night_Monkey,Frugivore
24,Aotidae,Aotus,Black_headed_Night_Monkey,Frugivore
25,Aotidae,Aotus,Humboldt_s_Night_Monkey,Frugivore
26,Aotidae,Aotus,Spix_s_Night_Monkey,Frugivore
27,Aotidae,Aotus,Panamanian_Night_Monkey,Frugivore
28,Lorisidae,Arctocebus,Golden_Angwantibo,Insectivore
29,Lorisidae,Arctocebus,Calabar_Angwantibo,Insectivore
30,Atelidae,Ateles,White_bellied_Spider_Monkey,Frugivore
31,Atelidae,Ateles,Black_Spider_Monkey,Frugivore
32,Atelidae,Ateles,Brown_headed_Spider_Monkey,Frugivore
33,Atelidae,Ateles,Central_American_Spider_Monkey,Frugivore
34,Atelidae,Ateles,Variegated_Spider_Monkey,Frugivore
35,Atelidae,Ateles,Variegated_Spider_Monkey,Folivore-frugivore
36,Atelidae,Ateles,White_whiskered_Spider_Monkey,Frugivore
37,Atelidae,Ateles,Red_faced_Black_Spider_Monkey,Frugivore
38,Indriidae,Avahi,Betsileo_Woolly_Lemur,
39,Indriidae,Avahi,Bemaraha_Woolly_Lemur,Folivore
40,Indriidae,Avahi,Eastern_Woolly_Lemur,Folivore
41,Indriidae,Avahi,Southern_Woolly_Lemur,Folivore
42,Indriidae,Avahi,Masoala_Woolly_Lemur,Folivore
43,Indriidae,Avahi,Western_Woolly_Lemur,Folivore
44,Indriidae,Avahi,Peyrieras_s_Woolly_Lemur,Folivore
45,Indriidae,Avahi,Manombo_Woolly_Lemur,
46,Indriidae,Avahi,Sambirano_Woolly_Lemur,Folivore
47,Atelidae,Brachyteles,Southern_Muriqui,Folivore_frugivore
48,Atelidae,Brachyteles,Northern_Muriqui,Folivore_frugivore
49,Atelidae,Brachyteles,Northern_Muriqui,Folivore_frugivore
50,Pitheciidae,Cacajao,Ayres Black_Uakari,
51,Pitheciidae,Cacajao,Bald_Uacari,Frugivore
52,Pitheciidae,Cacajao,Black-headed_Uacari,
53,Pitheciidae,Cacajao,Black_headed_Uacari,Frugivore
54,Pitheciidae,Cacajao,Spix_s_Black_headed_Uacari,Frugivore
55,Callitrichidae,Callibella,Black_crowned_Dwarf_Marmoset,Omnivore
56,Pitheciidae,Callicebus,Blond_Titi,
57,Pitheciidae,Callicebus,Coimbra_Filho_s_Titi,Frugivore
58,Pitheciidae,Callicebus,Southern_Bahian_Titi,Frugivore
59,Pitheciidae,Callicebus,Black_fronted_Titi,Frugivore
60,Pitheciidae,Callicebus,Masked_Titi,Frugivore
61,Callitrichidae,Callimico,Goeldi_s_Monkey*,Omnivore
62,Callitrichidae,Callithrix,Buffy_tufted_ear_Marmoset,Omnivore
63,Callitrichidae,Callithrix,Buffy_headed_Marmoset,Gummivore
64,Callitrichidae,Callithrix,Buffy_headed_Marmoset,Gummivore
65,Callitrichidae,Callithrix,Geoffroy_s_Tufted_ear_Marmoset,Gummivore
66,Callitrichidae,Callithrix,Common_Marmoset,Gummivore
67,Callitrichidae,Callithrix,Wied_s_Black_tufted_ear_Marmoset,Omnivore
68,Callitrichidae,Callithrix,Black_tufted_ear_Marmoset,Gummivore
69,Tarsiidae,Carlito,Philippine_Tarsier,Insectivore
70,Callitrichidae,Cebuella,Eastern_Pygmy_Marmoset,
71,Callitrichidae,Cebuella,Pygmy_Marmoset,Omnivore
72,Callitrichidae,Cebuella,Pygmy_Marmoset,Omnivore
73,Callitrichidae,Cebuella,Pygmy_Marmoset,Omnivore
74,Callitrichidae,Cebuella,Pygmy_Marmoset,Omnivore
75,Cebidae,Cebus,Ecuadorian_White_fronted_Capuchin,Omnivore
76,Cebidae,Cebus,Humboldt_s_White_fronted_Capuchin,Omnivore
77,Cebidae,Cebus,Venezuelan_Brown_Capuchin,
78,Cebidae,Cebus,Colombian_White_faced_Capuchin,Omnivore
79,Cebidae,Cebus,Río_Cesar_White_fronted_Capuchin,
80,Cebidae,Cebus,Shock_headed_Capuchin,Omnivore
81,Cebidae,Cebus,Panamanian_White_faced_Capuchin,Omnivore
82,Cebidae,Cebus,Ka_apor_Capuchin,Omnivore
83,Cebidae,Cebus,Sierra_de_Perijá_White_fronted_Capuchin,
84,Cebidae,Cebus,Santa_Marta_White_fronted_Capuchin,
85,Cebidae,Cebus,Guianan_Weeper_Capuchin,Omnivore
86,Cebidae,Cebus,Spix_s_White_fronted_Capuchin,
87,Cebidae,Cebus,Varied_White_fronted_Capuchin,
88,Cebidae,Cebus,Marañón_White_fronted_Capuchin,Omnivore
89,Tarsiidae,Cephalopachus,Western_Tarsier,Insectivore
90,Cercopithecidae,Cercocebus,Agile_Mangabey,Frugivore
91,Cercopithecidae,Cercocebus,Sooty_Mangabey,Frugivore
92,Cercopithecidae,Cercocebus,Golden_bellied_Mangabey,Frugivore
93,Cercopithecidae,Cercocebus,Tana_River_Mangabey,Frugivore
94,Cercopithecidae,Cercocebus,White_naped_Mangabey,Frugivore
95,Cercopithecidae,Cercocebus,Sanje_River_Mangabey,Frugivore
96,Cercopithecidae,Cercocebus,Red_capped_Mangabey,Frugivore
97,Cercopithecidae,Cercopithecus,Syke_s_Monkey,Folivore-frugivore
98,Cercopithecidae,Cercopithecus,Syke_s_Monkey,Frugivore
99,Cercopithecidae,Cercopithecus,Red_tailed_Monkey,Frugivore
100,Cercopithecidae,Cercopithecus,Campbell_s_Monkey,Frugivore
101,Cercopithecidae,Cercopithecus,Campbell_s_Monkey,Omnivore
102,Cercopithecidae,Cercopithecus,Moustached_Monkey,Frugivore
103,Cercopithecidae,Cercopithecus,Dent_s_Monkey,Omnivore
104,Cercopithecidae,Cercopithecus,Diana_Monkey,Frugivore
105,Cercopithecidae,Cercopithecus,Silver_Monkey,Omnivore
106,Cercopithecidae,Cercopithecus,Dryas_Monkey,Frugivore
107,Cercopithecidae,Cercopithecus,Red_bellied_Monkey,
108,Cercopithecidae,Cercopithecus,Red_eared_Monkey,Frugivore
109,Cercopithecidae,Cercopithecus,Owl_faced_Monkey,Omnivore
110,Cercopithecidae,Cercopithecus,Virungas_Golden_Monkey,Folivore
111,Cercopithecidae,Cercopithecus,Lesula,Folivore_frugivore
112,Cercopithecidae,Cercopithecus,Lowe_s_Monkey,Frugivore
113,Cercopithecidae,Cercopithecus,Blue_Monkey,Frugivore
114,Cercopithecidae,Cercopithecus,Mona_Monkey,Frugivore
115,Cercopithecidae,Cercopithecus,De_Brazza_s_Monkey,Frugivore
116,Cercopithecidae,Cercopithecus,Putty_nosed_Monkey,Frugivore
117,Cercopithecidae,Cercopithecus,Spot_nosed_Monkey,Folivore_frugivore
118,Cercopithecidae,Cercopithecus,Crowned_Monkey,Frugivore
119,Cercopithecidae,Cercopithecus,Roloway_Monkey,Omnivore
120,Cercopithecidae,Cercopithecus,Sclater_s_Monkey,Frugivore
121,Cercopithecidae,Cercopithecus,Wolf_s_Monkey,Folivore_frugivore
122,Cheirogaleidae,Cheirogaleus,Montagne_d_Ambre_Dwarf_Lemur,
123,Cheirogaleidae,Cheirogaleus,Crossley_s_Dwarf_Lemur,Omnivore
124,Cheirogaleidae,Cheirogaleus,Lavasoa_Dwarf_lemur,
125,Cheirogaleidae,Cheirogaleus,Greater_Dwarf_Lemur,Folivore_frugivore
126,Cheirogaleidae,Cheirogaleus,Fat_tailed_Dwarf_Lemur,Folivore_frugivore
127,Cheirogaleidae,Cheirogaleus,Lesser_Iron_gray_Dwarf_Lemur,
128,Cheirogaleidae,Cheirogaleus, Sheth's_Dwarf_Lemur,
129,Cheirogaleidae,Cheirogaleus,Sibree_s_Dwarf_Lemur,
130,Cheirogaleidae,Cheirogaleus,Thomas_s_Dwarf_Lemur,
131,Pitheciidae,Cheracebus,Yellow_handed_Titi,Frugivore
132,Pitheciidae,Cheracebus,White_chested_Titi,Frugivore
133,Pitheciidae,Cheracebus,Medem_s_Titi,
134,Pitheciidae,Cheracebus,Rio_Purus_Titi,
135,Pitheciidae,Cheracebus,Rio_Juruá_Collared_Titi,
136,Pitheciidae,Cheracebus,White_collared_Titi,Frugivore
137,Pitheciidae,Chiropotes,White_nosed_Bearded_Saki,Frugivore
138,Pitheciidae,Chiropotes,Rio_Negro_Beared_Saki,Frugivore
139,Pitheciidae,Chiropotes, Brown-backed_Bearded_Saki,
140,Pitheciidae,Chiropotes,Guianan_Beared_Saki,Frugivore
141,Pitheciidae,Chiropotes,Black_Bearded_Saki,Frugivore
142,Pitheciidae,Chiropotes,Uta_Hick_s_Bearded_Saki,Frugivore
143,Cercopithecidae,Chlorocebus,Grivet_Monkey,Omnivore
144,Cercopithecidae,Chlorocebus,Malbrouck_Monkey,Omnivore
145,Cercopithecidae,Chlorocebus,Bale_Monkey,Folivore
146,Cercopithecidae,Chlorocebus,Vervet_Monkey,Omnivore
147,Cercopithecidae,Chlorocebus,Green_Monkey,Omnivore
148,Cercopithecidae,Chlorocebus,Tantalus_Monkey,Omnivore
149,Cercopithecidae,Colobus,Angolan_Colobus,Folivore
150,Cercopithecidae,Colobus,Guereza,Folivore_frugivore
151,Cercopithecidae,Colobus,King_Colobus,Folivore
152,Cercopithecidae,Colobus,Black_Colobus,Frugivore
153,Cercopithecidae,Colobus,White_thighed_Colobus,Folivore
154,Daubentoniidae,Daubentonia,Aye_aye,Insectivore
155,Cercopithecidae,Erythrocebus,Patas_Monkey,Omnivore
156,Cercopithecidae,Erythrocebus,Heuglin's_Patas_Monkey,
157,Lemuridae,Eulemur,White_fronted_Brown_Lemur,Frugivore
158,Lemuridae,Eulemur,White_collared_Brown_Lemur,Frugivore
159,Lemuridae,Eulemur,Red_collared_Brown_Lemur,Frugivore
160,Lemuridae,Eulemur,Crowned_Lemur,Frugivore
161,Lemuridae,Eulemur,Blue_eyed_Black_Lemur,Folivore_frugivore
162,Lemuridae,Eulemur,Brown_Lemur,Folivore_frugivore
163,Lemuridae,Eulemur,Black_Lemur,Frugivore
164,Lemuridae,Eulemur,Mongoose_Lemur,Folivore_frugivore
165,Lemuridae,Eulemur,Red_bellied_Lemur,Folivore_frugivore
166,Lemuridae,Eulemur,Red_bellied_Lemur,Frugivore
167,Lemuridae,Eulemur,Red_bellied_Lemur,Frugivore
168,Lemuridae,Eulemur,Red_bellied_Lemur,Frugivore
169,Lemuridae,Eulemur,Red_fronted_Brown_Lemur,Folivore_frugivore
170,Lemuridae,Eulemur,Rufous_Brown_Lemur,Frugivore
171,Lemuridae,Eulemur,Rufous_Brown_Lemur,Frugivore
172,Lemuridae,Eulemur,Sanford_s_Brown_Lemur,Frugivore
173,Galagidae,Euoticus,Southern_Needle_clawed_Galago,Gummivore
174,Galagidae,Euoticus,Northern_Needle_clawed_Galago,Gummivore
175,Galagidae,Galago,Somali_Lesser_Galago,Omnivore
176,Galagidae,Galago,Spectacled_Lesser_Galago,Omnivore
177,Galagidae,Galago,Southern_Lesser_Galago,Omnivore
178,Galagidae,Galago,Northern_Lesser_Galago,Omnivore
179,Galagidae,Galagoides,Kenya_Coast_Dwarf_Galago,Omnivore
180,Galagidae,Galagoides,Demidoff_s_Dwarf_Galago,Omnivore
181,Galagidae,Galagoides,Mozambique_Dwarf_Galago,Omnivore
182,Galagidae,Galagoides,Mountain_Dwarf_Galago,Omnivore
183,Galagidae,Galagoides,Rondo_Dwarf_Galago,Omnivore
184,Galagidae,Galagoides,Angolan_Dwarf_Galago,
185,Galagidae,Galagoides,Thomas_s_Dwarf_Galago,Omnivore
186,Galagidae,Galagoides,Thomas_s_Dwarf_Galago,Omnivore
187,Galagidae,Galagoides,Tanzania_Coast_Dwarf_Galago,Omnivore
188,Galagidae,Galagoides,Tanzania_Coast_Dwarf_Galago,Omnivore
189,Galagidae,Galagoides,Tanzania_Coast_Dwarf_Galago,Omnivore
190,Hominidae,Gorilla,Eastern_Gorilla,Folivore_frugivore
191,Hominidae,Gorilla,Western_Gorilla,Folivore_frugivore
192,Lemuridae,Hapalemur,Lac_Alaotra_Bamboo_Lemur,Folivore
193,Lemuridae,Hapalemur,Golden_Bamboo_Lemur,Folivore
194,Lemuridae,Hapalemur,Gray_Bamboo_Lemur,Folivore
195,Lemuridae,Hapalemur,Southern_Bamboo_Lemur,Folivore
196,Lemuridae,Hapalemur,Northern_Bamboo_Lemur,Folivore_frugivore
197,Hylobatidae,Hoolock,Western_Hoolock_Gibbon,Frugivore
198,Hylobatidae,Hoolock,Eastern_Hoolock_Gibbon,Frugivore
199,Hylobatidae,Hoolock,Eastern_Hoolock_Gibbon,Folivore_frugivore
200,Hylobatidae,Hoolock,Eastern_Hoolock_Gibbon,Frugivore
201,Hylobatidae,Hoolock,Skywalker_Hoolock_Gibbon,
202,Hylobatidae,Hylobates,Abbott_s_Gray_Gibbon,
203,Hylobatidae,Hylobates,Agile_Gibbon,Frugivore
204,Hylobatidae,Hylobates,Bornean_White_bearded_Gibbon,Frugivore
205,Hylobatidae,Hylobates,East_Bornean_Gray_Gibbon,Frugivore
206,Hylobatidae,Hylobates,Kloss_s_Gibbon,Frugivore
207,Hylobatidae,Hylobates,Lar_Gibbon,Frugivore
208,Hylobatidae,Hylobates,Moloch_Gibbon,Frugivore
209,Hylobatidae,Hylobates,Müller_s_Gibbon,Frugivore
210,Hylobatidae,Hylobates,Pileated_Gibbon,Frugivore
211,Indriidae,Indri,Indri,Folivore
212,Atelidae,Lagothrix,Gray_Woolly_Monkey,Frugivore
213,Atelidae,Lagothrix,Peruvian_Yellow_tailed_Woolly_Monkey,Frugivore
214,Atelidae,Lagothrix,Humboldt_s_Woolly_Monkey,Frugivore
215,Atelidae,Lagotrix,Colombian_Woolly_Monkey,
216,Atelidae,Lagothrix,Poeppig_s_Woolly_Monkey,Frugivore
217,Lemuridae,Lemur,Ring_tailed_Lemur,Folivore_frugivore
218,Callitrichidae,Leontocebus,Cruz_Limas_Saddle_back_Tamarin,
219,Callitrichidae,Leontocebus,Spix_s_Saddle_back_Tamarin,Omnivore
220,Callitrichidae,Leontocebus,Spix_s_Saddle_back_Tamarin,Omnivore
221,Callitrichidae,Leontocebus,Spix_s_Saddle_back_Tamarin,Frugivore
222,Callitrichidae,Leontocebus,Lesson_s_Saddle_back_Tamarin,Omnivore
223,Callitrichidae,Leontocebus,Illiger_s_Saddle_back_Tamarin,Omnivore
224,Callitrichidae,Leontocebus,Red_mantled_Saddle_back_Tamarin,Omnivore
225,Callitrichidae,Leontocebus,Andean_Saddle_back_Tamarin,Omnivore
226,Callitrichidae,Leontocebus,Black_mantled_tamarin,Omnivore
227,Callitrichidae,Leontocebus,Geoffroy_s_Saddle_back_Tamarin,Omnivore
228,Callitrichidae,Leontocebus,Golden_mantled_Saddle_back_Tamarin,Omnivore
229,Callitrichidae,Leontocebus,Weddells_Saddle_back_Tamarin,Frugivore
230,Callitrichidae,Leontocebus,Weddells_Saddle_back_Tamarin,Omnivore
231,Callitrichidae,Leontocebus,Weddells_Saddle_back_Tamarin,Omnivore
232,Callitrichidae,Leontopithecus,Black_faced_Lion_Tamarin,Frugivore
233,Callitrichidae,Leontopithecus,Golden_headed_Lion_Tamarin,Omnivore
234,Callitrichidae,Leontopithecus,Black_Lion_Tamarin,Frugivore
235,Callitrichidae,Leontopithecus,Golden_Lion_Tamarin,Frugivore
236,Callitrichidae,Leontopithecus,Golden_Lion_Tamarin,Frugivore
237,Lepilemuridae,Lepilemur,Antafia_Sportive_Lemur,
238,Lepilemuridae,Lepilemur,Tsiombikibo_Sportive_Lemur,
239,Lepilemuridae,Lepilemur,Ankarana_Sportive_Lemur,Folivore_frugivore
240,Lepilemuridae,Lepilemur,Betsileo_Sportive_Lemur,
241,Lepilemuridae,Lepilemur,Gray_s_Sportive_Lemur,Folivore
242,Lepilemuridae,Lepilemur,Milne_Edwards_s_Sportive_Lemur,Folivore
243,Lepilemuridae,Lepilemur,Andohahela_Sportive_Lemur,
244,Lepilemuridae,Lepilemur,Anjiamangirana_Sportive_Lemur,
245,Lepilemuridae,Lepilemur,Mananara_Nord_Sportive_Lemur,
246,Lepilemuridae,Lepilemur,Zombitse_Sportive_Lemur,
247,Lepilemuridae,Lepilemur,Manombo_Sportive_Lemur,
248,Lepilemuridae,Lepilemur,White_footed_Sportive_Lemur,Folivore
249,Lepilemuridae,Lepilemur,Small_toothed_Sportive_Lemur,Folivore_frugivore
250,Lepilemuridae,Lepilemur,Daraina_Sportive_Lemur,
251,Lepilemuridae,Lepilemur,Mittermeier_s_Sportive_Lemur,Folivore
252,Lepilemuridae,Lepilemur,Weasel_Sportive_Lemur,Folivore
253,Lepilemuridae,Lepilemur,Weasel_Sportive_Lemur,Folivore
254,Lepilemuridae,Lepilemur,Ambodimahabibo_Sportive_Lemur,
255,Lepilemuridae,Lepilemur,Petter_s_Sportive_Lemur,Folivore
256,Lepilemuridae,Lepilemur,Bemaraha_Sportive_Lemur,Folivore
257,Lepilemuridae,Lepilemur,Red_tailed_Sportive_Lemur,Folivore
258,Lepilemuridae,Lepilemur,Sahamalaza_Sportive_Lemur,Folivore
259,Lepilemuridae,Lepilemur,Masoala_Sportive_Lemur,Folivore
260,Lepilemuridae,Lepilemur,Seal_s_Sportive_Lemur,Folivore
261,Lepilemuridae,Lepilemur,Sahafary_Sportive_Lemur,Folivore
262,Lepilemuridae,Lepilemur,Nosy_Be_Sportive_Lemur,Folivore_frugivore
263,Lepilemuridae,Lepilemur,Wright_s_Sportive_Lemur,Folivore
264,Cercopithecidae,Lophocebus,Gray_cheeked_Mangabey,Frugivore
265,Cercopithecidae,Lophocebus,Northern_Black_Crested_Mangabey,Frugivore
266,Cercopithecidae,Lophocebus,Johnston_s_Mangabey,
267,Cercopithecidae,Lophocebus,Southern_Back_Crested_Mangabey,
268,Cercopithecidae,Lophocebus,Rusty_mantled_Mangabey,
269,Cercopithecidae,Lophocebus,Ugandan_Crested_Mangabey,Folivore_frugivore
270,Lorisidae,Loris,Gray_Slender_Loris,Insectivore
271,Lorisidae,Loris,Red_Slender_Loris,Insectivore
272,Cercopithecidae,Macaca,Stump_tailed_Macaque,Folivore_frugivore
273,Cercopithecidae,Macaca,Assamese_Macaque,Frugivore
274,Cercopithecidae,Macaca,Taiwanese_Macaque,Frugivore
275,Cercopithecidae,Macaca,Taiwanese_Macaque,Folivore_frugivore
276,Cercopithecidae,Macaca,Long_tailed_Macaque,Frugivore
277,Cercopithecidae,Macaca,Japanese_Macaque,Folivore_frugivore
278,Cercopithecidae,Macaca,Heck_s_Macaque,Omnivore
279,Cercopithecidae,Macaca,Northern_Pig_tailed_Macaque,Frugivore
280,Cercopithecidae,Macaca,White_cheeked_Macaque,
281,Cercopithecidae,Macaca,Moor_Macaque,Frugivore
282,Cercopithecidae,Macaca,Rhesus_Macaque,Folivore_frugivore
283,Cercopithecidae,Macaca,Rhesus_Macaque,Frugivore
284,Cercopithecidae,Macaca,Arunachal_Macaque,Folivore
285,Cercopithecidae,Macaca,Sunda_Pig_tailed_Macaque,Frugivore
286,Cercopithecidae,Macaca,Crested_Macaque,Frugivore
287,Cercopithecidae,Macaca,Gorontalo_Macaque,Frugivore
288,Cercopithecidae,Macaca,Booted_Macaque,Frugivore
289,Cercopithecidae,Macaca,Pagai_Macaque,Frugivore
290,Cercopithecidae,Macaca,Bonnet_Macaque,Frugivore
291,Cercopithecidae,Macaca,Siberut_Macaque,Frugivore
292,Cercopithecidae,Macaca,Lion_tailed_Macaque,Frugivore
293,Cercopithecidae,Macaca,Toque_Macaque,Frugivore
294,Cercopithecidae,Macaca,Barbary_Macaque,Omnivore
295,Cercopithecidae,Macaca,Tibetan_Macaque,Frugivore
296,Cercopithecidae,Macaca,Tonkean_Macaque,Frugivore
297,Cercopithecidae,Mandrillus,Drill,Omnivore
298,Cercopithecidae,Mandrillus,Mandrill,Omnivore
299,Callitrichidae,Mico,Rio_Acarí_Marmoset,Omnivore
300,Callitrichidae,Mico,Silvery_Marmoset,Omnivore
301,Callitrichidae,Mico,Golden_white_Tassel_ear_Marmoset,Omnivore
302,Callitrichidae,Mico,Snethlage_s_Marmoset,Omnivore
303,Callitrichidae,Mico,Santarém_Marmoset,Omnivore
304,Callitrichidae,Mico,Black-crowned_Dwarf_Marmoset,
305,Callitrichidae,Mico,Rio_Aripuanã_Marmoset,Omnivore
306,Callitrichidae,Mico,Golden_white_Bare_ear_Marmoset,Omnivore
307,Callitrichidae,Mico,Marca_s_Marmoset,
308,Callitrichidae,Mico,Maués_Marmoset,Omnivore
309,Callitrichidae,Mico,Black_tailed_Marmoset,Omnivore
310,Callitrichidae,Mico,Black_headed_Marmoset,Omnivore
311,Callitrichidae,Mico,Rondon_s_Marmoset,Omnivore
312,Callitrichidae,Mico,Sateré_Marmoset,Omnivore
313,Cheirogaleidae,Microcebus,Montagne_d_Ambre_Mouse_Lemur,
314,Cheirogaleidae,Microcebus,Madame_Berthe_s_Mouse_Lemur,Omnivore
315,Cheirogaleidae,Microcebus,Bongolava_Mouse_Lemur,
316,Cheirogaleidae,Microcebus, Nosy_Boraha_Mouse_Lemur,
317,Cheirogaleidae,Microcebus,Ambarijeby_Mouse_Lemur,
318,Cheirogaleidae,Microcebus,Ganzhorn's_Mouse_Lemur,
319,Cheirogaleidae,Microcebus,Gerp_s_Mouse_Lemur,
320,Cheirogaleidae,Microcebus,Gray_brown_Mouse_Lemur,Omnivore
321,Cheirogaleidae,Microcebus,Jolly_s_Mouse_Lemur,
322,Cheirogaleidae,Microcebus,Goodman_s_Mouse_Lemur,Omnivore
323,Cheirogaleidae,Microcebus,Anjiahely_Mouse_Lemur,Omnivore
324,Cheirogaleidae,Microcebus,Nosy_Be_Mouse_Lemur,
325,Cheirogaleidae,Microcebus,Bemanasy_Mouse_Lemur,
326,Cheirogaleidae,Microcebus,Margot_Marsh_s_Mouse_Lemur,
327,Cheirogaleidae,Microcebus,Marohita_Mouse_Lemur,
328,Cheirogaleidae,Microcebus,Mittermeier_s_Mouse_Lemur,Omnivore
329,Cheirogaleidae,Microcebus,Gray_Mouse_Lemur,Omnivore
330,Cheirogaleidae,Microcebus,Gray_Mouse_Lemur,Gummivore
331,Cheirogaleidae,Microcebus,Peters_s_Mouse_Lemur,Omnivore
332,Cheirogaleidae,Microcebus,Golden_brown_Mouse_Lemur,Omnivore
333,Cheirogaleidae,Microcebus,Rufous_Mouse_Lemur,Omnivore
334,Cheirogaleidae,Microcebus,Sambirano_Mouse_Lemur,Omnivore
335,Cheirogaleidae,Microcebus,Simmons_s_Mouse_Lemur,
336,Cheirogaleidae,Microcebus,Anosi_Mouse_lemur,
337,Cheirogaleidae,Microcebus,Tavaratra_Mouse_Lemur,Omnivore
338,Cercopithecidae,Miopithecus,Northern_Talapoin_Monkey,Frugivore
339,Cercopithecidae,Miopithecus,Southern_Talapoin_Monkey,Omnivore
340,Cheirogaleidae,Mirza,Coquerel_s_Giant_Mouse_Lemur,Omnivore
341,Cheirogaleidae,Mirza,Northern_Giant_Mouse_Lemur,Omnivore
342,Cercopithecidae,Nasalis,Proboscis_Monkey,Folivore_frugivore
343,Hylobatidae,Nomascus,Northern_Yellow_cheeked_Crested_Gibbon,Frugivore
344,Hylobatidae,Nomascus,Western_Black_Crested_Gibbon,Folivore_frugivore
345,Hylobatidae,Nomascus,Southern_Yellow_cheeked_Crested_Gibbon,Frugivore
346,Hylobatidae,Nomascus,Southern_Yellow_cheeked_Crested_Gibbon,Folivore_frugivore
347,Hylobatidae,Nomascus,Hainan_Crested_Gibbon,Frugivore
348,Hylobatidae,Nomascus,Northern_White_cheeked_Crested_Gibbon,Folivore_frugivore
349,Hylobatidae,Nomascus,Eastern_Black_Crested_Gibbon,Frugivore
350,Hylobatidae,Nomascus,Southern_White_cheeked_Crested_Gibbon,Frugivore
351,Lorisidae,Nycticebus,Bangka_Slow_Loris,
352,Lorisidae,Nycticebus,Bengal_Slow_Loris,Gummivore
353,Lorisidae,Nycticebus,Bornean_Slow_Loris,
354,Lorisidae,Nycticebus,Sunda_Slow_Loris,Omnivore
355,Lorisidae,Nycticebus,Javan_Slow_Loris,Gummivore
356,Lorisidae,Nycticebus,Javan_Slow_Loris,Omnivore
357,Lorisidae,Nycticebus,Kayan_River_Slow_Loris,
358,Lorisidae,Nycticebus,Philippine_Slow_Loris,Omnivore
359,Lorisidae,Nycticebus,Pygmy_Slow_Loris,Gummivore
360,Galagidae,Otolemur,Thick_tailed_Greater_Galago,Omnivore
361,Galagidae,Otolemur,Garnett_s_Greater_Galago,
362,Galagidae,Otolemur,Garnett_s_Greater_Galago,Omnivore
363,Hominidae,Pan,Bonobo,Omnivore
364,Hominidae,Pan,Chimpanzee,Omnivore
365,Cercopithecidae,Papio,Olive_Baboon,Omnivore
366,Cercopithecidae,Papio,Yellow_Baboon,Omnivore
367,Cercopithecidae,Papio,Hamadryas_Baboon,Omnivore
368,Cercopithecidae,Papio,Kinda_Baboon,Frugivore
369,Cercopithecidae,Papio,Guinea_Baboon,Omnivore
370,Cercopithecidae,Papio,Chacma_Baboon,Omnivore
371,Galagidae,Paragalago,Kenya_Coast_Dwarf_Galago,
372,Galagidae,Paragalago,Mozambique_Dwarf_Galago,
373,Galagidae,Paragalago,Mountain_Dwarf_Galago,
374,Galagidae,Paragalago,Rondo_Dwarf_Galago,
375,Galagidae,Paragalago,Tanzania_Coast_Dwarf_Galago,
376,Lorisidae,Perodicticus,Milne_Edwards_s_Potto,Frugivore
377,Lorisidae,Perodicticus,East_African_Potto,Omnivore
378,Lorisidae,Perodicticus,West_African_Potto,Frugivore
379,Lorisidae,Perodicticus,West_African_Potto,Frugivore
380,Cheirogaleidae,Phaner,Montagne_D__Ambre_Fork_marked_Lemur,Gummivore
381,Cheirogaleidae,Phaner,Masoala_Fork_marked_Lemur,Gummivore
382,Cheirogaleidae,Phaner,Masoala_Fork_marked_Lemur,Gummivore
383,Cheirogaleidae,Phaner,Masoala_Fork_marked_Lemur,Omnivore
384,Cheirogaleidae,Phaner,Pale_Fork_marked_Lemur,Gummivore
385,Cheirogaleidae,Phaner,Sambirano_Fork_marked_Lemur,
386,Cercopithecidae,Piliocolobus,Upper_Guinea_Red_Colobus,Folivore_frugivore
387,Cercopithecidae,Piliocolobus,Bouvier_s_Red_Colobus,Folivore_frugivore
388,Cercopithecidae,Piliocolobus,Niger_Delta_Red_Colobus,Folivore
389,Cercopithecidae,Piliocolobus,Foa_s_Red_Colobus,Folivore_frugivore
390,Cercopithecidae,Piliocolobus,Udzungwa_Red_Colobus,Folivore_frugivore
391,Cercopithecidae,Piliocolobus,Zanzibar_Red_Colobus,Folivore_frugivore
392,Cercopithecidae,Piliocolobus,Lang_s_Red_Colobus,Folivore_frugivore
393,Cercopithecidae,Piliocolobus,,
394,Cercopithecidae,Piliocolobus,Oustalet_s_Red_Colobus,Folivore
395,Cercopithecidae,Piliocolobus,Oustalet_s_Red_Colobus,Folivore
396,Cercopithecidae,Piliocolobus,Lomami_Red_Colobus,Folivore_frugivore
397,Cercopithecidae,Piliocolobus,Pennant_s_Red_Colobus,Folivore_frugivore
398,Cercopithecidae,Piliocolobus,Preuss_s_Red_Colobus,Folivore
399,Cercopithecidae,Piliocolobus,Tana_River_Red_Colobus,Folivore
400,Cercopithecidae,Piliocolobus,Semliki_Red_Colobus,Folivore_frugivore
401,Cercopithecidae,Piliocolobus,Temminick_s_Red_Colobus,Folivore
402,Cercopithecidae,Piliocolobus,Ashy_Red_Colobus,Folivore
403,Cercopithecidae,Piliocolobus,Tshuapa_Red_Colobus,Folivore
404,Cercopithecidae,Piliocolobus,Miss_Waldron_s_Red_Colobus,Folivore
405,Pitheciidae,Pithecia,Equatorial_Saki,
406,Pitheciidae,Pithecia,Buffy_Saki,Frugivore
407,Pitheciidae,Pithecia,Cazuza_s_Saki,
408,Pitheciidae,Pithecia,Golden_faced_Saki,Frugivore
409,Pitheciidae,Pithecia,Hairy_Saki,Frugivore
410,Pitheciidae,Pithecia,Burnished_Saki,
411,Pitheciidae,Pithecia,Gray_s_Bald_faced_Saki,Frugivore
412,Pitheciidae,Pithecia,Isabel_s_Saki,
413,Pitheciidae,Pithecia,Miller_s_Saki,
414,Pitheciidae,Pithecia,Mittermeier_s_Tapajós_Saki,
415,Pitheciidae,Pithecia,Monk_Saki,
416,Pitheciidae,Pithecia,Napo_Saki,
417,Pitheciidae,Pithecia,Pissinatti_s_Bald_faced_Saki,
418,Pitheciidae,Pithecia,White_faced_saki,Frugivore
419,Pitheciidae,Pithecia,Rylands__Bald_faced_Saki,Frugivore
420,Pitheciidae,Pithecia,Vanzolinis_Bald_faced_Saki,
421,Pitheciidae,Plecturocebus,Madidi_Titi,Frugivore
422,Pitheciidae,Plecturocebus,Lake_Baptista_Titi,
423,Pitheciidae,Plecturocebus,Prince_Bernhard_s_Titi,
424,Pitheciidae,Plecturocebus,Brown_Titi,Frugivore
425,Pitheciidae,Plecturocebus,Chestnut_bellied_Titi,
426,Pitheciidae,Plecturocebus,Caquetá_Titi,Omnivore
427,Pitheciidae,Plecturocebus,Ashy_Titi,
428,Pitheciidae,Plecturocebus,Coppery_Titi,Frugivore
429,Pitheciidae,Plecturocebus,Red_crowned_Titi,Frugivore
430,Pitheciidae,Plecturocebus,White_eared_Titi,Frugivore
431,Pitheciidae,Plecturocebus,Hoffmann_s_Titi,
432,Pitheciidae,Plecturocebus,Milton´s_titi_monkey,
433,Pitheciidae,Plecturocebus,Rio_Beni_Titi,Frugivore
434,Pitheciidae,Plecturocebus,Red_bellied_Titi,Omnivore
435,Pitheciidae,Plecturocebus,Red_bellied_Titi,Omnivore
436,Pitheciidae,Plecturocebus,Red_bellied_Titi,Folivore_frugivore
437,Pitheciidae,Plecturocebus,Red_bellied_Titi,Folivore_frugivore
438,Pitheciidae,Plecturocebus,San_Martín_Titi,Omnivore
439,Pitheciidae,Plecturocebus,San_Martín_Titi,Omnivore
440,Pitheciidae,Plecturocebus,Olalla_s_Titi,Folivore_frugivore
441,Pitheciidae,Plecturocebus,Olalla_s_Titi,Folivore_frugivore
442,Pitheciidae,Plecturocebus,Ornate_Titi,Frugivore
443,Pitheciidae,Plecturocebus,Pale_Titi,Omnivore
444,Pitheciidae,Plecturocebus,Stephen_Nash_s_Titi,
445,Pitheciidae,Plecturocebus,Toppins_Titi,Folivore_frugivore
446,Pitheciidae,Plecturocebus,Urubamba_Brown_Titi,
447,Pitheciidae,Plecturocebus,Vieira_s_Titi,
448,Hominidae,Pongo,Sumatran_Orangutan,Frugivore
449,Hominidae,Pongo,Bornean_Orangutan,Frugivore
450,Hominidae,Pongo,Tapanuli_Orangutan,
451,Cercopithecidae,Presbytis,Black_and_white_Langur,Folivore_frugivore
452,Cercopithecidae,Presbytis,Miller_s_Langur,Folivore
453,Cercopithecidae,Presbytis,Cross_marked_Langur,Folivore_frugivore
454,Cercopithecidae,Presbytis,Javan_Langur,Folivore
455,Cercopithecidae,Presbytis,Banded_Langur,Folivore_frugivore
456,Cercopithecidae,Presbytis,White_fronted_Langur,Folivore
457,Cercopithecidae,Presbytis,Hose_s_Langur,Folivore
458,Cercopithecidae,Presbytis,Black_crested_Sumatran_Langur,Folivore_frugivore
459,Cercopithecidae,Presbytis,Mitered_Langur,Folivore_frugivore
460,Cercopithecidae,Presbytis,Natuna_Islands_Langur,
461,Cercopithecidae,Presbytis,Mentawai_Langur,Folivore_frugivore
462,Cercopithecidae,Presbytis,Maroon_Langur,Folivore_frugivore
463,Cercopithecidae,Presbytis,Sabah_Grizzled_Langur,Folivore_frugivore
464,Cercopithecidae,Presbytis,Pale_thighed_Langur,Folivore_frugivore
465,Cercopithecidae,Presbytis,Siberut_Langur,Folivore_frugivore
466,Cercopithecidae,Presbytis,Black_Sumatran_Langur,Folivore_frugivore
467,Cercopithecidae,Presbytis,Thomas_s_Langur,Folivore_frugivore
468,Cercopithecidae,Procolobus,Olive_Colobus,Folivore
469,Lemuridae,Prolemur,Greater_Bamboo_Lemur,Folivore
470,Indriidae,Propithecus,Silky_Sifaka,Folivore_frugivore
471,Indriidae,Propithecus,Coquerel_s_Sifaka,Folivore_frugivore
472,Indriidae,Propithecus,Crowned_Sifaka,Folivore
473,Indriidae,Propithecus,Decken_s_Sifaka,
474,Indriidae,Propithecus,Diademed_Sifaka,Folivore_frugivore
475,Indriidae,Propithecus,Milne_Edwards_s_Sifaka,Folivore_frugivore
476,Indriidae,Propithecus,Perrier_s_Sifaka,Folivore_frugivore
477,Indriidae,Propithecus,Tattersall_s_Sifaka,Folivore_frugivore
478,Indriidae,Propithecus,Verreaux_s_Sifaka,Folivore_frugivore
479,Cercopithecidae,Pygathrix,Grey_shanked_Douc,Folivore
480,Cercopithecidae,Pygathrix,Red_shanked_Douc,Folivore
481,Cercopithecidae,Pygathrix,Black_shanked_Douc,Folivore_frugivore
482,Cercopithecidae,Rhinopithecus,Tonkin_Snub_nosed_Monkey,Folivore_frugivore
483,Cercopithecidae,Rhinopithecus,Yunnan_Snub_nosed_Monkey,Folivore
484,Cercopithecidae,Rhinopithecus,Guizhou_Snub_nosed_Monkey,Folivore
485,Cercopithecidae,Rhinopithecus,Golden_Snub_nosed_Monkey,Folivore
486,Cercopithecidae,Rhinopithecus,Stryker_s_Snub_nosed_Monkey,Folivore
487,Cercopithecidae,Rungwecebus,Kipunji,Omnivore
488,Callitrichidae,Saguinus,Pied_Tamarin,Frugivore
489,Callitrichidae,Saguinus,Geoffroy_s_Tamarin,Omnivore
490,Callitrichidae,Saguinus,Emperor_Tamarin,Omnivore
491,Callitrichidae,Saguinus,Mottled_face_Tamarin,Frugivore
492,Callitrichidae,Saguinus,Red_bellied_Tamarin,Omnivore
493,Callitrichidae,Saguinus,White_footed_Tamarin,Frugivore
494,Callitrichidae,Saguinus,Martin_s_Bare_faced_Tamarin,Frugivore
495,Callitrichidae,Saguinus,Midas_Tamarin,Omnivore
496,Callitrichidae,Saguinus,Mustached_Tamarin,Omnivore
497,Callitrichidae,Saguinus,Western_Black_handed_Tamarin,Frugivore
498,Callitrichidae,Saguinus,Cotton_top_Tamarin,Omnivore
499,Callitrichidae,Saguinus,Eastern_Black_handed_Tamarin,
500,Cebidae,Saimiri,Black_capped_Squirrel_Monkey,Omnivore
501,Cebidae,Saimiri,Humboldt_s_Squirrel_Monkey,Omnivore
502,Cebidae,Saimiri,Collins'_Squirrel_Monkey,
503,Cebidae,Saimiri,Ecuadorian_Squirrel_Monkey,
504,Cebidae,Saimiri,Central_American_Squirrel_Monkey,Omnivore
505,Cebidae,Saimiri,Guianan_Squirrel_Monkey,Insectivore
506,Cebidae,Saimiri,Guianan_Squirrel_Monkey,Frugivore
507,Cebidae,Saimiri,Golden_backed_Squirrel_Monkey,Omnivore
508,Cebidae,Saimiri,Black_headed_Squirrel_Monkey,Omnivore
509,Cebidae,Sapajus,Guianan_Brown_Capuchin,Omnivore
510,Cebidae,Sapajus,Hooded_Capuchin,Omnivore
511,Cebidae,Sapajus,Blond_Capuchin,Omnivore
512,Cebidae,Sapajus,Bearded_Capuchin,Omnivore
513,Cebidae,Sapajus,Large_headed_Capuchin,Omnivore
514,Cebidae,Sapajus,Black_horned_Capuchin,Omnivore
515,Cebidae,Sapajus,Crested_Capuchin,Frugivore
516,Cebidae,Sapajus,Yellow_breasted_Capuchin,Omnivore
517,Galagidae,Sciurocheirus,Bioko_Squirrel_Galago,Frugivore
518,Galagidae,Sciurocheirus,Cross_River_Squirrel_Galago,Frugivore
519,Galagidae,Sciurocheirus,Cross_River_Squirrel_Galago,Insectivore
520,Galagidae,Sciurocheirus,Gabon_Squirrel_Galago,Frugivore
521,Galagidae,Sciurocheirus,Makandé_squirrel_galago,
522,Cercopithecidae,Semnopithecus,Chamba_Sacred_Langur,Folivore_frugivore
523,Cercopithecidae,Semnopithecus,Bengal_Sacred_Langur,Folivore_frugivore
524,Cercopithecidae,Semnopithecus,Terai_Sacred_Langur,Folivore
525,Cercopithecidae,Semnopithecus,Malabar_Sacred_Langur,Folivore
526,Cercopithecidae,Semnopithecus,Nilgiri_Langur,Folivore_frugivore
527,Cercopithecidae,Semnopithecus,Tufted_Gray_Langur,Folivore_frugivore
528,Cercopithecidae,Semnopithecus,Nepal_Sacred_Langur,Folivore_frugivore
529,Cercopithecidae,Semnopithecus,Purple_faced_Langur,Folivore_frugivore
530,Cercopithecidae,Semnopithecus,Purple_faced_Langur,Folivore
531,Cercopithecidae,Simias,Pig_tailed_Langur,Folivore
532,Hylobatidae,Symphalangus,Siamang,Folivore_frugivore
533,Tarsiidae,Tarsius,Dian_s_Tarsier,Insectivore
534,Tarsiidae,Tarsius,Makassar_Tarsier,
535,Tarsiidae,Tarsius,Lariang_Tarsier,Insectivore
536,Tarsiidae,Tarsius,Peleng_Tarsier,Insectivore
537,Tarsiidae,Tarsius,Sulawesi_Mountain_Tarsier,Insectivore
538,Tarsiidae,Tarsius,Great_Sangihe_Tarsier,Insectivore
539,Tarsiidae,Tarsius,Gursky's_Spectral_Tarsier ,
540,Tarsiidae,Tarsius,Jatna's_Tarsier,
541,Tarsiidae,Tarsius,Selayar_Tarsier,Insectivore
542,Tarsiidae,Tarsius,Siau_Island_Tarsier,Insectivore
543,Tarsiidae,Tarsius,Wallace_s_Tarsier,Insectivore
544,Cercopithecidae,Theropithecus,Gelada,Folivore
545,Cercopithecidae,Trachypithecus,East_Javan_Langur,Folivore
546,Cercopithecidae,Trachypithecus,Tenasserim_Langur,
547,Cercopithecidae,Trachypithecus,Indochinese_Gray_Langur,Folivore_frugivore
548,Cercopithecidae,Trachypithecus,Indochinese_Gray_Langur,Folivore_frugivore
549,Cercopithecidae,Trachypithecus,Indochinese_Gray_Langur,Folivore
550,Cercopithecidae,Trachypithecus,Silvered_Langur,Folivore
551,Cercopithecidae,Trachypithecus,Delacour_s_Langur,Folivore
552,Cercopithecidae,Trachypithecus,Black_Langur,
553,Cercopithecidae,Trachypithecus,Francois_s_Langur,Folivore
554,Cercopithecidae,Trachypithecus,Golden_Langur,Folivore
555,Cercopithecidae,Trachypithecus,Germain_s_Langur,Folivore
556,Cercopithecidae,Trachypithecus,Hatinh_Langur,Folivore
557,Cercopithecidae,Trachypithecus,Laos_Langur,Folivore
558,Cercopithecidae,Trachypithecus,White_headed_Langur,Folivore
559,Cercopithecidae,Trachypithecus,Annamese_Langur,Folivore
560,Cercopithecidae,Trachypithecus,West_Javan_Langur,Folivore
561,Cercopithecidae,Trachypithecus,Dusky_Langur,Folivore
562,Cercopithecidae,Trachypithecus,Phayre_s_Langur,Folivore
563,Cercopithecidae,Trachypithecus,Capped_Langur,Folivore
564,Cercopithecidae,Trachypithecus,Cat_Ba_Langur,Folivore
565,Cercopithecidae,Trachypithecus,Selangor_Silvery_Langur,Folivore
566,Cercopithecidae,Trachypithecus,Shortridge_s_Langur,Folivore
567,Lemuridae,Varecia,Red_Ruffed_Lemur,Frugivore
568,Lemuridae,Varecia,Black_and_white_Ruffed_Lemur,Frugivore
569,Lemuridae,Varecia,Black_and_white_Ruffed_Lemur,Frugivore
