,Family,Genus,CommonName,Locomotion
0,Cercopithecidae,Allenopithecus,Allen_s_Swamp_Monkey,BOTH
1,Cheirogaleidae,Allocebus,Hairy_eared_Dwarf_Lemur,AR
2,Cercopithecidae,Allochrocebus,L_Hoest_s_Monkey,T
3,Cercopithecidae,Allochrocebus,Preuss_s_Monkey,T
4,Cercopithecidae,Allochrocebus,Sun_tailed_Monkey,BOTH
5,Atelidae,Alouatta,Ursine_Red_Howler,AR
6,Atelidae,Alouatta,Red_handed_Howler,AR
7,Atelidae,Alouatta,Paraguayan_Howler,AR
8,Atelidae,Alouatta,Spix_s_Howler,AR
9,Atelidae,Alouatta,Brown_Howler,AR
10,Atelidae,Alouatta,Guianan_Red_Howler,AR
11,Atelidae,Alouatta,Amazon_Black_Howler,AR
12,Atelidae,Alouatta,Mantled_Howler,AR
13,Atelidae,Alouatta,Central_American_Black_Howler,AR
14,Atelidae,Alouatta,Bolivian_Red_Howler,AR
15,Atelidae,Alouatta,Colombian_Red_Howler,AR
16,Atelidae,Alouatta,Maranhão_Red_handed_Howler,AR
17,Aotidae,Aotus,Azara_s_Night_Monkey,AR
18,Aotidae,Aotus,Brumback_s_Night_Monkey,AR
19,Aotidae,Aotus,Gray_legged_Night_Monkey,AR
20,Aotidae,Aotus,Hernández_Camacho_s_Night_Monkey,AR
21,Aotidae,Aotus,Lemurine_Night_Monkey,AR
22,Aotidae,Aotus,Andean_Night_Monkey,AR
23,Aotidae,Aotus,Ma_s_Night_Monkey,AR
24,Aotidae,Aotus,Black_headed_Night_Monkey,AR
25,Aotidae,Aotus,Humboldt_s_Night_Monkey,AR
26,Aotidae,Aotus,Spix_s_Night_Monkey,AR
27,Aotidae,Aotus,Panamanian_Night_Monkey,AR
28,Lorisidae,Arctocebus,Golden_Angwantibo,AR
29,Lorisidae,Arctocebus,Calabar_Angwantibo,AR
30,Atelidae,Ateles,White_bellied_Spider_Monkey,AR
31,Atelidae,Ateles,Black_Spider_Monkey,AR
32,Atelidae,Ateles,Brown_headed_Spider_Monkey,AR
33,Atelidae,Ateles,Central_American_Spider_Monkey,AR
34,Atelidae,Ateles,Variegated_Spider_Monkey,AR
35,Atelidae,Ateles,White_whiskered_Spider_Monkey,AR
36,Atelidae,Ateles,Red_faced_Black_Spider_Monkey,AR
37,Indriidae,Avahi,Betsileo_Woolly_Lemur,AR
38,Indriidae,Avahi,Bemaraha_Woolly_Lemur,AR
39,Indriidae,Avahi,Eastern_Woolly_Lemur,AR
40,Indriidae,Avahi,Southern_Woolly_Lemur,AR
41,Indriidae,Avahi,Masoala_Woolly_Lemur,AR
42,Indriidae,Avahi,Western_Woolly_Lemur,AR
43,Indriidae,Avahi,Peyrieras_s_Woolly_Lemur,AR
44,Indriidae,Avahi,Manombo_Woolly_Lemur,AR
45,Indriidae,Avahi,Sambirano_Woolly_Lemur,AR
46,Atelidae,Brachyteles,Southern_Muriqui,AR
47,Atelidae,Brachyteles,Northern_Muriqui,AR
48,Pitheciidae,Cacajao,Ayres_Black_Uakari,
49,Pitheciidae,Cacajao,Bald_Uacari,AR
50,Pitheciidae,Cacajao,Black_headed_Uacari,
51,Pitheciidae,Cacajao,Black_headed_Uacari,AR
52,Pitheciidae,Cacajao,Spix_s_Black_headed_Uacari,AR
53,Callitrichidae,Callibella,Black_crowned_Dwarf_Marmoset,AR
54,Pitheciidae,Callicebus,Blond_Titi,AR
55,Pitheciidae,Callicebus,Coimbra_Filho_s_Titi,AR
56,Pitheciidae,Callicebus,Southern_Bahian_Titi,AR
57,Pitheciidae,Callicebus,Black_fronted_Titi,AR
58,Pitheciidae,Callicebus,Masked_Titi,AR
59,Callitrichidae,Callimico,Goeldi_s_Monkey*,AR
60,Callitrichidae,Callithrix,Buffy_tufted_ear_Marmoset,AR
61,Callitrichidae,Callithrix,Buffy_headed_Marmoset,AR
62,Callitrichidae,Callithrix,Geoffroy_s_Tufted_ear_Marmoset,AR
63,Callitrichidae,Callithrix,Common_Marmoset,AR
64,Callitrichidae,Callithrix,Wied_s_Black_tufted_ear_Marmoset,AR
65,Callitrichidae,Callithrix,Black_tufted_ear_Marmoset,AR
66,Tarsiidae,Carlito,Philippine_Tarsier,AR
67,Callitrichidae,Cebuella,Eastern_Pygmy_Marmoset,
68,Callitrichidae,Cebuella,Pygmy_Marmoset,AR
69,Cebidae,Cebus,Ecuadorian_White_fronted_Capuchin,AR
70,Cebidae,Cebus,Humboldt_s_White_fronted_Capuchin,BOTH
71,Cebidae,Cebus,Venezuelan_Brown_Capuchin,AR
72,Cebidae,Cebus,Colombian_White_faced_Capuchin,AR
73,Cebidae,Cebus,Río_Cesar_White_fronted_Capuchin,AR
74,Cebidae,Cebus,Shock_headed_Capuchin,AR
75,Cebidae,Cebus,Panamanian_White_faced_Capuchin,AR
76,Cebidae,Cebus,Ka_apor_Capuchin,AR
77,Cebidae,Cebus,Sierra_de_Perijá_White_fronted_Capuchin,AR
78,Cebidae,Cebus,Santa_Marta_White_fronted_Capuchin,AR
79,Cebidae,Cebus,Guianan_Weeper_Capuchin,AR
80,Cebidae,Cebus,Spix_s_White_fronted_Capuchin,AR
81,Cebidae,Cebus,Varied_White_fronted_Capuchin,AR
82,Cebidae,Cebus,Marañón_White_fronted_Capuchin,AR
83,Tarsiidae,Cephalopachus,Western_Tarsier,AR
84,Cercopithecidae,Cercocebus,Agile_Mangabey,BOTH
85,Cercopithecidae,Cercocebus,Sooty_Mangabey,T
86,Cercopithecidae,Cercocebus,Golden_bellied_Mangabey,T
87,Cercopithecidae,Cercocebus,Tana_River_Mangabey,BOTH
88,Cercopithecidae,Cercocebus,White_naped_Mangabey,T
89,Cercopithecidae,Cercocebus,Sanje_River_Mangabey,BOTH
90,Cercopithecidae,Cercocebus,Red_capped_Mangabey,BOTH
91,Cercopithecidae,Cercopithecus,Syke_s_Monkey,AR
92,Cercopithecidae,Cercopithecus,Red_tailed_Monkey,AR
93,Cercopithecidae,Cercopithecus,Campbell_s_Monkey,AR
94,Cercopithecidae,Cercopithecus,Moustached_Monkey,AR
95,Cercopithecidae,Cercopithecus,Dent_s_Monkey,AR
96,Cercopithecidae,Cercopithecus,Diana_Monkey,AR
97,Cercopithecidae,Cercopithecus,Silver_Monkey,AR
98,Cercopithecidae,Cercopithecus,Dryas_Monkey,BOTH
99,Cercopithecidae,Cercopithecus,Red_bellied_Monkey,AR
100,Cercopithecidae,Cercopithecus,Red_eared_Monkey,AR
101,Cercopithecidae,Cercopithecus,Owl_faced_Monkey,BOTH
102,Cercopithecidae,Cercopithecus,Virungas_Golden_Monkey,AR
103,Cercopithecidae,Cercopithecus,Lesula,BOTH
104,Cercopithecidae,Cercopithecus,Lowe_s_Monkey,AR
105,Cercopithecidae,Cercopithecus,Blue_Monkey,AR
106,Cercopithecidae,Cercopithecus,Mona_Monkey,AR
107,Cercopithecidae,Cercopithecus,De_Brazza_s_Monkey,BOTH
108,Cercopithecidae,Cercopithecus,Putty_nosed_Monkey,AR
109,Cercopithecidae,Cercopithecus,Spot_nosed_Monkey,AR
110,Cercopithecidae,Cercopithecus,Crowned_Monkey,AR
111,Cercopithecidae,Cercopithecus,Roloway_Monkey,AR
112,Cercopithecidae,Cercopithecus,Sclater_s_Monkey,AR
113,Cercopithecidae,Cercopithecus,Wolf_s_Monkey,AR
114,Cheirogaleidae,Cheirogaleus,Montagne_d_Ambre_Dwarf_Lemur,
115,Cheirogaleidae,Cheirogaleus,Crossley_s_Dwarf_Lemur,AR
116,Cheirogaleidae,Cheirogaleus,Lavasoa_Dwarf_lemur,
117,Cheirogaleidae,Cheirogaleus,Greater_Dwarf_Lemur,AR
118,Cheirogaleidae,Cheirogaleus,Fat_tailed_Dwarf_Lemur,AR
119,Cheirogaleidae,Cheirogaleus,Lesser_Iron_gray_Dwarf_Lemur,AR
120,Cheirogaleidae,Cheirogaleus, Sheth's_Dwarf_Lemur,
121,Cheirogaleidae,Cheirogaleus,Sibree_s_Dwarf_Lemur,AR
122,Cheirogaleidae,Cheirogaleus,Thomas_s_Dwarf_Lemur,
123,Pitheciidae,Cheracebus,Yellow_handed_Titi,AR
124,Pitheciidae,Cheracebus,White_chested_Titi,AR
125,Pitheciidae,Cheracebus,Medem_s_Titi,AR
126,Pitheciidae,Cheracebus,Rio_Purus_Titi,AR
127,Pitheciidae,Cheracebus,Rio_Juruá_Collared_Titi,AR
128,Pitheciidae,Cheracebus,White_collared_Titi,AR
129,Pitheciidae,Chiropotes,White_nosed_Bearded_Saki,AR
130,Pitheciidae,Chiropotes,Rio_Negro_Beared_Saki,AR
131,Pitheciidae,Chiropotes, Brown_backed_Bearded_Saki,
132,Pitheciidae,Chiropotes,Guianan_Beared_Saki,AR
133,Pitheciidae,Chiropotes,Black_Bearded_Saki,AR
134,Pitheciidae,Chiropotes,Uta_Hick_s_Bearded_Saki,AR
135,Cercopithecidae,Chlorocebus,Grivet_Monkey,T
136,Cercopithecidae,Chlorocebus,Malbrouck_Monkey,T
137,Cercopithecidae,Chlorocebus,Bale_Monkey,BOTH
138,Cercopithecidae,Chlorocebus,Vervet_Monkey,T
139,Cercopithecidae,Chlorocebus,Green_Monkey,T
140,Cercopithecidae,Chlorocebus,Tantalus_Monkey,T
141,Cercopithecidae,Colobus,Angolan_Colobus,AR
142,Cercopithecidae,Colobus,Guereza,AR
143,Cercopithecidae,Colobus,King_Colobus,AR
144,Cercopithecidae,Colobus,Black_Colobus,AR
145,Cercopithecidae,Colobus,White_thighed_Colobus,AR
146,Daubentoniidae,Daubentonia,Aye_aye,AR
147,Cercopithecidae,Erythrocebus,Patas_Monkey,T
148,Cercopithecidae,Erythrocebus,Heuglin's_Patas_Monkey,
149,Lemuridae,Eulemur,White_fronted_Brown_Lemur,AR
150,Lemuridae,Eulemur,White_collared_Brown_Lemur,AR
151,Lemuridae,Eulemur,Red_collared_Brown_Lemur,AR
152,Lemuridae,Eulemur,Crowned_Lemur,AR
153,Lemuridae,Eulemur,Blue_eyed_Black_Lemur,AR
154,Lemuridae,Eulemur,Brown_Lemur,AR
155,Lemuridae,Eulemur,Black_Lemur,AR
156,Lemuridae,Eulemur,Mongoose_Lemur,AR
157,Lemuridae,Eulemur,Red_bellied_Lemur,AR
158,Lemuridae,Eulemur,Red_fronted_Brown_Lemur,AR
159,Lemuridae,Eulemur,Rufous_Brown_Lemur,AR
160,Lemuridae,Eulemur,Sanford_s_Brown_Lemur,AR
161,Galagidae,Euoticus,Southern_Needle_clawed_Galago,AR
162,Galagidae,Euoticus,Northern_Needle_clawed_Galago,AR
163,Galagidae,Galago,Somali_Lesser_Galago,AR
164,Galagidae,Galago,Spectacled_Lesser_Galago,AR
165,Galagidae,Galago,Southern_Lesser_Galago,AR
166,Galagidae,Galago,Northern_Lesser_Galago,AR
167,Galagidae,Galagoides,Kenya_Coast_Dwarf_Galago,AR
168,Galagidae,Galagoides,Demidoff_s_Dwarf_Galago,AR
169,Galagidae,Galagoides,Angolan_Dwarf_Galago,
170,Galagidae,Galagoides,Mozambique_Dwarf_Galago,AR
171,Galagidae,Galagoides,Mountain_Dwarf_Galago,AR
172,Galagidae,Galagoides,Rondo_Dwarf_Galago,AR
173,Galagidae,Galagoides,Thomas_s_Dwarf_Galago,AR
174,Galagidae,Galagoides,Tanzania_Coast_Dwarf_Galago,AR
175,Hominidae,Gorilla,Eastern_Gorilla,BOTH
176,Hominidae,Gorilla,Eastern_Gorilla,BOTH
177,Hominidae,Gorilla,Western_Gorilla,BOTH
178,Lemuridae,Hapalemur,Lac_Alaotra_Bamboo_Lemur,AR
179,Lemuridae,Hapalemur,Golden_Bamboo_Lemur,AR
180,Lemuridae,Hapalemur,Gray_Bamboo_Lemur,AR
181,Lemuridae,Hapalemur,Southern_Bamboo_Lemur,AR
182,Lemuridae,Hapalemur,Northern_Bamboo_Lemur,AR
183,Hylobatidae,Hoolock,Western_Hoolock_Gibbon,AR
184,Hylobatidae,Hoolock,Eastern_Hoolock_Gibbon,AR
185,Hylobatidae,Hoolock,Skywalker_Hoolock_Gibbon,
186,Hylobatidae,Hylobates,Abbott_s_Gray_Gibbon,AR
187,Hylobatidae,Hylobates,Agile_Gibbon,AR
188,Hylobatidae,Hylobates,Bornean_White_bearded_Gibbon,AR
189,Hylobatidae,Hylobates,East_Bornean_Gray_Gibbon,AR
190,Hylobatidae,Hylobates,Kloss_s_Gibbon,AR
191,Hylobatidae,Hylobates,Lar_Gibbon,AR
192,Hylobatidae,Hylobates,Moloch_Gibbon,AR
193,Hylobatidae,Hylobates,Müller_s_Gibbon,AR
194,Hylobatidae,Hylobates,Pileated_Gibbon,AR
195,Indriidae,Indri,Indri,AR
196,Atelidae,Lagothrix,Gray_Woolly_Monkey,AR
197,Atelidae,Lagothrix,Peruvian_Yellow_tailed_Woolly_Monkey,AR
198,Atelidae,Lagothrix,Humboldt_s_Woolly_Monkey,AR
199,Atelidae,Lagotrix,Colombian_Woolly_Monkey,AR
200,Atelidae,Lagothrix,Poeppig_s_Woolly_Monkey,AR
201,Lemuridae,Lemur,Ring_tailed_Lemur,BOTH
202,Callitrichidae,Leontocebus,Cruz_Limas_Saddle_back_Tamarin,AR
203,Callitrichidae,Leontocebus,Spix_s_Saddle_back_Tamarin,AR
204,Callitrichidae,Leontocebus,Lesson_s_Saddle_back_Tamarin,AR
205,Callitrichidae,Leontocebus,Illiger_s_Saddle_back_Tamarin,AR
206,Callitrichidae,Leontocebus,Red_mantled_Saddle_back_Tamarin,AR
207,Callitrichidae,Leontocebus,Andean_Saddle_back_Tamarin,AR
208,Callitrichidae,Leontocebus,Black_mantled_tamarin,AR
209,Callitrichidae,Leontocebus,Geoffroy_s_Saddle_back_Tamarin,AR
210,Callitrichidae,Leontocebus,Golden_mantled_Saddle_back_Tamarin,AR
211,Callitrichidae,Leontocebus,Weddells_Saddle_back_Tamarin,AR
212,Callitrichidae,Leontopithecus,Black_faced_Lion_Tamarin,AR
213,Callitrichidae,Leontopithecus,Golden_headed_Lion_Tamarin,AR
214,Callitrichidae,Leontopithecus,Black_Lion_Tamarin,AR
215,Callitrichidae,Leontopithecus,Golden_Lion_Tamarin,AR
216,Lepilemuridae,Lepilemur,Antafia_Sportive_Lemur,AR
217,Lepilemuridae,Lepilemur,Tsiombikibo_Sportive_Lemur,AR
218,Lepilemuridae,Lepilemur,Ankarana_Sportive_Lemur,AR
219,Lepilemuridae,Lepilemur,Betsileo_Sportive_Lemur,AR
220,Lepilemuridae,Lepilemur,Gray_s_Sportive_Lemur,AR
221,Lepilemuridae,Lepilemur,Milne_Edwards_s_Sportive_Lemur,AR
222,Lepilemuridae,Lepilemur,Andohahela_Sportive_Lemur,AR
223,Lepilemuridae,Lepilemur,Anjiamangirana_Sportive_Lemur,AR
224,Lepilemuridae,Lepilemur,Mananara_Nord_Sportive_Lemur,AR
225,Lepilemuridae,Lepilemur,Zombitse_Sportive_Lemur,AR
226,Lepilemuridae,Lepilemur,Manombo_Sportive_Lemur,AR
227,Lepilemuridae,Lepilemur,White_footed_Sportive_Lemur,AR
228,Lepilemuridae,Lepilemur,Small_toothed_Sportive_Lemur,AR
229,Lepilemuridae,Lepilemur,Daraina_Sportive_Lemur,AR
230,Lepilemuridae,Lepilemur,Mittermeier_s_Sportive_Lemur,AR
231,Lepilemuridae,Lepilemur,Weasel_Sportive_Lemur,AR
232,Lepilemuridae,Lepilemur,Ambodimahabibo_Sportive_Lemur,AR
233,Lepilemuridae,Lepilemur,Petter_s_Sportive_Lemur,AR
234,Lepilemuridae,Lepilemur,Bemaraha_Sportive_Lemur,AR
235,Lepilemuridae,Lepilemur,Red_tailed_Sportive_Lemur,AR
236,Lepilemuridae,Lepilemur,Sahamalaza_Sportive_Lemur,AR
237,Lepilemuridae,Lepilemur,Masoala_Sportive_Lemur,AR
238,Lepilemuridae,Lepilemur,Seal_s_Sportive_Lemur,AR
239,Lepilemuridae,Lepilemur,Sahafary_Sportive_Lemur,AR
240,Lepilemuridae,Lepilemur,Nosy_Be_Sportive_Lemur,AR
241,Lepilemuridae,Lepilemur,Wright_s_Sportive_Lemur,AR
242,Cercopithecidae,Lophocebus,Gray_cheeked_Mangabey,AR
243,Cercopithecidae,Lophocebus,Northern_Black_Crested_Mangabey,AR
244,Cercopithecidae,Lophocebus,Johnston_s_Mangabey,AR
245,Cercopithecidae,Lophocebus,Southern_Back_Crested_Mangabey,AR
246,Cercopithecidae,Lophocebus,Rusty_mantled_Mangabey,AR
247,Cercopithecidae,Lophocebus,Ugandan_Crested_Mangabey,AR
248,Lorisidae,Loris,Gray_Slender_Loris,AR
249,Lorisidae,Loris,Gray_Slender_Loris,BOTH
250,Lorisidae,Loris,Red_Slender_Loris,AR
251,Cercopithecidae,Macaca,Stump_tailed_Macaque,T
252,Cercopithecidae,Macaca,Stump_tailed_Macaque,BOTH
253,Cercopithecidae,Macaca,Assamese_Macaque,AR
254,Cercopithecidae,Macaca,Taiwanese_Macaque,BOTH
255,Cercopithecidae,Macaca,Long_tailed_Macaque,AR
256,Cercopithecidae,Macaca,Long_tailed_Macaque,BOTH
257,Cercopithecidae,Macaca,Japanese_Macaque,BOTH
258,Cercopithecidae,Macaca,Japanese_Macaque,AR
259,Cercopithecidae,Macaca,Heck_s_Macaque,AR
260,Cercopithecidae,Macaca,Northern_Pig_tailed_Macaque,AR
261,Cercopithecidae,Macaca,Northern_Pig_tailed_Macaque,BOTH
262,Cercopithecidae,Macaca,White_cheeked_Macaque,
263,Cercopithecidae,Macaca,Moor_Macaque,BOTH
264,Cercopithecidae,Macaca,Rhesus_Macaque,BOTH
265,Cercopithecidae,Macaca,Arunachal_Macaque,T
266,Cercopithecidae,Macaca,Arunachal_Macaque,BOTH
267,Cercopithecidae,Macaca,Sunda_Pig_tailed_Macaque,T
268,Cercopithecidae,Macaca,Sunda_Pig_tailed_Macaque,BOTH
269,Cercopithecidae,Macaca,Crested_Macaque,T
270,Cercopithecidae,Macaca,Gorontalo_Macaque,AR
271,Cercopithecidae,Macaca,Booted_Macaque,BOTH
272,Cercopithecidae,Macaca,Pagai_Macaque,BOTH
273,Cercopithecidae,Macaca,Pagai_Macaque,AR
274,Cercopithecidae,Macaca,Bonnet_Macaque,BOTH
275,Cercopithecidae,Macaca,Siberut_Macaque,T
276,Cercopithecidae,Macaca,Siberut_Macaque,AR
277,Cercopithecidae,Macaca,Lion_tailed_Macaque,AR
278,Cercopithecidae,Macaca,Toque_Macaque,AR
279,Cercopithecidae,Macaca,Barbary_Macaque,BOTH
280,Cercopithecidae,Macaca,Barbary_Macaque,T
281,Cercopithecidae,Macaca,Tibetan_Macaque,T
282,Cercopithecidae,Macaca,Tonkean_Macaque,BOTH
283,Cercopithecidae,Macaca,Tonkean_Macaque,AR
284,Cercopithecidae,Mandrillus,Drill,BOTH
285,Cercopithecidae,Mandrillus,Mandrill,T
286,Callitrichidae,Mico,Rio_Acarí_Marmoset,AR
287,Callitrichidae,Mico,Silvery_Marmoset,AR
288,Callitrichidae,Mico,Golden_white_Tassel_ear_Marmoset,AR
289,Callitrichidae,Mico,Snethlage_s_Marmoset,AR
290,Callitrichidae,Mico,Santarém_Marmoset,AR
291,Callitrichidae,Mico,Black_crowned_Dwarf_Marmoset,
292,Callitrichidae,Mico,Rio_Aripuanã_Marmoset,AR
293,Callitrichidae,Mico,Golden_white_Bare_ear_Marmoset,AR
294,Callitrichidae,Mico,Marca_s_Marmoset,AR
295,Callitrichidae,Mico,Maués_Marmoset,AR
296,Callitrichidae,Mico,Black_tailed_Marmoset,AR
297,Callitrichidae,Mico,Black_headed_Marmoset,AR
298,Callitrichidae,Mico,Rondon_s_Marmoset,AR
299,Callitrichidae,Mico,Sateré_Marmoset,AR
300,Cheirogaleidae,Microcebus,Montagne_d_Ambre_Mouse_Lemur,AR
301,Cheirogaleidae,Microcebus,Madame_Berthe_s_Mouse_Lemur,AR
302,Cheirogaleidae,Microcebus,Bongolava_Mouse_Lemur,AR
303,Cheirogaleidae,Microcebus, Nosy_Boraha_Mouse_Lemur,
304,Cheirogaleidae,Microcebus,Ambarijeby_Mouse_Lemur,AR
305,Cheirogaleidae,Microcebus,Ganzhorn's_Mouse_Lemur,
306,Cheirogaleidae,Microcebus,Gerp_s_Mouse_Lemur,AR
307,Cheirogaleidae,Microcebus,Gray_brown_Mouse_Lemur,AR
308,Cheirogaleidae,Microcebus,Jolly_s_Mouse_Lemur,AR
309,Cheirogaleidae,Microcebus,Goodman_s_Mouse_Lemur,AR
310,Cheirogaleidae,Microcebus,Anjiahely_Mouse_Lemur,AR
311,Cheirogaleidae,Microcebus,Nosy_Be_Mouse_Lemur,AR
312,Cheirogaleidae,Microcebus,Bemanasy_Mouse_Lemur,
313,Cheirogaleidae,Microcebus,Margot_Marsh_s_Mouse_Lemur,AR
314,Cheirogaleidae,Microcebus,Marohita_Mouse_Lemur,
315,Cheirogaleidae,Microcebus,Mittermeier_s_Mouse_Lemur,AR
316,Cheirogaleidae,Microcebus,Gray_Mouse_Lemur,AR
317,Cheirogaleidae,Microcebus,Peters_s_Mouse_Lemur,AR
318,Cheirogaleidae,Microcebus,Golden_brown_Mouse_Lemur,AR
319,Cheirogaleidae,Microcebus,Rufous_Mouse_Lemur,AR
320,Cheirogaleidae,Microcebus,Sambirano_Mouse_Lemur,AR
321,Cheirogaleidae,Microcebus,Simmons_s_Mouse_Lemur,AR
322,Cheirogaleidae,Microcebus,Anosi_Mouse_lemur,
323,Cheirogaleidae,Microcebus,Tavaratra_Mouse_Lemur,AR
324,Cercopithecidae,Miopithecus,Northern_Talapoin_Monkey,BOTH
325,Cercopithecidae,Miopithecus,Northern_Talapoin_Monkey,BOTH
326,Cercopithecidae,Miopithecus,Southern_Talapoin_Monkey,BOTH
327,Cercopithecidae,Miopithecus,Southern_Talapoin_Monkey,BOTH
328,Cheirogaleidae,Mirza,Coquerel_s_Giant_Mouse_Lemur,AR
329,Cheirogaleidae,Mirza,Northern_Giant_Mouse_Lemur,AR
330,Cercopithecidae,Nasalis,Proboscis_Monkey,AR
331,Hylobatidae,Nomascus,Northern_Yellow_cheeked_Crested_Gibbon,AR
332,Hylobatidae,Nomascus,Western_Black_Crested_Gibbon,AR
333,Hylobatidae,Nomascus,Southern_Yellow_cheeked_Crested_Gibbon,AR
334,Hylobatidae,Nomascus,Hainan_Crested_Gibbon,AR
335,Hylobatidae,Nomascus,Northern_White_cheeked_Crested_Gibbon,AR
336,Hylobatidae,Nomascus,Eastern_Black_Crested_Gibbon,AR
337,Hylobatidae,Nomascus,Southern_White_cheeked_Crested_Gibbon,AR
338,Lorisidae,Nycticebus,Bangka_Slow_Loris,AR
339,Lorisidae,Nycticebus,Bengal_Slow_Loris,AR
340,Lorisidae,Nycticebus,Bornean_Slow_Loris,AR
341,Lorisidae,Nycticebus,Sunda_Slow_Loris,AR
342,Lorisidae,Nycticebus,Javan_Slow_Loris,AR
343,Lorisidae,Nycticebus,Kayan_River_Slow_Loris,AR
344,Lorisidae,Nycticebus,Philippine_Slow_Loris,AR
345,Lorisidae,Nycticebus,Pygmy_Slow_Loris,AR
346,Galagidae,Otolemur,Thick_tailed_Greater_Galago,AR
347,Galagidae,Otolemur,Garnett_s_Greater_Galago,AR
348,Hominidae,Pan,Bonobo,BOTH
349,Hominidae,Pan,Chimpanzee,BOTH
350,Cercopithecidae,Papio,Olive_Baboon,T
351,Cercopithecidae,Papio,Olive_Baboon,BOTH
352,Cercopithecidae,Papio,Yellow_Baboon,T
353,Cercopithecidae,Papio,Yellow_Baboon,AR
354,Cercopithecidae,Papio,Hamadryas_Baboon,T
355,Cercopithecidae,Papio,Kinda_Baboon,T
356,Cercopithecidae,Papio,Guinea_Baboon,T
357,Cercopithecidae,Papio,Guinea_Baboon,BOTH
358,Cercopithecidae,Papio,Chacma_Baboon,T
359,Galagidae,Paragalago,Kenya_Coast_Dwarf_Galago,
360,Galagidae,Paragalago,Mozambique_Dwarf_Galago,
361,Galagidae,Paragalago,Mountain_Dwarf_Galago,
362,Galagidae,Paragalago,Rondo_Dwarf_Galago,
363,Galagidae,Paragalago,Tanzania_Coast_Dwarf_Galago,
364,Lorisidae,Perodicticus,Milne_Edwards_s_Potto,AR
365,Lorisidae,Perodicticus,East_African_Potto,AR
366,Lorisidae,Perodicticus,West_African_Potto,AR
367,Cheirogaleidae,Phaner,Montagne_D__Ambre_Fork_marked_Lemur,AR
368,Cheirogaleidae,Phaner,Masoala_Fork_marked_Lemur,AR
369,Cheirogaleidae,Phaner,Pale_Fork_marked_Lemur,AR
370,Cheirogaleidae,Phaner,Sambirano_Fork_marked_Lemur,AR
371,Cercopithecidae,Piliocolobus,Upper_Guinea_Red_Colobus,AR
372,Cercopithecidae,Piliocolobus,Bouvier_s_Red_Colobus,AR
373,Cercopithecidae,Piliocolobus,Niger_Delta_Red_Colobus,AR
374,Cercopithecidae,Piliocolobus,Foa_s_Red_Colobus,AR
375,Cercopithecidae,Piliocolobus,Udzungwa_Red_Colobus,AR
376,Cercopithecidae,Piliocolobus,Zanzibar_Red_Colobus,AR
377,Cercopithecidae,Piliocolobus,Lang_s_Red_Colobus,AR
378,Cercopithecidae,Piliocolobus,,
379,Cercopithecidae,Piliocolobus,Oustalet_s_Red_Colobus,AR
380,Cercopithecidae,Piliocolobus,Lomami_Red_Colobus,AR
381,Cercopithecidae,Piliocolobus,Pennant_s_Red_Colobus,AR
382,Cercopithecidae,Piliocolobus,Preuss_s_Red_Colobus,AR
383,Cercopithecidae,Piliocolobus,Tana_River_Red_Colobus,AR
384,Cercopithecidae,Piliocolobus,Semliki_Red_Colobus,AR
385,Cercopithecidae,Piliocolobus,Temminick_s_Red_Colobus,AR
386,Cercopithecidae,Piliocolobus,Temminick_s_Red_Colobus,BOTH
387,Cercopithecidae,Piliocolobus,Ashy_Red_Colobus,AR
388,Cercopithecidae,Piliocolobus,Tshuapa_Red_Colobus,AR
389,Cercopithecidae,Piliocolobus,Miss_Waldron_s_Red_Colobus,AR
390,Pitheciidae,Pithecia,Equatorial_Saki,AR
391,Pitheciidae,Pithecia,Buffy_Saki,AR
392,Pitheciidae,Pithecia,Cazuza_s_Saki,AR
393,Pitheciidae,Pithecia,Golden_faced_Saki,AR
394,Pitheciidae,Pithecia,Hairy_Saki,AR
395,Pitheciidae,Pithecia,Burnished_Saki,AR
396,Pitheciidae,Pithecia,Gray_s_Bald_faced_Saki,AR
397,Pitheciidae,Pithecia,Isabel_s_Saki,AR
398,Pitheciidae,Pithecia,Miller_s_Saki,AR
399,Pitheciidae,Pithecia,Mittermeier_s_Tapajós_Saki,AR
400,Pitheciidae,Pithecia,Monk_Saki,AR
401,Pitheciidae,Pithecia,Napo_Saki,AR
402,Pitheciidae,Pithecia,Pissinatti_s_Bald_faced_Saki,AR
403,Pitheciidae,Pithecia,White_faced_saki,AR
404,Pitheciidae,Pithecia,Rylands__Bald_faced_Saki,AR
405,Pitheciidae,Pithecia,Vanzolinis_Bald_faced_Saki,AR
406,Pitheciidae,Plecturocebus,Madidi_Titi,AR
407,Pitheciidae,Plecturocebus,Lake_Baptista_Titi,AR
408,Pitheciidae,Plecturocebus,Prince_Bernhard_s_Titi,AR
409,Pitheciidae,Plecturocebus,Brown_Titi,AR
410,Pitheciidae,Plecturocebus,Chestnut_bellied_Titi,AR
411,Pitheciidae,Plecturocebus,Caquetá_Titi,AR
412,Pitheciidae,Plecturocebus,Ashy_Titi,AR
413,Pitheciidae,Plecturocebus,Coppery_Titi,AR
414,Pitheciidae,Plecturocebus,Red_crowned_Titi,AR
415,Pitheciidae,Plecturocebus,White_eared_Titi,AR
416,Pitheciidae,Plecturocebus,Hoffmann_s_Titi,AR
417,Pitheciidae,Plecturocebus,Milton´s_titi_monkey,AR
418,Pitheciidae,Plecturocebus,Rio_Beni_Titi,AR
419,Pitheciidae,Plecturocebus,Red_bellied_Titi,AR
420,Pitheciidae,Plecturocebus,San_Martín_Titi,AR
421,Pitheciidae,Plecturocebus,Olalla_s_Titi,AR
422,Pitheciidae,Plecturocebus,Ornate_Titi,AR
423,Pitheciidae,Plecturocebus,Pale_Titi,AR
424,Pitheciidae,Plecturocebus,Stephen_Nash_s_Titi,AR
425,Pitheciidae,Plecturocebus,Toppins_Titi,AR
426,Pitheciidae,Plecturocebus,Urubamba_Brown_Titi,AR
427,Pitheciidae,Plecturocebus,Vieira_s_Titi,AR
428,Hominidae,Pongo,Sumatran_Orangutan,AR
429,Hominidae,Pongo,Bornean_Orangutan,AR
430,Hominidae,Pongo,Tapanuli_Orangutan,
431,Cercopithecidae,Presbytis,Black_and_white_Langur,AR
432,Cercopithecidae,Presbytis,Miller_s_Langur,AR
433,Cercopithecidae,Presbytis,Cross_marked_Langur,AR
434,Cercopithecidae,Presbytis,Javan_Langur,AR
435,Cercopithecidae,Presbytis,Banded_Langur,AR
436,Cercopithecidae,Presbytis,White_fronted_Langur,AR
437,Cercopithecidae,Presbytis,Hose_s_Langur,AR
438,Cercopithecidae,Presbytis,Black_crested_Sumatran_Langur,AR
439,Cercopithecidae,Presbytis,Mitered_Langur,AR
440,Cercopithecidae,Presbytis,Natuna_Islands_Langur,AR
441,Cercopithecidae,Presbytis,Mentawai_Langur,AR
442,Cercopithecidae,Presbytis,Maroon_Langur,AR
443,Cercopithecidae,Presbytis,Sabah_Grizzled_Langur,AR
444,Cercopithecidae,Presbytis,Pale_thighed_Langur,AR
445,Cercopithecidae,Presbytis,Siberut_Langur,AR
446,Cercopithecidae,Presbytis,Black_Sumatran_Langur,AR
447,Cercopithecidae,Presbytis,Thomas_s_Langur,AR
448,Cercopithecidae,Procolobus,Olive_Colobus,AR
449,Lemuridae,Prolemur,Greater_Bamboo_Lemur,AR
450,Indriidae,Propithecus,Silky_Sifaka,AR
451,Indriidae,Propithecus,Coquerel_s_Sifaka,AR
452,Indriidae,Propithecus,Crowned_Sifaka,AR
453,Indriidae,Propithecus,Decken_s_Sifaka,AR
454,Indriidae,Propithecus,Diademed_Sifaka,AR
455,Indriidae,Propithecus,Milne_Edwards_s_Sifaka,AR
456,Indriidae,Propithecus,Perrier_s_Sifaka,AR
457,Indriidae,Propithecus,Tattersall_s_Sifaka,AR
458,Indriidae,Propithecus,Verreaux_s_Sifaka,AR
459,Cercopithecidae,Pygathrix,Grey_shanked_Douc,AR
460,Cercopithecidae,Pygathrix,Red_shanked_Douc,AR
461,Cercopithecidae,Pygathrix,Black_shanked_Douc,AR
462,Cercopithecidae,Rhinopithecus,Tonkin_Snub_nosed_Monkey,AR
463,Cercopithecidae,Rhinopithecus,Yunnan_Snub_nosed_Monkey,BOTH
464,Cercopithecidae,Rhinopithecus,Yunnan_Snub_nosed_Monkey,BOTH
465,Cercopithecidae,Rhinopithecus,Guizhou_Snub_nosed_Monkey,BOTH
466,Cercopithecidae,Rhinopithecus,Golden_Snub_nosed_Monkey,BOTH
467,Cercopithecidae,Rhinopithecus,Stryker_s_Snub_nosed_Monkey,BOTH
468,Cercopithecidae,Rungwecebus,Kipunji,AR
469,Callitrichidae,Saguinus,Pied_Tamarin,AR
470,Callitrichidae,Saguinus,Geoffroy_s_Tamarin,AR
471,Callitrichidae,Saguinus,Emperor_Tamarin,AR
472,Callitrichidae,Saguinus,Mottled_face_Tamarin,AR
473,Callitrichidae,Saguinus,Red_bellied_Tamarin,AR
474,Callitrichidae,Saguinus,White_footed_Tamarin,AR
475,Callitrichidae,Saguinus,Martin_s_Bare_faced_Tamarin,AR
476,Callitrichidae,Saguinus,Midas_Tamarin,AR
477,Callitrichidae,Saguinus,Mustached_Tamarin,AR
478,Callitrichidae,Saguinus,Western_Black_handed_Tamarin,AR
479,Callitrichidae,Saguinus,Cotton_top_Tamarin,AR
480,Callitrichidae,Saguinus,Eastern_Black_handed_Tamarin,AR
481,Cebidae,Saimiri,Black_capped_Squirrel_Monkey,AR
482,Cebidae,Saimiri,Humboldt_s_Squirrel_Monkey,AR
483,Cebidae,Saimiri,Collins'_Squirrel_Monkey,
484,Cebidae,Saimiri,Ecuadorian_Squirrel_Monkey,AR
485,Cebidae,Saimiri,Central_American_Squirrel_Monkey,AR
486,Cebidae,Saimiri,Guianan_Squirrel_Monkey,AR
487,Cebidae,Saimiri,Golden_backed_Squirrel_Monkey,AR
488,Cebidae,Saimiri,Black_headed_Squirrel_Monkey,AR
489,Cebidae,Sapajus,Guianan_Brown_Capuchin,AR
490,Cebidae,Sapajus,Hooded_Capuchin,AR
491,Cebidae,Sapajus,Blond_Capuchin,AR
492,Cebidae,Sapajus,Bearded_Capuchin,AR
493,Cebidae,Sapajus,Large_headed_Capuchin,AR
494,Cebidae,Sapajus,Black_horned_Capuchin,AR
495,Cebidae,Sapajus,Crested_Capuchin,AR
496,Cebidae,Sapajus,Yellow_breasted_Capuchin,AR
497,Galagidae,Sciurocheirus,Bioko_Squirrel_Galago,AR
498,Galagidae,Sciurocheirus,Cross_River_Squirrel_Galago,AR
499,Galagidae,Sciurocheirus,Gabon_Squirrel_Galago,AR
500,Galagidae,Sciurocheirus,Makandé_squirrel_galago,AR
501,Cercopithecidae,Semnopithecus,Chamba_Sacred_Langur,T
502,Cercopithecidae,Semnopithecus,Chamba_Sacred_Langur,AR
503,Cercopithecidae,Semnopithecus,Bengal_Sacred_Langur,T
504,Cercopithecidae,Semnopithecus,Terai_Sacred_Langur,BOTH
505,Cercopithecidae,Semnopithecus,Malabar_Sacred_Langur,T
506,Cercopithecidae,Semnopithecus,Malabar_Sacred_Langur,BOTH
507,Cercopithecidae,Semnopithecus,Nilgiri_Langur,AR
508,Cercopithecidae,Semnopithecus,Tufted_Gray_Langur,T
509,Cercopithecidae,Semnopithecus,Tufted_Gray_Langur,BOTH
510,Cercopithecidae,Semnopithecus,Nepal_Sacred_Langur,BOTH
511,Cercopithecidae,Semnopithecus,Purple_faced_Langur,AR
512,Cercopithecidae,Simias,Pig_tailed_Langur,BOTH
513,Cercopithecidae,Simias,Pig_tailed_Langur,AR
514,Hylobatidae,Symphalangus,Siamang,AR
515,Tarsiidae,Tarsius,Dian_s_Tarsier,AR
516,Tarsiidae,Tarsius,Makassar_Tarsier,AR
517,Tarsiidae,Tarsius,Lariang_Tarsier,AR
518,Tarsiidae,Tarsius,Peleng_Tarsier,AR
519,Tarsiidae,Tarsius,Sulawesi_Mountain_Tarsier,AR
520,Tarsiidae,Tarsius,Great_Sangihe_Tarsier,AR
521,Tarsiidae,Tarsius,Gursky's_Spectral_Tarsier ,
522,Tarsiidae,Tarsius,Jatna's_Tarsier,
523,Tarsiidae,Tarsius,Selayar_Tarsier,AR
524,Tarsiidae,Tarsius,Siau_Island_Tarsier,AR
525,Tarsiidae,Tarsius,Wallace_s_Tarsier,AR
526,Cercopithecidae,Theropithecus,Gelada,T
527,Cercopithecidae,Trachypithecus,East_Javan_Langur,AR
528,Cercopithecidae,Trachypithecus,Tenasserim_Langur,
529,Cercopithecidae,Trachypithecus,Indochinese_Gray_Langur,AR
530,Cercopithecidae,Trachypithecus,Silvered_Langur,AR
531,Cercopithecidae,Trachypithecus,Delacour_s_Langur,BOTH
532,Cercopithecidae,Trachypithecus,Delacour_s_Langur,AR
533,Cercopithecidae,Trachypithecus,Black_Langur,BOTH
534,Cercopithecidae,Trachypithecus,Francois_s_Langur,BOTH
535,Cercopithecidae,Trachypithecus,Francois_s_Langur,AR
536,Cercopithecidae,Trachypithecus,Golden_Langur,AR
537,Cercopithecidae,Trachypithecus,Germain_s_Langur,AR
538,Cercopithecidae,Trachypithecus,Hatinh_Langur,BOTH
539,Cercopithecidae,Trachypithecus,Hatinh_Langur,AR
540,Cercopithecidae,Trachypithecus,Laos_Langur,BOTH
541,Cercopithecidae,Trachypithecus,White_headed_Langur,BOTH
542,Cercopithecidae,Trachypithecus,Annamese_Langur,AR
543,Cercopithecidae,Trachypithecus,West_Javan_Langur,AR
544,Cercopithecidae,Trachypithecus,Dusky_Langur,AR
545,Cercopithecidae,Trachypithecus,Phayre_s_Langur,AR
546,Cercopithecidae,Trachypithecus,Capped_Langur,AR
547,Cercopithecidae,Trachypithecus,Cat_Ba_Langur,BOTH
548,Cercopithecidae,Trachypithecus,Selangor_Silvery_Langur,AR
549,Cercopithecidae,Trachypithecus,Shortridge_s_Langur,AR
550,Lemuridae,Varecia,Red_Ruffed_Lemur,AR
551,Lemuridae,Varecia,Black_and_white_Ruffed_Lemur,AR
