,Family,Genus,CommonName,Status
0,Cercopithecidae,Allenopithecus,Allen_s_Swamp_Monkey,LC
1,Cheirogaleidae,Allocebus,Hairy_eared_Dwarf_Lemur,VU
2,Cercopithecidae,Allochrocebus,L_Hoest_s_Monkey,VU
3,Cercopithecidae,Allochrocebus,Preuss_s_Monkey,EN
4,Cercopithecidae,Allochrocebus,Sun_tailed_Monkey,VU
5,Atelidae,Alouatta,Ursine_Red_Howler,LC
6,Atelidae,Alouatta,Red_handed_Howler,VU
7,Atelidae,Alouatta,Paraguayan_Howler,LC
8,Atelidae,Alouatta,Spix_s_Howler,VU
9,Atelidae,Alouatta,Brown_Howler,LC
10,Atelidae,Alouatta,Guianan_Red_Howler,LC
11,Atelidae,Alouatta,Amazon_Black_Howler,LC
12,Atelidae,Alouatta,Mantled_Howler,LC
13,Atelidae,Alouatta,Central_American_Black_Howler,EN
14,Atelidae,Alouatta,Bolivian_Red_Howler,LC
15,Atelidae,Alouatta,Colombian_Red_Howler,LC
16,Atelidae,Alouatta,Maranhão_Red_handed_Howler,EN
17,Aotidae,Aotus,Azara_s_Night_Monkey,LC
18,Aotidae,Aotus,Brumback_s_Night_Monkey,VU
19,Aotidae,Aotus,Gray_legged_Night_Monkey,VU
20,Aotidae,Aotus,Hernández_Camacho_s_Night_Monkey,DD
21,Aotidae,Aotus,Lemurine_Night_Monkey,VU
22,Aotidae,Aotus,Andean_Night_Monkey,VU
23,Aotidae,Aotus,Ma_s_Night_Monkey,VU
24,Aotidae,Aotus,Black_headed_Night_Monkey,LC
25,Aotidae,Aotus,Humboldt_s_Night_Monkey,LC
26,Aotidae,Aotus,Spix_s_Night_Monkey,LC
27,Aotidae,Aotus,Panamanian_Night_Monkey,DD
28,Lorisidae,Arctocebus,Golden_Angwantibo,LC
29,Lorisidae,Arctocebus,Calabar_Angwantibo,LC
30,Atelidae,Ateles,White_bellied_Spider_Monkey,EN
31,Atelidae,Ateles,Black_Spider_Monkey,EN
32,Atelidae,Ateles,Brown_headed_Spider_Monkey,CR
33,Atelidae,Ateles,Central_American_Spider_Monkey,EN
34,Atelidae,Ateles,Variegated_Spider_Monkey,CR
35,Atelidae,Ateles,White_whiskered_Spider_Monkey,EN
36,Atelidae,Ateles,Red_faced_Black_Spider_Monkey,VU
37,Indriidae,Avahi,Betsileo_Woolly_Lemur,EN
38,Indriidae,Avahi,Bemaraha_Woolly_Lemur,EN
39,Indriidae,Avahi,Eastern_Woolly_Lemur,VU
40,Indriidae,Avahi,Southern_Woolly_Lemur,EN
41,Indriidae,Avahi,Masoala_Woolly_Lemur,EN
42,Indriidae,Avahi,Western_Woolly_Lemur,EN
43,Indriidae,Avahi,Peyrieras_s_Woolly_Lemur,VU
44,Indriidae,Avahi,Manombo_Woolly_Lemur,VU
45,Indriidae,Avahi,Sambirano_Woolly_Lemur,EN
46,Atelidae,Brachyteles,Southern_Muriqui,EN
47,Atelidae,Brachyteles,Northern_Muriqui,CR
48,Pitheciidae,Cacajao,Ayres_Black_Uakari,VU
49,Pitheciidae,Cacajao,Bald_Uacari,VU
50,Pitheciidae,Cacajao,Black_headed_Uacari,VU
51,Pitheciidae,Cacajao,Black_headed_Uacari,LC
52,Pitheciidae,Cacajao,Spix_s_Black_headed_Uacari,VU
53,Callitrichidae,Callibella,Black_crowned_Dwarf_Marmoset,LC
54,Pitheciidae,Callicebus,Blond_Titi,CR
55,Pitheciidae,Callicebus,Coimbra_Filho_s_Titi,EN
56,Pitheciidae,Callicebus,Southern_Bahian_Titi,VU
57,Pitheciidae,Callicebus,Black_fronted_Titi,NT
58,Pitheciidae,Callicebus,Masked_Titi,VU
59,Callitrichidae,Callimico,Goeldi_s_Monkey*,VU
60,Callitrichidae,Callithrix,Buffy_tufted_ear_Marmoset,VU
61,Callitrichidae,Callithrix,Buffy_headed_Marmoset,EN
62,Callitrichidae,Callithrix,Geoffroy_s_Tufted_ear_Marmoset,LC
63,Callitrichidae,Callithrix,Common_Marmoset,LC
64,Callitrichidae,Callithrix,Wied_s_Black_tufted_ear_Marmoset,NT
65,Callitrichidae,Callithrix,Black_tufted_ear_Marmoset,LC
66,Tarsiidae,Carlito,Philippine_Tarsier,NT
67,Callitrichidae,Cebuella,Eastern_Pygmy_Marmoset,LC
68,Callitrichidae,Cebuella,Pygmy_Marmoset,LC
69,Cebidae,Cebus,Ecuadorian_White_fronted_Capuchin,CR
70,Cebidae,Cebus,Humboldt_s_White_fronted_Capuchin,LC
71,Cebidae,Cebus,Venezuelan_Brown_Capuchin,LC
72,Cebidae,Cebus,Colombian_White_faced_Capuchin,LC
73,Cebidae,Cebus,Río_Cesar_White_fronted_Capuchin,DD
74,Cebidae,Cebus,Shock_headed_Capuchin,NT
75,Cebidae,Cebus,Panamanian_White_faced_Capuchin,LC
76,Cebidae,Cebus,Ka_apor_Capuchin,CR
77,Cebidae,Cebus,Sierra_de_Perijá_White_fronted_Capuchin,NE
78,Cebidae,Cebus,Santa_Marta_White_fronted_Capuchin,EN
79,Cebidae,Cebus,Guianan_Weeper_Capuchin,LC
80,Cebidae,Cebus,Spix_s_White_fronted_Capuchin,LC
81,Cebidae,Cebus,Varied_White_fronted_Capuchin,EN
82,Cebidae,Cebus,Marañón_White_fronted_Capuchin,NE
83,Tarsiidae,Cephalopachus,Western_Tarsier,VU
84,Cercopithecidae,Cercocebus,Agile_Mangabey,LC
85,Cercopithecidae,Cercocebus,Sooty_Mangabey,NT
86,Cercopithecidae,Cercocebus,Golden_bellied_Mangabey,DD
87,Cercopithecidae,Cercocebus,Tana_River_Mangabey,EN
88,Cercopithecidae,Cercocebus,White_naped_Mangabey,EN
89,Cercopithecidae,Cercocebus,Sanje_River_Mangabey,EN
90,Cercopithecidae,Cercocebus,Red_capped_Mangabey,VU
91,Cercopithecidae,Cercopithecus,Syke_s_Monkey,LC
92,Cercopithecidae,Cercopithecus,Red_tailed_Monkey,LC
93,Cercopithecidae,Cercopithecus,Campbell_s_Monkey,LC
94,Cercopithecidae,Cercopithecus,Moustached_Monkey,LC
95,Cercopithecidae,Cercopithecus,Dent_s_Monkey,LC
96,Cercopithecidae,Cercopithecus,Diana_Monkey,VU
97,Cercopithecidae,Cercopithecus,Silver_Monkey,LC
98,Cercopithecidae,Cercopithecus,Dryas_Monkey,CR
99,Cercopithecidae,Cercopithecus,Red_bellied_Monkey,VU
100,Cercopithecidae,Cercopithecus,Red_eared_Monkey,VU
101,Cercopithecidae,Cercopithecus,Owl_faced_Monkey,VU
102,Cercopithecidae,Cercopithecus,Virungas_Golden_Monkey,EN
103,Cercopithecidae,Cercopithecus,Lesula,NE
104,Cercopithecidae,Cercopithecus,Lowe_s_Monkey,LC
105,Cercopithecidae,Cercopithecus,Blue_Monkey,LC
106,Cercopithecidae,Cercopithecus,Mona_Monkey,LC
107,Cercopithecidae,Cercopithecus,De_Brazza_s_Monkey,LC
108,Cercopithecidae,Cercopithecus,Putty_nosed_Monkey,LC
109,Cercopithecidae,Cercopithecus,Spot_nosed_Monkey,LC
110,Cercopithecidae,Cercopithecus,Crowned_Monkey,VU
111,Cercopithecidae,Cercopithecus,Roloway_Monkey,EN
112,Cercopithecidae,Cercopithecus,Sclater_s_Monkey,VU
113,Cercopithecidae,Cercopithecus,Wolf_s_Monkey,LC
114,Cheirogaleidae,Cheirogaleus,Montagne_d_Ambre_Dwarf_Lemur,NE
115,Cheirogaleidae,Cheirogaleus,Crossley_s_Dwarf_Lemur,DD
116,Cheirogaleidae,Cheirogaleus,Lavasoa_Dwarf_lemur,NE
117,Cheirogaleidae,Cheirogaleus,Greater_Dwarf_Lemur,DD
118,Cheirogaleidae,Cheirogaleus,Fat_tailed_Dwarf_Lemur,LC
119,Cheirogaleidae,Cheirogaleus,Lesser_Iron_gray_Dwarf_Lemur,DD
120,Cheirogaleidae,Cheirogaleus, Sheth's_Dwarf_Lemur,
121,Cheirogaleidae,Cheirogaleus,Sibree_s_Dwarf_Lemur,CR
122,Cheirogaleidae,Cheirogaleus,Thomas_s_Dwarf_Lemur,NE
123,Pitheciidae,Cheracebus,Yellow_handed_Titi,LC
124,Pitheciidae,Cheracebus,White_chested_Titi,LC
125,Pitheciidae,Cheracebus,Medem_s_Titi,VU
126,Pitheciidae,Cheracebus,Rio_Purus_Titi,LC
127,Pitheciidae,Cheracebus,Rio_Juruá_Collared_Titi,LC
128,Pitheciidae,Cheracebus,White_collared_Titi,LC
129,Pitheciidae,Chiropotes,White_nosed_Bearded_Saki,EN
130,Pitheciidae,Chiropotes,Rio_Negro_Beared_Saki,LC
131,Pitheciidae,Chiropotes, Brown_backed_Bearded_Saki,
132,Pitheciidae,Chiropotes,Guianan_Beared_Saki,NE
133,Pitheciidae,Chiropotes,Black_Bearded_Saki,CR
134,Pitheciidae,Chiropotes,Uta_Hick_s_Bearded_Saki,EN
135,Cercopithecidae,Chlorocebus,Grivet_Monkey,LC
136,Cercopithecidae,Chlorocebus,Malbrouck_Monkey,LC
137,Cercopithecidae,Chlorocebus,Bale_Monkey,VU
138,Cercopithecidae,Chlorocebus,Vervet_Monkey,LC
139,Cercopithecidae,Chlorocebus,Green_Monkey,LC
140,Cercopithecidae,Chlorocebus,Tantalus_Monkey,LC
141,Cercopithecidae,Colobus,Angolan_Colobus,LC
142,Cercopithecidae,Colobus,Guereza,LC
143,Cercopithecidae,Colobus,King_Colobus,VU
144,Cercopithecidae,Colobus,Black_Colobus,VU
145,Cercopithecidae,Colobus,White_thighed_Colobus,VU
146,Daubentoniidae,Daubentonia,Aye_aye,EN
147,Cercopithecidae,Erythrocebus,Patas_Monkey,LC
148,Cercopithecidae,Erythrocebus,Heuglin's_Patas_Monkey,
149,Lemuridae,Eulemur,White_fronted_Brown_Lemur,EN
150,Lemuridae,Eulemur,White_collared_Brown_Lemur,CR
151,Lemuridae,Eulemur,Red_collared_Brown_Lemur,EN
152,Lemuridae,Eulemur,Crowned_Lemur,EN
153,Lemuridae,Eulemur,Blue_eyed_Black_Lemur,CR
154,Lemuridae,Eulemur,Brown_Lemur,NT
155,Lemuridae,Eulemur,Black_Lemur,VU
156,Lemuridae,Eulemur,Mongoose_Lemur,CR
157,Lemuridae,Eulemur,Red_bellied_Lemur,VU
158,Lemuridae,Eulemur,Red_fronted_Brown_Lemur,NT
159,Lemuridae,Eulemur,Rufous_Brown_Lemur,VU
160,Lemuridae,Eulemur,Sanford_s_Brown_Lemur,EN
161,Galagidae,Euoticus,Southern_Needle_clawed_Galago,LC
162,Galagidae,Euoticus,Northern_Needle_clawed_Galago,LC
163,Galagidae,Galago,Somali_Lesser_Galago,LC
164,Galagidae,Galago,Spectacled_Lesser_Galago,LC
165,Galagidae,Galago,Southern_Lesser_Galago,LC
166,Galagidae,Galago,Northern_Lesser_Galago,LC
167,Galagidae,Galagoides,Kenya_Coast_Dwarf_Galago,LC
168,Galagidae,Galagoides,Demidoff_s_Dwarf_Galago,LC
169,Galagidae,Galagoides,Mozambique_Dwarf_Galago,LC
170,Galagidae,Galagoides,Mountain_Dwarf_Galago,NT
171,Galagidae,Galagoides,Rondo_Dwarf_Galago,CR
172,Galagidae,Galagoides,Angolan_Dwarf_Galago,
173,Galagidae,Galagoides,Thomas_s_Dwarf_Galago,LC
174,Galagidae,Galagoides,Tanzania_Coast_Dwarf_Galago,LC
175,Hominidae,Gorilla,Eastern_Gorilla,CR
176,Hominidae,Gorilla,Western_Gorilla,CR
177,Lemuridae,Hapalemur,Lac_Alaotra_Bamboo_Lemur,CR
178,Lemuridae,Hapalemur,Golden_Bamboo_Lemur,CR
179,Lemuridae,Hapalemur,Gray_Bamboo_Lemur,VU
180,Lemuridae,Hapalemur,Southern_Bamboo_Lemur,VU
181,Lemuridae,Hapalemur,Northern_Bamboo_Lemur,VU
182,Hylobatidae,Hoolock,Western_Hoolock_Gibbon,EN
183,Hylobatidae,Hoolock,Eastern_Hoolock_Gibbon,VU
184,Hylobatidae,Hoolock,Skywalker_Hoolock_Gibbon,
185,Hylobatidae,Hylobates,Abbott_s_Gray_Gibbon,EN
186,Hylobatidae,Hylobates,Agile_Gibbon,EN
187,Hylobatidae,Hylobates,Bornean_White_bearded_Gibbon,EN
188,Hylobatidae,Hylobates,East_Bornean_Gray_Gibbon,EN
189,Hylobatidae,Hylobates,Kloss_s_Gibbon,EN
190,Hylobatidae,Hylobates,Lar_Gibbon,EN
191,Hylobatidae,Hylobates,Moloch_Gibbon,EN
192,Hylobatidae,Hylobates,Müller_s_Gibbon,EN
193,Hylobatidae,Hylobates,Pileated_Gibbon,EN
194,Indriidae,Indri,Indri,CR
195,Atelidae,Lagothrix,Gray_Woolly_Monkey,EN
196,Atelidae,Lagothrix,Peruvian_Yellow_tailed_Woolly_Monkey,CR
197,Atelidae,Lagothrix,Humboldt_s_Woolly_Monkey,VU
198,Atelidae,Lagotrix,Colombian_Woolly_Monkey,CR
199,Atelidae,Lagothrix,Poeppig_s_Woolly_Monkey,VU
200,Lemuridae,Lemur,Ring_tailed_Lemur,EN
201,Callitrichidae,Leontocebus,Cruz_Limas_Saddle_back_Tamarin,LC
202,Callitrichidae,Leontocebus,Spix_s_Saddle_back_Tamarin,LC
203,Callitrichidae,Leontocebus,Lesson_s_Saddle_back_Tamarin,LC
204,Callitrichidae,Leontocebus,Illiger_s_Saddle_back_Tamarin,LC
205,Callitrichidae,Leontocebus,Red_mantled_Saddle_back_Tamarin,LC
206,Callitrichidae,Leontocebus,Andean_Saddle_back_Tamarin,LC
207,Callitrichidae,Leontocebus,Black_mantled_tamarin,LC
208,Callitrichidae,Leontocebus,Geoffroy_s_Saddle_back_Tamarin,LC
209,Callitrichidae,Leontocebus,Golden_mantled_Saddle_back_Tamarin,NT
210,Callitrichidae,Leontocebus,Weddells_Saddle_back_Tamarin,LC
211,Callitrichidae,Leontopithecus,Black_faced_Lion_Tamarin,CR
212,Callitrichidae,Leontopithecus,Golden_headed_Lion_Tamarin,EN
213,Callitrichidae,Leontopithecus,Black_Lion_Tamarin,EN
214,Callitrichidae,Leontopithecus,Golden_Lion_Tamarin,EN
215,Lepilemuridae,Lepilemur,Antafia_Sportive_Lemur,VU
216,Lepilemuridae,Lepilemur,Tsiombikibo_Sportive_Lemur,EN
217,Lepilemuridae,Lepilemur,Ankarana_Sportive_Lemur,EN
218,Lepilemuridae,Lepilemur,Betsileo_Sportive_Lemur,EN
219,Lepilemuridae,Lepilemur,Gray_s_Sportive_Lemur,VU
220,Lepilemuridae,Lepilemur,Milne_Edwards_s_Sportive_Lemur,EN
221,Lepilemuridae,Lepilemur,Andohahela_Sportive_Lemur,CR
222,Lepilemuridae,Lepilemur,Anjiamangirana_Sportive_Lemur,EN
223,Lepilemuridae,Lepilemur,Mananara_Nord_Sportive_Lemur,EN
224,Lepilemuridae,Lepilemur,Zombitse_Sportive_Lemur,EN
225,Lepilemuridae,Lepilemur,Manombo_Sportive_Lemur,CR
226,Lepilemuridae,Lepilemur,White_footed_Sportive_Lemur,EN
227,Lepilemuridae,Lepilemur,Small_toothed_Sportive_Lemur,EN
228,Lepilemuridae,Lepilemur,Daraina_Sportive_Lemur,EN
229,Lepilemuridae,Lepilemur,Mittermeier_s_Sportive_Lemur,EN
230,Lepilemuridae,Lepilemur,Weasel_Sportive_Lemur,NT
231,Lepilemuridae,Lepilemur,Ambodimahabibo_Sportive_Lemur,EN
232,Lepilemuridae,Lepilemur,Petter_s_Sportive_Lemur,VU
233,Lepilemuridae,Lepilemur,Bemaraha_Sportive_Lemur,EN
234,Lepilemuridae,Lepilemur,Red_tailed_Sportive_Lemur,VU
235,Lepilemuridae,Lepilemur,Sahamalaza_Sportive_Lemur,CR
236,Lepilemuridae,Lepilemur,Masoala_Sportive_Lemur,EN
237,Lepilemuridae,Lepilemur,Seal_s_Sportive_Lemur,VU
238,Lepilemuridae,Lepilemur,Sahafary_Sportive_Lemur,CR
239,Lepilemuridae,Lepilemur,Nosy_Be_Sportive_Lemur,CR
240,Lepilemuridae,Lepilemur,Wright_s_Sportive_Lemur,EN
241,Cercopithecidae,Lophocebus,Gray_cheeked_Mangabey,LC
242,Cercopithecidae,Lophocebus,Northern_Black_Crested_Mangabey,NT
243,Cercopithecidae,Lophocebus,Johnston_s_Mangabey,LC
244,Cercopithecidae,Lophocebus,Southern_Back_Crested_Mangabey,DD
245,Cercopithecidae,Lophocebus,Rusty_mantled_Mangabey,LC
246,Cercopithecidae,Lophocebus,Ugandan_Crested_Mangabey,NE
247,Lorisidae,Loris,Gray_Slender_Loris,LC
248,Lorisidae,Loris,Red_Slender_Loris,EN
249,Cercopithecidae,Macaca,Stump_tailed_Macaque,VU
250,Cercopithecidae,Macaca,Assamese_Macaque,NT
251,Cercopithecidae,Macaca,Taiwanese_Macaque,LC
252,Cercopithecidae,Macaca,Long_tailed_Macaque,LC
253,Cercopithecidae,Macaca,Japanese_Macaque,LC
254,Cercopithecidae,Macaca,Heck_s_Macaque,VU
255,Cercopithecidae,Macaca,Northern_Pig_tailed_Macaque,VU
256,Cercopithecidae,Macaca,White_cheeked_Macaque,NE
257,Cercopithecidae,Macaca,Moor_Macaque,EN
258,Cercopithecidae,Macaca,Rhesus_Macaque,LC
259,Cercopithecidae,Macaca,Arunachal_Macaque,EN
260,Cercopithecidae,Macaca,Sunda_Pig_tailed_Macaque,VU
261,Cercopithecidae,Macaca,Crested_Macaque,CR
262,Cercopithecidae,Macaca,Gorontalo_Macaque,VU
263,Cercopithecidae,Macaca,Booted_Macaque,VU
264,Cercopithecidae,Macaca,Pagai_Macaque,CR
265,Cercopithecidae,Macaca,Bonnet_Macaque,LC
266,Cercopithecidae,Macaca,Siberut_Macaque,VU
267,Cercopithecidae,Macaca,Lion_tailed_Macaque,EN
268,Cercopithecidae,Macaca,Toque_Macaque,EN
269,Cercopithecidae,Macaca,Barbary_Macaque,EN
270,Cercopithecidae,Macaca,Tibetan_Macaque,NT
271,Cercopithecidae,Macaca,Tonkean_Macaque,VU
272,Cercopithecidae,Mandrillus,Drill,EN
273,Cercopithecidae,Mandrillus,Mandrill,VU
274,Callitrichidae,Mico,Rio_Acarí_Marmoset,LC
275,Callitrichidae,Mico,Silvery_Marmoset,LC
276,Callitrichidae,Mico,Golden_white_Tassel_ear_Marmoset,LC
277,Callitrichidae,Mico,Snethlage_s_Marmoset,LC
278,Callitrichidae,Mico,Santarém_Marmoset,DD
279,Callitrichidae,Mico,Black_crowned_Dwarf_Marmoset,
280,Callitrichidae,Mico,Rio_Aripuanã_Marmoset,LC
281,Callitrichidae,Mico,Golden_white_Bare_ear_Marmoset,VU
282,Callitrichidae,Mico,Marca_s_Marmoset,DD
283,Callitrichidae,Mico,Maués_Marmoset,LC
284,Callitrichidae,Mico,Black_tailed_Marmoset,LC
285,Callitrichidae,Mico,Black_headed_Marmoset,DD
286,Callitrichidae,Mico,Rondon_s_Marmoset,VU
287,Callitrichidae,Mico,Sateré_Marmoset,LC
288,Cheirogaleidae,Microcebus,Montagne_d_Ambre_Mouse_Lemur,EN
289,Cheirogaleidae,Microcebus,Madame_Berthe_s_Mouse_Lemur,EN
290,Cheirogaleidae,Microcebus,Bongolava_Mouse_Lemur,EN
291,Cheirogaleidae,Microcebus, Nosy_Boraha_Mouse_Lemur,
292,Cheirogaleidae,Microcebus,Ambarijeby_Mouse_Lemur,EN
293,Cheirogaleidae,Microcebus,Ganzhorn's_Mouse_Lemur,
294,Cheirogaleidae,Microcebus,Gerp_s_Mouse_Lemur,CR
295,Cheirogaleidae,Microcebus,Gray_brown_Mouse_Lemur,LC
296,Cheirogaleidae,Microcebus,Jolly_s_Mouse_Lemur,EN
297,Cheirogaleidae,Microcebus,Goodman_s_Mouse_Lemur,VU
298,Cheirogaleidae,Microcebus,Anjiahely_Mouse_Lemur,EN
299,Cheirogaleidae,Microcebus,Nosy_Be_Mouse_Lemur,CR
300,Cheirogaleidae,Microcebus,Bemanasy_Mouse_Lemur,
301,Cheirogaleidae,Microcebus,Margot_Marsh_s_Mouse_Lemur,EN
302,Cheirogaleidae,Microcebus,Marohita_Mouse_Lemur,CR
303,Cheirogaleidae,Microcebus,Mittermeier_s_Mouse_Lemur,EN
304,Cheirogaleidae,Microcebus,Gray_Mouse_Lemur,LC
305,Cheirogaleidae,Microcebus,Peters_s_Mouse_Lemur,VU
306,Cheirogaleidae,Microcebus,Golden_brown_Mouse_Lemur,EN
307,Cheirogaleidae,Microcebus,Rufous_Mouse_Lemur,VU
308,Cheirogaleidae,Microcebus,Sambirano_Mouse_Lemur,EN
309,Cheirogaleidae,Microcebus,Simmons_s_Mouse_Lemur,EN
310,Cheirogaleidae,Microcebus,Anosi_Mouse_lemur,NE
311,Cheirogaleidae,Microcebus,Tavaratra_Mouse_Lemur,VU
312,Cercopithecidae,Miopithecus,Northern_Talapoin_Monkey,LC
313,Cercopithecidae,Miopithecus,Southern_Talapoin_Monkey,LC
314,Cheirogaleidae,Mirza,Coquerel_s_Giant_Mouse_Lemur,EN
315,Cheirogaleidae,Mirza,Northern_Giant_Mouse_Lemur,EN
316,Cercopithecidae,Nasalis,Proboscis_Monkey,EN
317,Hylobatidae,Nomascus,Northern_Yellow_cheeked_Crested_Gibbon,NE
318,Hylobatidae,Nomascus,Western_Black_Crested_Gibbon,CR
319,Hylobatidae,Nomascus,Southern_Yellow_cheeked_Crested_Gibbon,EN
320,Hylobatidae,Nomascus,Hainan_Crested_Gibbon,CR
321,Hylobatidae,Nomascus,Northern_White_cheeked_Crested_Gibbon,CR
322,Hylobatidae,Nomascus,Eastern_Black_Crested_Gibbon,CR
323,Hylobatidae,Nomascus,Southern_White_cheeked_Crested_Gibbon,EN
324,Lorisidae,Nycticebus,Bangka_Slow_Loris,NE
325,Lorisidae,Nycticebus,Bengal_Slow_Loris,VU
326,Lorisidae,Nycticebus,Bornean_Slow_Loris,NE
327,Lorisidae,Nycticebus,Sunda_Slow_Loris,VU
328,Lorisidae,Nycticebus,Javan_Slow_Loris,CR
329,Lorisidae,Nycticebus,Kayan_River_Slow_Loris,NE
330,Lorisidae,Nycticebus,Philippine_Slow_Loris,VU
331,Lorisidae,Nycticebus,Pygmy_Slow_Loris,VU
332,Galagidae,Otolemur,Thick_tailed_Greater_Galago,LC
333,Galagidae,Otolemur,Garnett_s_Greater_Galago,LC
334,Hominidae,Pan,Bonobo,EN
335,Hominidae,Pan,Chimpanzee,EN
336,Cercopithecidae,Papio,Olive_Baboon,LC
337,Cercopithecidae,Papio,Yellow_Baboon,LC
338,Cercopithecidae,Papio,Hamadryas_Baboon,LC
339,Cercopithecidae,Papio,Kinda_Baboon,LC
340,Cercopithecidae,Papio,Guinea_Baboon,NT
341,Cercopithecidae,Papio,Chacma_Baboon,LC
342,Galagidae,Paragalago,Kenya_Coast_Dwarf_Galago,
343,Galagidae,Paragalago,Mozambique_Dwarf_Galago,
344,Galagidae,Paragalago,Mountain_Dwarf_Galago,
345,Galagidae,Paragalago,Rondo_Dwarf_Galago,
346,Galagidae,Paragalago,Tanzania_Coast_Dwarf_Galago,
347,Lorisidae,Perodicticus,Milne_Edwards_s_Potto,LC
348,Lorisidae,Perodicticus,East_African_Potto,LC
349,Lorisidae,Perodicticus,West_African_Potto,LC
350,Cheirogaleidae,Phaner,Montagne_D__Ambre_Fork_marked_Lemur,EN
351,Cheirogaleidae,Phaner,Masoala_Fork_marked_Lemur,VU
352,Cheirogaleidae,Phaner,Pale_Fork_marked_Lemur,EN
353,Cheirogaleidae,Phaner,Sambirano_Fork_marked_Lemur,EN
354,Cercopithecidae,Piliocolobus,Upper_Guinea_Red_Colobus,EN
355,Cercopithecidae,Piliocolobus,Bouvier_s_Red_Colobus,CR
356,Cercopithecidae,Piliocolobus,Niger_Delta_Red_Colobus,CR
357,Cercopithecidae,Piliocolobus,Foa_s_Red_Colobus,NE
358,Cercopithecidae,Piliocolobus,Udzungwa_Red_Colobus,EN
359,Cercopithecidae,Piliocolobus,Zanzibar_Red_Colobus,EN
360,Cercopithecidae,Piliocolobus,Lang_s_Red_Colobus,NE
361,Cercopithecidae,Piliocolobus,,
362,Cercopithecidae,Piliocolobus,Oustalet_s_Red_Colobus,LC
363,Cercopithecidae,Piliocolobus,Lomami_Red_Colobus,NE
364,Cercopithecidae,Piliocolobus,Pennant_s_Red_Colobus,EN
365,Cercopithecidae,Piliocolobus,Preuss_s_Red_Colobus,CR
366,Cercopithecidae,Piliocolobus,Tana_River_Red_Colobus,EN
367,Cercopithecidae,Piliocolobus,Semliki_Red_Colobus,NE
368,Cercopithecidae,Piliocolobus,Temminick_s_Red_Colobus,EN
369,Cercopithecidae,Piliocolobus,Ashy_Red_Colobus,EN
370,Cercopithecidae,Piliocolobus,Tshuapa_Red_Colobus,NT
371,Cercopithecidae,Piliocolobus,Miss_Waldron_s_Red_Colobus,CR
372,Pitheciidae,Pithecia,Equatorial_Saki,LC
373,Pitheciidae,Pithecia,Buffy_Saki,LC
374,Pitheciidae,Pithecia,Cazuza_s_Saki,NE
375,Pitheciidae,Pithecia,Golden_faced_Saki,LC
376,Pitheciidae,Pithecia,Hairy_Saki,NE
377,Pitheciidae,Pithecia,Burnished_Saki,NE
378,Pitheciidae,Pithecia,Gray_s_Bald_faced_Saki,LC
379,Pitheciidae,Pithecia,Isabel_s_Saki,NE
380,Pitheciidae,Pithecia,Miller_s_Saki,DD
381,Pitheciidae,Pithecia,Mittermeier_s_Tapajós_Saki,NE
382,Pitheciidae,Pithecia,Monk_Saki,LC
383,Pitheciidae,Pithecia,Napo_Saki,NE
384,Pitheciidae,Pithecia,Pissinatti_s_Bald_faced_Saki,NE
385,Pitheciidae,Pithecia,White_faced_saki,LC
386,Pitheciidae,Pithecia,Rylands__Bald_faced_Saki,NE
387,Pitheciidae,Pithecia,Vanzolinis_Bald_faced_Saki,DD
388,Pitheciidae,Plecturocebus,Madidi_Titi,LC
389,Pitheciidae,Plecturocebus,Lake_Baptista_Titi,LC
390,Pitheciidae,Plecturocebus,Prince_Bernhard_s_Titi,LC
391,Pitheciidae,Plecturocebus,Brown_Titi,LC
392,Pitheciidae,Plecturocebus,Chestnut_bellied_Titi,LC
393,Pitheciidae,Plecturocebus,Caquetá_Titi,CR
394,Pitheciidae,Plecturocebus,Ashy_Titi,LC
395,Pitheciidae,Plecturocebus,Coppery_Titi,LC
396,Pitheciidae,Plecturocebus,Red_crowned_Titi,LC
397,Pitheciidae,Plecturocebus,White_eared_Titi,LC
398,Pitheciidae,Plecturocebus,Hoffmann_s_Titi,LC
399,Pitheciidae,Plecturocebus,Milton´s_titi_monkey,NE
400,Pitheciidae,Plecturocebus,Rio_Beni_Titi,EN
401,Pitheciidae,Plecturocebus,Red_bellied_Titi,LC
402,Pitheciidae,Plecturocebus,San_Martín_Titi,CR
403,Pitheciidae,Plecturocebus,Olalla_s_Titi,EN
404,Pitheciidae,Plecturocebus,Ornate_Titi,VU
405,Pitheciidae,Plecturocebus,Pale_Titi,LC
406,Pitheciidae,Plecturocebus,Stephen_Nash_s_Titi,DD
407,Pitheciidae,Plecturocebus,Toppins_Titi,NE
408,Pitheciidae,Plecturocebus,Urubamba_Brown_Titi,NE
409,Pitheciidae,Plecturocebus,Vieira_s_Titi,NE
410,Hominidae,Pongo,Sumatran_Orangutan,CR
411,Hominidae,Pongo,Bornean_Orangutan,CR
412,Hominidae,Pongo,Tapanuli_Orangutan,CR
413,Cercopithecidae,Presbytis,Black_and_white_Langur,DD
414,Cercopithecidae,Presbytis,Miller_s_Langur,EN
415,Cercopithecidae,Presbytis,Cross_marked_Langur,CR
416,Cercopithecidae,Presbytis,Javan_Langur,EN
417,Cercopithecidae,Presbytis,Banded_Langur,NT
418,Cercopithecidae,Presbytis,White_fronted_Langur,VU
419,Cercopithecidae,Presbytis,Hose_s_Langur,VU
420,Cercopithecidae,Presbytis,Black_crested_Sumatran_Langur,EN
421,Cercopithecidae,Presbytis,Mitered_Langur,EN
422,Cercopithecidae,Presbytis,Natuna_Islands_Langur,VU
423,Cercopithecidae,Presbytis,Mentawai_Langur,EN
424,Cercopithecidae,Presbytis,Maroon_Langur,LC
425,Cercopithecidae,Presbytis,Sabah_Grizzled_Langur,EN
426,Cercopithecidae,Presbytis,Pale_thighed_Langur,NT
427,Cercopithecidae,Presbytis,Siberut_Langur,EN
428,Cercopithecidae,Presbytis,Black_Sumatran_Langur,EN
429,Cercopithecidae,Presbytis,Thomas_s_Langur,VU
430,Cercopithecidae,Procolobus,Olive_Colobus,NT
431,Lemuridae,Prolemur,Greater_Bamboo_Lemur,CR
432,Indriidae,Propithecus,Silky_Sifaka,CR
433,Indriidae,Propithecus,Coquerel_s_Sifaka,EN
434,Indriidae,Propithecus,Crowned_Sifaka,EN
435,Indriidae,Propithecus,Decken_s_Sifaka,EN
436,Indriidae,Propithecus,Diademed_Sifaka,CR
437,Indriidae,Propithecus,Milne_Edwards_s_Sifaka,EN
438,Indriidae,Propithecus,Perrier_s_Sifaka,CR
439,Indriidae,Propithecus,Tattersall_s_Sifaka,CR
440,Indriidae,Propithecus,Verreaux_s_Sifaka,EN
441,Cercopithecidae,Pygathrix,Grey_shanked_Douc,CR
442,Cercopithecidae,Pygathrix,Red_shanked_Douc,EN
443,Cercopithecidae,Pygathrix,Black_shanked_Douc,EN
444,Cercopithecidae,Rhinopithecus,Tonkin_Snub_nosed_Monkey,CR
445,Cercopithecidae,Rhinopithecus,Yunnan_Snub_nosed_Monkey,EN
446,Cercopithecidae,Rhinopithecus,Guizhou_Snub_nosed_Monkey,EN
447,Cercopithecidae,Rhinopithecus,Golden_Snub_nosed_Monkey,EN
448,Cercopithecidae,Rhinopithecus,Stryker_s_Snub_nosed_Monkey,CR
449,Cercopithecidae,Rungwecebus,Kipunji,CR
450,Callitrichidae,Saguinus,Pied_Tamarin,EN
451,Callitrichidae,Saguinus,Geoffroy_s_Tamarin,LC
452,Callitrichidae,Saguinus,Emperor_Tamarin,LC
453,Callitrichidae,Saguinus,Mottled_face_Tamarin,LC
454,Callitrichidae,Saguinus,Red_bellied_Tamarin,LC
455,Callitrichidae,Saguinus,White_footed_Tamarin,EN
456,Callitrichidae,Saguinus,Martin_s_Bare_faced_Tamarin,LC
457,Callitrichidae,Saguinus,Midas_Tamarin,LC
458,Callitrichidae,Saguinus,Mustached_Tamarin,LC
459,Callitrichidae,Saguinus,Western_Black_handed_Tamarin,VU
460,Callitrichidae,Saguinus,Cotton_top_Tamarin,CR
461,Callitrichidae,Saguinus,Eastern_Black_handed_Tamarin,NE
462,Cebidae,Saimiri,Black_capped_Squirrel_Monkey,LC
463,Cebidae,Saimiri,Humboldt_s_Squirrel_Monkey,LC
464,Cebidae,Saimiri,Collins'_Squirrel_Monkey,
465,Cebidae,Saimiri,Ecuadorian_Squirrel_Monkey,LC
466,Cebidae,Saimiri,Central_American_Squirrel_Monkey,VU
467,Cebidae,Saimiri,Guianan_Squirrel_Monkey,LC
468,Cebidae,Saimiri,Golden_backed_Squirrel_Monkey,NT
469,Cebidae,Saimiri,Black_headed_Squirrel_Monkey,VU
470,Cebidae,Sapajus,Guianan_Brown_Capuchin,LC
471,Cebidae,Sapajus,Hooded_Capuchin,LC
472,Cebidae,Sapajus,Blond_Capuchin,CR
473,Cebidae,Sapajus,Bearded_Capuchin,LC
474,Cebidae,Sapajus,Large_headed_Capuchin,LC
475,Cebidae,Sapajus,Black_horned_Capuchin,NT
476,Cebidae,Sapajus,Crested_Capuchin,EN
477,Cebidae,Sapajus,Yellow_breasted_Capuchin,CR
478,Galagidae,Sciurocheirus,Bioko_Squirrel_Galago,EN
479,Galagidae,Sciurocheirus,Cross_River_Squirrel_Galago,LC
480,Galagidae,Sciurocheirus,Gabon_Squirrel_Galago,LC
481,Galagidae,Sciurocheirus,Makandé_squirrel_galago,NE
482,Cercopithecidae,Semnopithecus,Chamba_Sacred_Langur,EN
483,Cercopithecidae,Semnopithecus,Bengal_Sacred_Langur,LC
484,Cercopithecidae,Semnopithecus,Terai_Sacred_Langur,NT
485,Cercopithecidae,Semnopithecus,Malabar_Sacred_Langur,VU
486,Cercopithecidae,Semnopithecus,Nilgiri_Langur,VU
487,Cercopithecidae,Semnopithecus,Tufted_Gray_Langur,NT
488,Cercopithecidae,Semnopithecus,Nepal_Sacred_Langur,LC
489,Cercopithecidae,Semnopithecus,Purple_faced_Langur,EN
490,Cercopithecidae,Simias,Pig_tailed_Langur,CR
491,Hylobatidae,Symphalangus,Siamang,EN
492,Tarsiidae,Tarsius,Dian_s_Tarsier,VU
493,Tarsiidae,Tarsius,Makassar_Tarsier,NE
494,Tarsiidae,Tarsius,Lariang_Tarsier,DD
495,Tarsiidae,Tarsius,Peleng_Tarsier,EN
496,Tarsiidae,Tarsius,Sulawesi_Mountain_Tarsier,DD
497,Tarsiidae,Tarsius,Great_Sangihe_Tarsier,EN
498,Tarsiidae,Tarsius,Gursky's_Spectral_Tarsier ,
499,Tarsiidae,Tarsius,Jatna's_Tarsier,
500,Tarsiidae,Tarsius,Selayar_Tarsier,VU
501,Tarsiidae,Tarsius,Siau_Island_Tarsier,CR
502,Tarsiidae,Tarsius,Wallace_s_Tarsier,DD
503,Cercopithecidae,Theropithecus,Gelada,LC
504,Cercopithecidae,Trachypithecus,East_Javan_Langur,VU
505,Cercopithecidae,Trachypithecus,Tenasserim_Langur,DD
506,Cercopithecidae,Trachypithecus,Indochinese_Gray_Langur,EN
507,Cercopithecidae,Trachypithecus,Silvered_Langur,NT
508,Cercopithecidae,Trachypithecus,Delacour_s_Langur,CR
509,Cercopithecidae,Trachypithecus,Black_Langur,EN
510,Cercopithecidae,Trachypithecus,Francois_s_Langur,EN
511,Cercopithecidae,Trachypithecus,Golden_Langur,EN
512,Cercopithecidae,Trachypithecus,Germain_s_Langur,EN
513,Cercopithecidae,Trachypithecus,Hatinh_Langur,EN
514,Cercopithecidae,Trachypithecus,Laos_Langur,VU
515,Cercopithecidae,Trachypithecus,White_headed_Langur,CR
516,Cercopithecidae,Trachypithecus,Annamese_Langur,EN
517,Cercopithecidae,Trachypithecus,West_Javan_Langur,VU
518,Cercopithecidae,Trachypithecus,Dusky_Langur,NT
519,Cercopithecidae,Trachypithecus,Phayre_s_Langur,EN
520,Cercopithecidae,Trachypithecus,Capped_Langur,VU
521,Cercopithecidae,Trachypithecus,Cat_Ba_Langur,CR
522,Cercopithecidae,Trachypithecus,Selangor_Silvery_Langur,NE
523,Cercopithecidae,Trachypithecus,Shortridge_s_Langur,EN
524,Lemuridae,Varecia,Red_Ruffed_Lemur,CR
525,Lemuridae,Varecia,Black_and_white_Ruffed_Lemur,CR
