;CommonName;TrophicGuild;Fruit;Leaves;Flowers;Seeds;Animal;Gums;Nectar;Other;Country
0;Allen_s_Swamp_Monkey;Frugivore;81;NI;NI;NI;17;NI;NI;NI;NI
1;Hairy_eared_Dwarf_Lemur;Omnivore;NI;NI;NI;NI;50-75;NI;NI;NI;Madagascar
2;L_Hoest_s_Monkey;Omnivore;31.43;34.71;NI;3.18;10.34;NI;NI;NI;NI
3;Preuss_s_Monkey;Omnivore;52;NI;NI;NI;NI;NI;NI;NI;Cameroon
4;Sun_tailed_Monkey;Omnivore;26;NI;NI;NI;27.5;NI;NI;NI;NI
5;Ursine_Red_Howler;Folivore;NI;70;NI;NI;NI;NI;NI;NI;NI
6;Red_handed_Howler;Folivore_frugivore;59;13.3;27.6;NI;NI;NI;NI;NI;Brazil
7;Paraguayan_Howler;Folivore_frugivore;28.5;58.8;2.7;0.4;NI;NI;NI;9.6;NI
8;Spix_s_Howler;Folivore_frugivore;55;24.8;5.7;NI;NI;NI;NI;14.5;Brazil
9;Brown_Howler;Folivore_frugivore;46.8;34.2;11.8;NI;NI;NI;NI;7.2;NI
10;Guianan_Red_Howler;Folivore;NI;75.5;12.6;NI;NI;NI;NI;11.9;NI
11;Amazon_Black_Howler;Folivore_frugivore;NI;NI;NI;NI;NI;NI;NI;NI;NI
12;Mantled_Howler;Folivore;12.5;63.6;18.2;NI;NI;NI;NI;5.7;NI
13;Central_American_Black_Howler;Folivore_frugivore;41;45;11;NI;NI;NI;NI;3;Belize
14;Bolivian_Red_Howler;Folivore_frugivore;NI;NI;NI;NI;NI;NI;NI;NI;Peru
15;Colombian_Red_Howler;Folivore_frugivore;40;50;NI;NI;NI;NI;NI;10;Colombia
16;Maranhão_Red_handed_Howler;Folivore_frugivore;NI;NI;NI;NI;NI;NI;NI;NI;NI
17;Azara_s_Night_Monkey;Omnivore;NI;NI;NI;NI;NI;NI;NI;NI;NI
18;Brumback_s_Night_Monkey;Omnivore;NI;NI;NI;NI;NI;NI;NI;NI;NI
19;Gray_legged_Night_Monkey;;;;;;;;;;Ecuador
20;Hernández_Camacho_s_Night_Monkey;Non-observed;;;;;;;;;Colombia
21;Lemurine_Night_Monkey;Omnivore;NI;NI;NI;NI;NI;NI;NI;NI;NI
22;Andean_Night_Monkey;Omnivore;42;6;5;;19;NI;NI;28;Brazil
23;Ma_s_Night_Monkey;Frugivore;NI;NI;NI;NI;NI;NI;NI;NI;NI
24;Black_headed_Night_Monkey;Frugivore;NI;NI;NI;NI;NI;NI;NI;NI;NI
25;Humboldt_s_Night_Monkey;Frugivore;70;4;10;NI;16;NI;NI;NI;Paraguay
26;Spix_s_Night_Monkey;Frugivore;83;NI;NI;NI;NI;NI;17;NI;Peru
27;Panamanian_Night_Monkey;Frugivore;65;30;NI;NI;5;NI;NI;NI;NI
28;Golden_Angwantibo;Insectivore;14;NI;NI;NI;85;NI;NI;NI;NI
29;Calabar_Angwantibo;Insectivore;NI;NI;NI;NI;NI;NI;NI;NI;NI
30;White_bellied_Spider_Monkey;Frugivore;78.5;7.7;1.3;NI;NI;NI;1.9;10.6;Ecuador
31;Black_Spider_Monkey;Frugivore;85.8;10.7;2.9;NI;NI;NI;0.6;NI;Bolivia
32;Brown_headed_Spider_Monkey;Frugivore;NI;NI;NI;NI;NI;NI;NI;NI;Ecuador
33;Central_American_Spider_Monkey;Frugivore;82.12;17.22;NI;NI;NI;NI;NI;0.66;NI
35;Variegated_Spider_Monkey;Folivore-frugivore;54.1;37;3.9;NI;NI;NI;NI;4.8;Region (Colombia)
36;White_whiskered_Spider_Monkey;Frugivore;NI;NI;NI;NI;NI;NI;NI;NI;NI
37;Red_faced_Black_Spider_Monkey;Frugivore;88.5;5.5;4.4;NI;NI;NI;NI;NI;Surinam
38;Betsileo_Woolly_Lemur;Non-observed;;;;;;;;;Madagascar
39;Bemaraha_Woolly_Lemur;Folivore;NI;NI;NI;NI;NI;NI;NI;NI;NI
40;Eastern_Woolly_Lemur;Folivore;NI;NI;NI;NI;NI;NI;NI;NI;NI
41;Southern_Woolly_Lemur;Folivore;NI;100;NI;NI;NI;NI;NI;NI;NI
42;Masoala_Woolly_Lemur;Folivore;NI;NI;NI;NI;NI;NI;NI;NI;NI
43;Western_Woolly_Lemur;Folivore;NI;77;NI;NI;NI;NI;NI;23;Madagascar
44;Peyrieras_s_Woolly_Lemur;Folivore;NI;100;NI;NI;NI;NI;NI;NI;Madagascar
45;Manombo_Woolly_Lemur;Non-observed;;;;;;;;;Madagascar
46;Sambirano_Woolly_Lemur;Folivore;NI;NI;NI;NI;NI;NI;NI;NI;NI
47;Southern_Muriqui;Folivore_frugivore;20.8;66;12.2;NI;NI;NI;NI;NI;Brazil
49;Northern_Muriqui;Folivore_frugivore;32;51;11;NI;NI;NI;NI;6;Brazil
50;Ayres Black_Uakari;Non-observed;;;;;;;;;Brazil
51;Bald_Uacari;Frugivore;18.4;3.3;NI;66.9;5.2;NI;6.2;NI;Brazil
52;Black-headed_Uacari;Frugivore;;;;;;;;;Brazil
53;Black_headed_Uacari;Frugivore;12;14.7;3.3;62;1.2;NI;NI;6.8;Brazil
54;Spix_s_Black_headed_Uacari;Frugivore;11;9;8;68;4;NI;NI;NI;NI
55;Black_crowned_Dwarf_Marmoset;Omnivore;NI;NI;NI;NI;NI;NI;NI;NI;NI
56;Blond_Titi;Gummivore;;;;;;;;;Brazil
57;Coimbra_Filho_s_Titi;Frugivore;61;22;4;10;3;NI;NI;NI;Brazil
58;Southern_Bahian_Titi;Frugivore;54.7;17.2;NI;21.9;NI;NI;NI;6.2;NI
59;Black_fronted_Titi;Frugivore;43-74;33-85;nov-24;NI;0-4;NI;NI;NI;NI
60;Masked_Titi;Frugivore;81;18;1;NI;NI;NI;NI;NI;Brazil
61;Goeldi_s_Monkey*;Omnivore;29;NI;NI;NI;31;30;3;7;Bolivia
62;Buffy_tufted_ear_Marmoset;Omnivore;28.67;NI;NI;NI;29.66;29.8;NI;11.86;Brazil
63;Buffy_headed_Marmoset;Gummivore;14.39;NI;NI;NI;19.69;65.72;NI;NI;Brazil
65;Geoffroy_s_Tufted_ear_Marmoset;Gummivore;15;;NI;15.4;NI;68.6;NI;1;Brazil
66;Common_Marmoset;Gummivore;23;NI;NI;NI;NI;68;NI;9;NI
67;Wied_s_Black_tufted_ear_Marmoset;Omnivore;NI;NI;NI;NI;NI;NI;NI;NI;NI
68;Black_tufted_ear_Marmoset;Gummivore;0;NI;NI;NI;30;70;NI;NI;Brazil
69;Philippine_Tarsier;Insectivore;NI;NI;NI;NI;NI;NI;NI;NI;NI
70;Eastern_Pygmy_Marmoset;Omnivore;;;;;;;;;Colombia
71;Pygmy_Marmoset;Omnivore;NI;NI;NI;NI;NI;33;NI;NI;Ecuador
75;Ecuadorian_White_fronted_Capuchin;Omnivore;NI;NI;NI;NI;NI;NI;NI;NI;NI
76;Humboldt_s_White_fronted_Capuchin;Omnivore;NI;NI;NI;NI;NI;NI;NI;NI;NI
77;Venezuelan_Brown_Capuchin;Frugivore;;;;;;;;;Brazil
78;Colombian_White_faced_Capuchin;Omnivore;NI;NI;NI;NI;NI;NI;NI;NI;NI
79;Río_Cesar_White_fronted_Capuchin;Frugivore;;;;;;;;;Colombia
80;Shock_headed_Capuchin;Omnivore;53-99;NI;NI;NI;NI;NI;NI;NI;NI
81;Panamanian_White_faced_Capuchin;Omnivore;NI;NI;NI;NI;NI;NI;NI;NI;NI
82;Ka_apor_Capuchin;Omnivore;74;NI;NI;10;13;NI;NI;3;Brazil
83;Sierra_de_Perijá_White_fronted_Capuchin;Frugivore;;;;;;;;;Colombia
84;Santa_Marta_White_fronted_Capuchin;Frugivore;1;1;1;;;;;;Colombia
85;Guianan_Weeper_Capuchin;Omnivore;42;NI;1;;28;NI;1;28;NI
86;Spix_s_White_fronted_Capuchin;Frugivore;1;1;1;;1;;;;Colombia
87;Varied_White_fronted_Capuchin;Insectivore;;;;;;;;;Guinea
88;Marañón_White_fronted_Capuchin;Omnivore;10;NI;NI;NI;54;NI;NI;NI;Ecuador
89;Western_Tarsier;Insectivore;NI;NI;NI;NI;NI;NI;NI;NI;NI
90;Agile_Mangabey;Frugivore;NI;NI;NI;NI;NI;NI;NI;NI;NI
91;Sooty_Mangabey;Frugivore;20;1;1.3;58;13;NI;NI;6.7;Côte dIvoire
92;Golden_bellied_Mangabey;Frugivore;NI;NI;NI;NI;NI;NI;NI;NI;NI
93;Tana_River_Mangabey;Frugivore;61.4;2.5;1.9;18;NI;0.6;NI;15.6;NI
94;White_naped_Mangabey;Frugivore;NI;NI;NI;NI;NI;NI;NI;NI;NI
95;Sanje_River_Mangabey;Frugivore;50;4;2;27;11;1;0;5;NI
96;Red_capped_Mangabey;Frugivore;60;NI;NI;20;NI;NI;NI;NI;Cameroon
97;Syke_s_Monkey;Folivore-frugivore;43-59;22-34;may-13;NI;01-jun;NI;NI;NI;NI
99;Red_tailed_Monkey;Frugivore;61.3;6.8;NI;0.4;25.1;2.8;NI;3.6;Kenya
101;Campbell_s_Monkey;Omnivore;46;8;1;NI;33;NI;NI;12;Côte dIvoire
102;Moustached_Monkey;Frugivore;80;NI;NI;NI;13;NI;NI;7;NI
103;Dent_s_Monkey;Omnivore;NI;NI;NI;NI;NI;NI;NI;NI;NI
104;Diana_Monkey;Frugivore;59;16;3;NI;16;NI;NI;6;Côte dIvoire
105;Silver_Monkey;Omnivore;50;9;4;9;25;NI;NI;3;NI
106;Dryas_Monkey;Frugivore;NI;NI;NI;NI;NI;NI;NI;NI;NI
107;Red_bellied_Monkey;Omnivore;1;1;;;1;;;;Togo
108;Red_eared_Monkey;Frugivore;85;NI;NI;NI;NI;NI;NI;NI;NI
109;Owl_faced_Monkey;Omnivore;NI;NI;NI;NI;NI;NI;NI;NI;NI
110;Virungas_Golden_Monkey;Folivore;1.98;66.67;0.99;NI;2.45;NI;NI;27.91;NI
111;Lesula;Folivore_frugivore;NI;NI;NI;NI;NI;NI;NI;NI;NI
112;Lowe_s_Monkey;Frugivore;24-26;NI;NI;NI;56-63;NI;NI;NI;NI
113;Blue_Monkey;Frugivore;91.1;3;2.1;NI;NI;NI;NI;3.8;South Africa
114;Mona_Monkey;Frugivore;41.7;13.6;11.7;22;9.9;NI;NI;1.1;Bénin
115;De_Brazza_s_Monkey;Frugivore;NI;NI;NI;NI;NI;NI;NI;NI;NI
116;Putty_nosed_Monkey;Frugivore;70;45;NI;NI;10;NI;NI;NI;NI
117;Spot_nosed_Monkey;Folivore_frugivore;34;40;6;NI;12;NI;NI;8;Côte dIvoire
118;Crowned_Monkey;Frugivore;NI;NI;NI;NI;NI;NI;NI;NI;NI
119;Roloway_Monkey;Omnivore;20.9;6.5;5.7;33.1;33.8;NI;NI;NI;NI
120;Sclater_s_Monkey;Frugivore;NI;NI;NI;NI;NI;NI;NI;NI;NI
121;Wolf_s_Monkey;Folivore_frugivore;4.2;29.5;11.41;27.33;NI;NI;NI;27.4;Zaire
122;Montagne_d_Ambre_Dwarf_Lemur;Non-observed;;;;;;;;;Madagascar
123;Crossley_s_Dwarf_Lemur;Omnivore;NI;NI;NI;NI;NI;NI;NI;NI;Madagascar
124;Lavasoa_Dwarf_lemur;Non-observed;;;;;;;;;Madagascar
125;Greater_Dwarf_Lemur;Folivore_frugivore;NI;NI;NI;NI;NI;NI;NI;NI;Madagascar
126;Fat_tailed_Dwarf_Lemur;Folivore_frugivore;NI;NI;NI;NI;NI;NI;NI;NI;Madagascar
127;Lesser_Iron_gray_Dwarf_Lemur;Non-observed;;;;;;;;;Madagascar
128; Sheth's_Dwarf_Lemur;;;;;;;;;;Madagascar
129;Sibree_s_Dwarf_Lemur;;;;;;;;;;Madagascar
130;Thomas_s_Dwarf_Lemur;;;;;;;;;;Madagascar
131;Yellow_handed_Titi;Frugivore;74.1;8;0.6;NI;15.8;NI;NI;1.5;NI
132;White_chested_Titi;Frugivore;59.4;6.4;3.9;26.9;3.4;NI;NI;NI;Colombia
133;Medem_s_Titi;Frugivore;1;1;;;1;;;;Brazil
135;Rio_Juruá_Collared_Titi;Frugivore;1;1;;;1;;;;Brazil
136;White_collared_Titi;Frugivore;65;15;NI;NI;16;NI;NI;4;Peru
137;White_nosed_Bearded_Saki;Frugivore;53.9;NI;3;35.9;NI;NI;NI;7.2;NI
138;Rio_Negro_Beared_Saki;Frugivore;54;7;NI;36;NI;NI;NI;3;NI
139; Brown-backed_Bearded_Saki;;;;;;;;;;
140;Guianan_Beared_Saki;Frugivore;sep-28;0-11;01-nov;63-86;NI;NI;NI;NI;NI
141;Black_Bearded_Saki;Frugivore;91.25;2.5;6.25;NI;NI;NI;NI;NI;Surinam
142;Uta_Hick_s_Bearded_Saki;Frugivore;5.4;0.1;18.9;75.6;NI;NI;NI;NI;NI
143;Grivet_Monkey;Omnivore;50.6;18.7;17.6;NI;7.4;NI;NI;5.7;Ethiopia
144;Malbrouck_Monkey;Omnivore;NI;NI;NI;NI;NI;NI;NI;NI;NI
145;Bale_Monkey;Folivore;9.6;81.3;3.1;NI;2.3;NI;NI;3.7;Ethiopia
146;Vervet_Monkey;Omnivore;NI;NI;NI;NI;NI;NI;NI;NI;South Africa
147;Green_Monkey;Omnivore;26.6;37;2.7;NI;13.2;11.2;NI;9.3;Senegal
148;Tantalus_Monkey;Omnivore;49.2;20.5;5.3;NI;25;NI;NI;NI;Nigeria
149;Angolan_Colobus;Folivore;17;65;5;NI;NI;NI;NI;13;Rwanda
150;Guereza;Folivore_frugivore;2.6;57.2;2.9;22;NI;NI;NI;15.3;NI
151;King_Colobus;Folivore;NI;NI;NI;NI;NI;NI;NI;NI;NI
152;Black_Colobus;Frugivore;4;26;5;60;NI;NI;NI;5;NI
153;White_thighed_Colobus;Folivore;10.7;79;6;NI;NI;NI;NI;4.3;Ghana
154;Aye_aye;Insectivore;0;NI;NI;dic-85;may-42;abr-54;ene-20;NI;Madagascar
155;Patas_Monkey;Omnivore;NI;2.2;9.42;3.87;2.66;30.67;NI;51.18;Kenya
156;Heuglin's_Patas_Monkey;Omnivore;1;1;1;1;1;;;;Sudan
157;White_fronted_Brown_Lemur;Frugivore;68.89;5.89;13.06;NI;NI;NI;NI;12.16;Madagascar
158;White_collared_Brown_Lemur;Frugivore;66.2;12.6;16.8;NI;NI;NI;NI;4.4;NI
159;Red_collared_Brown_Lemur;Frugivore;78.5;4.4;14;NI;2.6;NI;NI;0.5;Madagascar
160;Crowned_Lemur;Frugivore;NI;NI;NI;NI;NI;NI;NI;NI;NI
161;Blue_eyed_Black_Lemur;Folivore_frugivore;NI;NI;NI;NI;NI;NI;NI;NI;NI
162;Brown_Lemur;Folivore_frugivore;6.76-42.43;52.8-89.16;3.77-4.82;NI;NI;NI;NI;0.29-0.56;NI
163;Black_Lemur;Frugivore;78;NI;NI;NI;NI;NI;NI;NI;Madagascar
164;Mongoose_Lemur;Folivore_frugivore;59;37;2;NI;NI;NI;1;2;NI
167;Red_bellied_Lemur;Frugivore;80.6;13.6;3.1;NI;NI;NI;NI;2.7;Madagascar
169;Red_fronted_Brown_Lemur;Folivore_frugivore;NI;NI;NI;NI;NI;NI;NI;NI;NI
170;Rufous_Brown_Lemur;Frugivore;66.8;23.4;4;NI;NI;NI;NI;6.8;Madagascar
172;Sanford_s_Brown_Lemur;Frugivore;NI;NI;NI;NI;NI;NI;NI;NI;NI
173;Southern_Needle_clawed_Galago;Gummivore;NI;NI;NI;NI;NI;NI;NI;NI;NI
174;Northern_Needle_clawed_Galago;Gummivore;NI;NI;NI;NI;NI;NI;NI;NI;NI
175;Somali_Lesser_Galago;Omnivore;NI;NI;NI;NI;NI;NI;NI;NI;Kenya
176;Spectacled_Lesser_Galago;Omnivore;NI;NI;NI;NI;NI;NI;NI;NI;NI
177;Southern_Lesser_Galago;Omnivore;NI;NI;NI;NI;NI;NI;NI;NI;Madagascar
178;Northern_Lesser_Galago;Omnivore;NI;NI;NI;NI;NI;NI;NI;NI;NI
179;Kenya_Coast_Dwarf_Galago;Omnivore;NI;NI;NI;NI;NI;NI;NI;NI;NI
180;Demidoff_s_Dwarf_Galago;Omnivore;NI;NI;NI;NI;NI;NI;NI;NI;NI
181;Mozambique_Dwarf_Galago;Omnivore;NI;NI;NI;NI;NI;NI;NI;NI;NI
182;Mountain_Dwarf_Galago;Omnivore;NI;NI;NI;NI;NI;NI;NI;NI;NI
183;Rondo_Dwarf_Galago;Omnivore;NI;NI;NI;NI;NI;NI;NI;NI;NI
184;Angolan_Dwarf_Galago;Non-observed;;;;;;;;;Angola
186;Thomas_s_Dwarf_Galago;Omnivore;4;NI;NI;NI;78;18;NI;NI;NI
188;Tanzania_Coast_Dwarf_Galago;Omnivore;8;NI;NI;NI;43;NI;NI;41;Kenia
190;Eastern_Gorilla;Folivore_frugivore;5.7;17.9;0.71;NI;NI;NI;NI;75.69;NI
191;Western_Gorilla;Folivore_frugivore;NI;NI;NI;NI;NI;NI;NI;NI;NI
192;Lac_Alaotra_Bamboo_Lemur;Folivore;NI;48.3;2.4;2.1;NI;NI;NI;NI;NI
193;Golden_Bamboo_Lemur;Folivore;4;91;NI;NI;NI;NI;NI;5;Madagascar
194;Gray_Bamboo_Lemur;Folivore;5;92;NI;NI;NI;NI;NI;3;Madagascar
195;Southern_Bamboo_Lemur;Folivore;18.58;43.03;12.78;NI;NI;NI;NI;25.61;Madagascar
196;Northern_Bamboo_Lemur;Folivore_frugivore;NI;NI;NI;NI;NI;NI;NI;NI;NI
197;Western_Hoolock_Gibbon;Frugivore;62;27;4;2;NI;NI;NI;5;NI
198;Eastern_Hoolock_Gibbon;Frugivore;NI;NI;NI;NI;NI;NI;NI;NI;NI
201;Skywalker_Hoolock_Gibbon;Non-observed;;;;;;;;;China
202;Abbott_s_Gray_Gibbon;Omnivore;1;1;;1;1;;;1;China
203;Agile_Gibbon;Frugivore;53;24;16;3;NI;NI;NI;4;Indonesia
204;Bornean_White_bearded_Gibbon;Frugivore;69;25;5;NI;1;NI;NI;NI;NI
205;East_Bornean_Gray_Gibbon;Frugivore;57.5;23.8;12.1;4.5;0.8;NI;1.3;NI;NI
206;Kloss_s_Gibbon;Frugivore;72;2;NI;NI;25;NI;NI;1;Indonesia
207;Lar_Gibbon;Frugivore;NI;NI;NI;NI;NI;NI;NI;NI;NI
208;Moloch_Gibbon;Frugivore;61;38;1;NI;NI;NI;NI;NI;NI
209;Müller_s_Gibbon;Frugivore;62;32;7;NI;NI;NI;NI;NI;NI
210;Pileated_Gibbon;Frugivore;71;13;NI;NI;15;NI;NI;NI;NI
211;Indri;Folivore;25;50-75;NI;10;NI;NI;NI;NI;NI
212;Gray_Woolly_Monkey;Frugivore;91.5;7.6;0.9;NI;NI;NI;NI;NI;Brazil
213;Peruvian_Yellow_tailed_Woolly_Monkey;Frugivore;NI;NI;NI;NI;NI;NI;NI;NI;Peru
214;Humboldt_s_Woolly_Monkey;Frugivore;78.9;11.4;0.1;4.3;4.9;NI;NI;0.4;Colombia
215;Colombian_Woolly_Monkey;Frugivore;1;1;1;1;;;;;Colombia
216;Poeppig_s_Woolly_Monkey;Frugivore;77;7.44;3.51;0.54;9.3;1.5;NI;0.71;Ecuador
217;Ring_tailed_Lemur;Folivore_frugivore;34-59;30-58;06-ago;NI;NI;0-5;NI;NI;NI
218;Cruz_Limas_Saddle_back_Tamarin;Omnivore;1;1;1;;1;;1;;Brazil
219;Spix_s_Saddle_back_Tamarin;Omnivore;35.1;NI;NI;NI;47.7;8;5;3.9;Peru
222;Lesson_s_Saddle_back_Tamarin;Omnivore;NI;NI;NI;NI;NI;NI;NI;NI;NI
223;Illiger_s_Saddle_back_Tamarin;Omnivore;NI;NI;NI;NI;NI;NI;NI;NI;Peru
224;Red_mantled_Saddle_back_Tamarin;Omnivore;NI;NI;NI;NI;NI;NI;NI;NI;NI
225;Andean_Saddle_back_Tamarin;Omnivore;NI;NI;NI;NI;NI;NI;NI;NI;NI
226;Black_mantled_tamarin;Omnivore;80;NI;NI;NI;NI;NI;NI;NI;Ecuador
227;Geoffroy_s_Saddle_back_Tamarin;Omnivore;NI;NI;NI;NI;NI;NI;NI;NI;NI
228;Golden_mantled_Saddle_back_Tamarin;Omnivore;NI;NI;NI;62;21;12;1;4;NI
230;Weddells_Saddle_back_Tamarin;Omnivore;49;NI;NI;NI;26;12;7;6;NI
232;Black_faced_Lion_Tamarin;Frugivore;74.52;NI;1;NI;21;NI;1;2.48;NI
233;Golden_headed_Lion_Tamarin;Omnivore;35;NI;NI;NI;64;1;NI;NI;NI
234;Black_Lion_Tamarin;Frugivore;73.4;NI;NI;0.2;10.1;15.2;1.1;NI;Brazil
236;Golden_Lion_Tamarin;Frugivore;79.6;NI;5;NI;15.4;NI;NI;NI;Brazil
237;Antafia_Sportive_Lemur;Folivore;1;1;1;;;;1;;Madagascar
238;Tsiombikibo_Sportive_Lemur;Folivore;1;1;1;;;;1;;Madagascar
239;Ankarana_Sportive_Lemur;Folivore_frugivore;NI;NI;NI;NI;NI;NI;NI;NI;NI
240;Betsileo_Sportive_Lemur;Folivore;1;1;1;;;;1;;Madagascar
241;Gray_s_Sportive_Lemur;Folivore;1;1;1;;;;1;;Madagascar
242;Milne_Edwards_s_Sportive_Lemur;Folivore;0.3;74.4;5.2;NI;NI;NI;NI;20.1;Madagascar
243;Andohahela_Sportive_Lemur;Folivore;1;;1;;;;1;;Madagascar
244;Anjiamangirana_Sportive_Lemur;Folivore;1;1;1;;;;1;;Madagascar
245;Mananara_Nord_Sportive_Lemur;Folivore;1;1;1;;;;1;;Madagascar
246;Zombitse_Sportive_Lemur;Folivore;1;1;1;;;;1;;Madagascar
247;Manombo_Sportive_Lemur;Folivore;1;1;1;;;;1;;Madagascar
248;White_footed_Sportive_Lemur;Folivore;NI;NI;NI;NI;NI;NI;NI;NI;NI
249;Small_toothed_Sportive_Lemur;Folivore_frugivore;NI;NI;NI;NI;NI;NI;NI;NI;NI
250;Daraina_Sportive_Lemur;Folivore;1;1;1;;;;1;;Madagascar
251;Mittermeier_s_Sportive_Lemur;Folivore;NI;NI;NI;NI;NI;NI;NI;NI;NI
252;Weasel_Sportive_Lemur;Folivore;NI;NI;NI;NI;NI;NI;NI;NI;NI
254;Ambodimahabibo_Sportive_Lemur;Folivore;1;1;1;;;;1;;Madagascar
255;Petter_s_Sportive_Lemur;Folivore;NI;90;10;NI;NI;NI;NI;NI;Madagascar
256;Bemaraha_Sportive_Lemur;Folivore;NI;NI;NI;NI;NI;NI;NI;NI;NI
257;Red_tailed_Sportive_Lemur;Folivore;NI;NI;NI;NI;NI;NI;NI;NI;NI
258;Sahamalaza_Sportive_Lemur;Folivore;0.43;99;NI;NI;NI;NI;NI;0.57;Madagascar
259;Masoala_Sportive_Lemur;Folivore;NI;NI;NI;NI;NI;NI;NI;NI;NI
260;Seal_s_Sportive_Lemur;Folivore;NI;NI;NI;NI;NI;NI;NI;NI;NI
261;Sahafary_Sportive_Lemur;Folivore;NI;NI;NI;NI;NI;NI;NI;NI;NI
262;Nosy_Be_Sportive_Lemur;Folivore_frugivore;NI;NI;NI;NI;NI;NI;NI;NI;NI
263;Wright_s_Sportive_Lemur;Folivore;NI;99.5;NI;NI;NI;NI;NI;NI;NI
264;Gray_cheeked_Mangabey;Frugivore;NI;NI;NI;NI;NI;NI;NI;NI;NI
265;Northern_Black_Crested_Mangabey;Frugivore;56.7;3.3;4.2;30.5;1.6;NI;NI;NI;Zaire
266;Johnston_s_Mangabey;Frugivore;1;1;;1;;1;;;Congo
267;Southern_Back_Crested_Mangabey;Frugivore;1;1;;1;;1;;;Congo
268;Rusty_mantled_Mangabey;Frugivore;1;1;;;1;1;;;Nigeria
269;Ugandan_Crested_Mangabey;Folivore_frugivore;35-78;02-oct;1.0-8;NI;0-9;NI;NI;NI;Uganda
270;Gray_Slender_Loris;Insectivore;1;NI;NI;NI;96;3;NI;NI;India
271;Red_Slender_Loris;Insectivore;NI;NI;NI;NI;NI;NI;NI;NI;NI
272;Stump_tailed_Macaque;Folivore_frugivore;NI;NI;NI;NI;NI;NI;NI;NI;NI
273;Assamese_Macaque;Frugivore;42.4;21.2;8.3;NI;NI;NI;NI;NI;Thailand
275;Taiwanese_Macaque;Folivore_frugivore;52;15;NI;NI;NI;NI;NI;NI;China
276;Long_tailed_Macaque;Frugivore;66.7;17.2;8.9;NI;4.1;NI;NI;3.1;Indonesia
277;Japanese_Macaque;Folivore_frugivore;20.9;20;4.6;31.55;5.4;0.1;0.1;17.35;Japan
278;Heck_s_Macaque;Omnivore;NI;NI;NI;NI;NI;NI;NI;NI;NI
279;Northern_Pig_tailed_Macaque;Frugivore;65.9;6.1;2.1;6.1;11.7;NI;NI;9.9;India
280;White_cheeked_Macaque;Non-observed;;;;;;;;;China
281;Moor_Macaque;Frugivore;NI;NI;NI;NI;NI;NI;NI;NI;NI
283;Rhesus_Macaque;Frugivore;79;NI;NI;NI;NI;NI;NI;NI;India
284;Arunachal_Macaque;Folivore;11.4;39.4;3.3;NI;NI;NI;NI;45.9;India
285;Sunda_Pig_tailed_Macaque;Frugivore;74.6;8.9;1.1;NI;12.6;NI;NI;2.8;NI
286;Crested_Macaque;Frugivore;65.05;NI;NI;2.55;32;NI;NI;NI;Indonesia
287;Gorontalo_Macaque;Frugivore;85.15;3.5;NI;NI;8.9;NI;NI;2.45;NI
288;Booted_Macaque;Frugivore;66;12;20;NI;2;NI;NI;NI;NI
289;Pagai_Macaque;Frugivore;NI;NI;NI;NI;NI;NI;NI;NI;NI
290;Bonnet_Macaque;Frugivore;47.9;26.7;10.2;6;NI;NI;NI;9.2;India
291;Siberut_Macaque;Frugivore;75.5;4.4;0.2;NI;11.9;NI;NI;8;Indonesia
292;Lion_tailed_Macaque;Frugivore;61.9;7.1;;31;NI;NI;NI;NI;India
293;Toque_Macaque;Frugivore;66;11;1;1;5;1;NI;15;NI
294;Barbary_Macaque;Omnivore;33;39.9;NI;NI;NI;NI;NI;27.1;Morocco
295;Tibetan_Macaque;Frugivore;NI;NI;NI;NI;NI;NI;NI;NI;NI
296;Tonkean_Macaque;Frugivore;74.7;6;0.8;7.25;10.1;NI;NI;1.15;Indonesia
297;Drill;Omnivore;38,7;NI;NI;NI;70;NI;NI;5;Cameroon
298;Mandrill;Omnivore;88;5;NI;NI;5;NI;NI;2;Gabon
299;Rio_Acarí_Marmoset;Omnivore;NI;NI;NI;NI;NI;NI;NI;NI;NI
300;Silvery_Marmoset;Omnivore;42.87;NI;NI;NI;7.28;37.73;12.13;;Brazil
301;Golden_white_Tassel_ear_Marmoset;Omnivore;NI;NI;NI;NI;NI;NI;NI;;NI
302;Snethlage_s_Marmoset;Omnivore;NI;NI;NI;NI;NI;NI;NI;NI;NI
303;Santarém_Marmoset;Omnivore;NI;NI;NI;NI;NI;NI;NI;NI;NI
304;Black-crowned_Dwarf_Marmoset;;;;;;;;;;
305;Rio_Aripuanã_Marmoset;Omnivore;NI;NI;NI;NI;NI;NI;NI;NI;Brazil
306;Golden_white_Bare_ear_Marmoset;Omnivore;NI;NI;NI;NI;NI;NI;NI;NI;NI
307;Marca_s_Marmoset;;;;;;;;;;
308;Maués_Marmoset;Omnivore;NI;NI;NI;NI;NI;NI;NI;NI;NI
309;Black_tailed_Marmoset;Omnivore;NI;NI;NI;NI;NI;NI;NI;NI;NI
310;Black_headed_Marmoset;Omnivore;NI;NI;NI;NI;NI;NI;NI;NI;Brazil
311;Rondon_s_Marmoset;Omnivore;NI;NI;NI;NI;NI;NI;NI;NI;NI
312;Sateré_Marmoset;Omnivore;NI;NI;NI;NI;NI;NI;NI;NI;NI
313;Montagne_d_Ambre_Mouse_Lemur;;;;;;;;;;
314;Madame_Berthe_s_Mouse_Lemur;Omnivore;NI;NI;NI;NI;NI;NI;NI;NI;NI
315;Bongolava_Mouse_Lemur;;;;;;;;;;
316; Nosy_Boraha_Mouse_Lemur;;;;;;;;;;
317;Ambarijeby_Mouse_Lemur;;;;;;;;;;
318;Ganzhorn's_Mouse_Lemur;;;;;;;;;;
319;Gerp_s_Mouse_Lemur;;;;;;;;;;
320;Gray_brown_Mouse_Lemur;Omnivore;NI;NI;NI;NI;NI;NI;NI;NI;NI
321;Jolly_s_Mouse_Lemur;;;;;;;;;;
322;Goodman_s_Mouse_Lemur;Omnivore;NI;NI;NI;NI;NI;NI;NI;NI;NI
323;Anjiahely_Mouse_Lemur;Omnivore;NI;NI;NI;NI;NI;NI;NI;NI;NI
324;Nosy_Be_Mouse_Lemur;;;;;;;;;;
325;Bemanasy_Mouse_Lemur;;;;;;;;;;
326;Margot_Marsh_s_Mouse_Lemur;;;;;;;;;;
327;Marohita_Mouse_Lemur;;;;;;;;;;
328;Mittermeier_s_Mouse_Lemur;Omnivore;NI;NI;NI;NI;NI;NI;NI;NI;NI
330;Gray_Mouse_Lemur;Gummivore;3.8;NI;NI;NI;21.2;75;NI;NI;Madagascar
331;Peters_s_Mouse_Lemur;Omnivore;NI;NI;NI;NI;NI;NI;NI;NI;NI
332;Golden_brown_Mouse_Lemur;Omnivore;6;NI;NI;NI;30;32;NI;32;Madagascar
333;Rufous_Mouse_Lemur;Omnivore;NI;NI;NI;NI;NI;NI;NI;NI;Madagascar
334;Sambirano_Mouse_Lemur;Omnivore;NI;NI;NI;NI;NI;NI;NI;NI;NI
335;Simmons_s_Mouse_Lemur;;;;;;;;;;
336;Anosi_Mouse_lemur;;;;;;;;;;
337;Tavaratra_Mouse_Lemur;Omnivore;NI;NI;NI;NI;NI;NI;NI;NI;NI
338;Northern_Talapoin_Monkey;Frugivore;60;rarely;NI;NI;NI;NI;NI;NI;NI
339;Southern_Talapoin_Monkey;Omnivore;NI;NI;NI;NI;NI;NI;NI;NI;NI
340;Coquerel_s_Giant_Mouse_Lemur;Omnivore;NI;NI;NI;NI;NI;NI;NI;NI;NI
341;Northern_Giant_Mouse_Lemur;Omnivore;NI;NI;NI;NI;NI;NI;NI;NI;NI
342;Proboscis_Monkey;Folivore_frugivore;20;51.9;3;20.3;2;NI;NI;2.8;Indonesia
343;Northern_Yellow_cheeked_Crested_Gibbon;Frugivore;NI;NI;NI;NI;NI;NI;NI;NI;NI
344;Western_Black_Crested_Gibbon;Folivore_frugivore;26;25;NI;NI;NI;NI;NI;49;NI
345;Southern_Yellow_cheeked_Crested_Gibbon;Frugivore;81.6;9.5;8.9;NI;NI;NI;NI;NI;NI
347;Hainan_Crested_Gibbon;Frugivore;64.8;28.8;0.6;;0.3;NI;NI;5.5;China
348;Northern_White_cheeked_Crested_Gibbon;Folivore_frugivore;30.4;68.8;0.3;NI;0.5;NI;NI;NI;Laos
349;Eastern_Black_Crested_Gibbon;Frugivore;86.6;4.7;NI;NI;0.5;NI;NI;8.2;Vietnam
350;Southern_White_cheeked_Crested_Gibbon;Frugivore;NI;NI;NI;NI;NI;NI;NI;NI;NI
351;Bangka_Slow_Loris;;;;;;;;;;
352;Bengal_Slow_Loris;Gummivore;NI;NI;NI;NI;NI;NI;NI;NI;NI
353;Bornean_Slow_Loris;;;;;;;;;;
354;Sunda_Slow_Loris;Omnivore;22.5;NI;NI;NI;2.5;43.3;31.7;NI;Malaysia
355;Javan_Slow_Loris;Gummivore;NI;NI;NI;NI;NI;NI;NI;NI;NI
357;Kayan_River_Slow_Loris;;;;;;;;;;
358;Philippine_Slow_Loris;Omnivore;NI;NI;NI;NI;NI;NI;NI;NI;NI
359;Pygmy_Slow_Loris;Gummivore;NI;NI;NI;NI;NI;NI;NI;NI;NI
360;Thick_tailed_Greater_Galago;Omnivore;21;NI;NI;NI;5;62;8;4;South Africa & Zimbabwe
363;Bonobo;Omnivore;49;21;6;9;NI;NI;NI;15;Democratic Republic of Congo
364;Chimpanzee;Omnivore;60.7;10.8;1.1;6.3;1.8;NI;NI;19.3;Guinea
365;Olive_Baboon;Omnivore;46;7;NI;4;1;NI;NI;42;Uganda
366;Yellow_Baboon;Omnivore;10.1;12.5;3.6;14.7;2;8.1;NI;49;NI
367;Hamadryas_Baboon;Omnivore;NI;NI;NI;NI;NI;NI;NI;NI;Ethiopia
368;Kinda_Baboon;Frugivore;NI;NI;NI;NI;NI;NI;NI;NI;NI
369;Guinea_Baboon;Omnivore;60;NI;NI;17;1.2;NI;NI;21.8;Senegal
370;Chacma_Baboon;Omnivore;34;23;10;NI;4;NI;NI;29;South Africa & Lesotho
376;Milne_Edwards_s_Potto;Frugivore;NI;NI;NI;NI;NI;NI;NI;NI;NI
377;East_African_Potto;Omnivore;NI;NI;NI;NI;NI;NI;NI;NI;Kenya
379;West_African_Potto;Frugivore;65;4;NI;NI;10;21;NI;NI;Gabon
380;Montagne_D__Ambre_Fork_marked_Lemur;Gummivore;NI;NI;NI;NI;NI;NI;NI;NI;NI
381;Masoala_Fork_marked_Lemur;Gummivore;NI;NI;NI;NI;NI;NI;NI;NI;NI
384;Pale_Fork_marked_Lemur;Gummivore;0.47;NI;NI;NI;9.43;87.6;NI;2.5;Madagascar
385;Sambirano_Fork_marked_Lemur;;;;;;;;;;
386;Upper_Guinea_Red_Colobus;Folivore_frugivore;6;52;16;25;NI;NI;NI;1;Sierra Leone
387;Bouvier_s_Red_Colobus;Folivore_frugivore;NI;NI;NI;NI;NI;NI;NI;NI;NI
388;Niger_Delta_Red_Colobus;Folivore;NI;NI;NI;NI;NI;NI;NI;NI;NI
389;Foa_s_Red_Colobus;Folivore_frugivore;NI;NI;NI;NI;NI;NI;NI;NI;NI
390;Udzungwa_Red_Colobus;Folivore_frugivore;36;42;8;NI;NI;NI;NI;14;Tanzania
391;Zanzibar_Red_Colobus;Folivore_frugivore;14.4;58.665;5.165;0.94;NI;NI;NI;20.82;Tanzania
392;Lang_s_Red_Colobus;Folivore_frugivore;NI;NI;NI;NI;NI;NI;NI;NI;NI
394;Oustalet_s_Red_Colobus;Folivore;NI;NI;NI;NI;NI;NI;NI;NI;Uganda
396;Lomami_Red_Colobus;Folivore_frugivore;NI;NI;NI;NI;NI;NI;NI;NI;NI
397;Pennant_s_Red_Colobus;Folivore_frugivore;NI;NI;NI;NI;NI;NI;NI;NI;NI
398;Preuss_s_Red_Colobus;Folivore;0.87;88.91;10.2;NI;NI;NI;NI;NI;Cameroon
399;Tana_River_Red_Colobus;Folivore;22-26;39-85;jun-27;NI;NI;NI;NI;NI;NI
400;Semliki_Red_Colobus;Folivore_frugivore;NI;NI;NI;NI;NI;NI;NI;NI;NI
401;Temminick_s_Red_Colobus;Folivore;18.8;76.4;NI;NI;NI;NI;NI;4.8;Senegal
402;Ashy_Red_Colobus;Folivore;6,4-13,9;75,5-86,9;2-13,9;NI;NI;NI;NI;NI;Uganda
403;Tshuapa_Red_Colobus;Folivore;NI;61;1.4;33;NI;NI;NI;4.6;Democratic Republic of Congo
404;Miss_Waldron_s_Red_Colobus;Folivore;NI;NI;NI;NI;NI;NI;NI;NI;NI
405;Equatorial_Saki;;;;;;;;;;
406;Buffy_Saki;Frugivore;34;9.5;6.5;46.2;0.4;NI;NI;3.4;Brazil
407;Cazuza_s_Saki;;;;;;;;;;
408;Golden_faced_Saki;Frugivore;61.5;18;16;NI;NI;NI;NI;NI;NI
409;Hairy_Saki;Frugivore;53;16;NI;NI;NI;NI;NI;31;Peru
410;Burnished_Saki;;;;;;;;;;
411;Gray_s_Bald_faced_Saki;Frugivore;NI;NI;NI;NI;NI;NI;NI;NI;NI
412;Isabel_s_Saki;;;;;;;;;;
413;Miller_s_Saki;;;;;;;;;;
414;Mittermeier_s_Tapajós_Saki;;;;;;;;;;
415;Monk_Saki;;;;;;;;;;
416;Napo_Saki;;;;;;;;;;
417;Pissinatti_s_Bald_faced_Saki;;;;;;;;;;
418;White_faced_saki;Frugivore;95.3;0;6.7;NI;NI;NI;NI;NI;Surinam
419;Rylands__Bald_faced_Saki;Frugivore;20;1;3;75;NI;NI;NI;1;Peru
420;Vanzolinis_Bald_faced_Saki;;;;;;;;;;
421;Madidi_Titi;Frugivore;95.5;2;2.5;NI;NI;NI;NI;NI;Bolivia
422;Lake_Baptista_Titi;;;;;;;;;;
423;Prince_Bernhard_s_Titi;;;;;;;;;;
424;Brown_Titi;Frugivore;78;18;NI;NI;2;NI;NI;2;Peru
425;Chestnut_bellied_Titi;;;;;;;;;;
426;Caquetá_Titi;Omnivore;36;31;7;21;3;NI;NI;2;Colombia
427;Ashy_Titi;;;;;;;;;;
428;Coppery_Titi;Frugivore;76;8.33;2;NI;13.6;NI;NI;NI;Peru
429;Red_crowned_Titi;Frugivore;63;31;6;NI;NI;NI;NI;NI;Ecuador.
430;White_eared_Titi;Frugivore;NI;NI;NI;NI;NI;NI;NI;NI;NI
431;Hoffmann_s_Titi;;;;;;;;;;
432;Milton´s_titi_monkey;;;;;;;;;;
433;Rio_Beni_Titi;Frugivore;65.81;NI;14.47;NI;10.93;NI;NI;8.79;Bolivia
436;Red_bellied_Titi;Folivore_frugivore;52;30;1;NI;17;NI;NI;NI;Paraguay
438;San_Martín_Titi;Omnivore;64;NI;NI;NI;17;;NI;19;Peru
441;Olalla_s_Titi;Folivore_frugivore;47.57;39.09;NI;NI;NI;NI;NI;14.34;Bolivia
442;Ornate_Titi;Frugivore;NI;NI;NI;NI;NI;NI;NI;NI;NI
443;Pale_Titi;Omnivore;NI;NI;NI;NI;NI;NI;NI;NI;Bolivia
444;Stephen_Nash_s_Titi;;;;;;;;;;
445;Toppins_Titi;Folivore_frugivore;NI;NI;NI;NI;NI;NI;NI;NI;NI
446;Urubamba_Brown_Titi;;;;;;;;;;
447;Vieira_s_Titi;;;;;;;;;;
448;Sumatran_Orangutan;Frugivore;68.5;15.5;1.9;NI;7.1;NI;NI;7;Indonesia
449;Bornean_Orangutan;Frugivore;60.9;22.2;NI;NI;NI;NI;NI;16.9;Malaysia
450;Tapanuli_Orangutan;;;;;;;;;;
451;Black_and_white_Langur;Folivore_frugivore;NI;NI;NI;NI;NI;NI;NI;NI;NI
452;Miller_s_Langur;Folivore;NI;NI;NI;NI;NI;NI;NI;NI;NI
453;Cross_marked_Langur;Folivore_frugivore;NI;NI;NI;NI;NI;NI;NI;NI;NI
454;Javan_Langur;Folivore;6;69;17;2;NI;NI;NI;6;Indonesia
455;Banded_Langur;Folivore_frugivore;NI;NI;NI;NI;NI;NI;NI;NI;Indonesia
456;White_fronted_Langur;Folivore;NI;NI;NI;NI;NI;NI;NI;NI;NI
457;Hose_s_Langur;Folivore;25;70;NI;NI;NI;NI;NI;5;NI
458;Black_crested_Sumatran_Langur;Folivore_frugivore;NI;NI;NI;NI;NI;NI;NI;NI;Indonesia
459;Mitered_Langur;Folivore_frugivore;NI;NI;NI;NI;NI;NI;NI;NI;NI
460;Natuna_Islands_Langur;;;;;;;;;;
461;Mentawai_Langur;Folivore_frugivore;NI;NI;NI;NI;NI;NI;NI;NI;NI
462;Maroon_Langur;Folivore_frugivore;19.2;37.6;11.1;30.1;NI;NI;NI;2;Malaysia
463;Sabah_Grizzled_Langur;Folivore_frugivore;18.8;59.4;0.2;21.3;NI;NI;NI;0.3;NI
464;Pale_thighed_Langur;Folivore_frugivore;NI;NI;NI;NI;NI;NI;NI;NI;Malaysia
465;Siberut_Langur;Folivore_frugivore;NI;NI;NI;NI;NI;NI;NI;NI;NI
466;Black_Sumatran_Langur;Folivore_frugivore;NI;NI;NI;NI;NI;NI;NI;NI;NI
467;Thomas_s_Langur;Folivore_frugivore;36.1;44.2;3.6;;6.4;NI;NI;9.7;NI
468;Olive_Colobus;Folivore;9;80;4;7;NI;NI;NI;NI;Côte dIvoire
469;Greater_Bamboo_Lemur;Folivore;NI;NI;NI;NI;NI;NI;NI;NI;Madagascar
470;Silky_Sifaka;Folivore_frugivore;34;52.03;1.81;10.9;NI;NI;NI;1.36;Madagascar
471;Coquerel_s_Sifaka;Folivore_frugivore;27,5-42,5;41-54;6,3-10,8;NI;NI;NI;NI;NI;Madagascar
472;Crowned_Sifaka;Folivore;NI;NI;NI;NI;NI;NI;NI;NI;NI
473;Decken_s_Sifaka;;;;;;;;;;
474;Diademed_Sifaka;Folivore_frugivore;23.85;53;9.1;7.25;NI;NI;NI;6.8;Madagascar
475;Milne_Edwards_s_Sifaka;Folivore_frugivore;40;56;3;NI;1;NI;NI;NI;Madagascar
476;Perrier_s_Sifaka;Folivore_frugivore;17.5;50;27.2;0.75;NI;NI;NI;4.55;Madagascar
477;Tattersall_s_Sifaka;Folivore_frugivore;mar-14;30-48;oct-18;30-42;NI;NI;NI;NI;Madagascar
478;Verreaux_s_Sifaka;Folivore_frugivore;29.33;56.33;9.66;4.66;NI;NI;NI;NI;Madagascar
479;Grey_shanked_Douc;Folivore;NI;NI;NI;NI;NI;NI;NI;NI;Vietnam
480;Red_shanked_Douc;Folivore;14;82;4;NI;NI;NI;NI;NI;NI
481;Black_shanked_Douc;Folivore_frugivore;29;54;14;NI;NI;NI;NI;3;Vietnam
482;Tonkin_Snub_nosed_Monkey;Folivore_frugivore;10.17;52.53;10.17;8.47;NI;NI;NI;18.66;Vietnam
483;Yunnan_Snub_nosed_Monkey;Folivore;NI;91;NI;NI;NI;NI;NI;9;China
484;Guizhou_Snub_nosed_Monkey;Folivore;NI;NI;NI;NI;NI;NI;NI;NI;NI
485;Golden_Snub_nosed_Monkey;Folivore;14.57;80.86;1.13;NI;NI;NI;NI;3.45;China
486;Stryker_s_Snub_nosed_Monkey;Folivore;NI;NI;NI;NI;NI;NI;NI;NI;NI
487;Kipunji;Omnivore;27;34;9;NI;NI;NI;NI;30;Tanzania
488;Pied_Tamarin;Frugivore;96.1;NI;0.9;NI;NI;3;NI;NI;Brazil
489;Geoffroy_s_Tamarin;Omnivore;38.4;NI;NI;NI;40;14.4;NI;7.2;Panama
490;Emperor_Tamarin;Omnivore;NI;NI;NI;NI;NI;NI;NI;NI;NI
491;Mottled_face_Tamarin;Frugivore;100;NI;NI;NI;NI;NI;NI;NI;Colombia
492;Red_bellied_Tamarin;Omnivore;58;NI;NI;NI;11;8;15;8;Bolivia
493;White_footed_Tamarin;Frugivore;94.76;NI;2.05;NI;NI;NI;NI;3.19;Colombia
494;Martin_s_Bare_faced_Tamarin;Frugivore;NI;NI;NI;NI;NI;NI;NI;NI;Brazil
495;Midas_Tamarin;Omnivore;47.1;NI;NI;NI;50.2;NI;NI;2.7;Guiana
496;Mustached_Tamarin;Omnivore;42.3;NI;NI;NI;40.4;2.2;5.6;9.3;Peru
497;Western_Black_handed_Tamarin;Frugivore;87.5;NI;NI;NI;9.4;3.1;NI;NI;Brazil
498;Cotton_top_Tamarin;Omnivore;NI;NI;NI;NI;NI;NI;NI;NI;NI
499;Eastern_Black_handed_Tamarin;;;;;;;;;;
500;Black_capped_Squirrel_Monkey;Omnivore;NI;NI;NI;NI;NI;NI;NI;NI;NI
501;Humboldt_s_Squirrel_Monkey;Omnivore;NI;NI;NI;NI;NI;NI;NI;NI;NI
502;Collins'_Squirrel_Monkey;;;;;;;;;;
503;Ecuadorian_Squirrel_Monkey;;;;;;;;;;
504;Central_American_Squirrel_Monkey;Omnivore;NI;NI;NI;NI;NI;NI;NI;NI;NI
506;Guianan_Squirrel_Monkey;Frugivore;92.6;0;7.4;NI;NI;NI;NI;NI;Surinam
507;Golden_backed_Squirrel_Monkey;Omnivore;NI;NI;NI;NI;NI;NI;NI;NI;Brazil
508;Black_headed_Squirrel_Monkey;Omnivore;NI;NI;NI;NI;NI;NI;NI;NI;NI
509;Guianan_Brown_Capuchin;Omnivore;50.9;3.5;3.5;3.5;38.6;NI;NI;NI;Venezuela
510;Hooded_Capuchin;Omnivore;63.82;7.31;0.4;NI;18.08;NI;6.91;3.48;Brazil
511;Blond_Capuchin;Omnivore;53;5.3;3.6;1.1;21;NI;NI;16;Brazil
512;Bearded_Capuchin;Omnivore;NI;NI;NI;NI;NI;NI;NI;NI;NI
513;Large_headed_Capuchin;Omnivore;NI;NI;NI;NI;NI;NI;NI;NI;NI
514;Black_horned_Capuchin;Omnivore;42;20;NI;NI;31;NI;3;4;Brazil
515;Crested_Capuchin;Frugivore;72.6;NI;NI;9;4.1;NI;NI;14.3;Brazil
516;Yellow_breasted_Capuchin;Omnivore;NI;NI;NI;NI;NI;NI;NI;NI;NI
517;Bioko_Squirrel_Galago;Frugivore;NI;NI;NI;NI;NI;NI;NI;NI;NI
519;Cross_River_Squirrel_Galago;Insectivore;NI;NI;NI;NI;NI;NI;NI;NI;NI
520;Gabon_Squirrel_Galago;Frugivore;73;NI;NI;NI;25;NI;NI;2;NI
521;Makandé_squirrel_galago;;;;;;;;;;
522;Chamba_Sacred_Langur;Folivore_frugivore;NI;NI;NI;NI;NI;NI;NI;NI;NI
523;Bengal_Sacred_Langur;Folivore_frugivore;NI;39;9;22;NI;NI;NI;30;NI
524;Terai_Sacred_Langur;Folivore;15;64;6;NI;10;NI;NI;5;NI
525;Malabar_Sacred_Langur;Folivore;29;58;7;NI;NI;NI;NI;6;India
526;Nilgiri_Langur;Folivore_frugivore;32.1;54.2;6.3;32.1;NI;NI;NI;NI;China
527;Tufted_Gray_Langur;Folivore_frugivore;45;48;7;NI;NI;NI;NI;NI;NI
528;Nepal_Sacred_Langur;Folivore_frugivore;15-25;52-61;abr-13;NI;0,4-3;NI;NI;NI;Bangladesh
529;Purple_faced_Langur;Frugivore;50;24.5-35;NI;NI;NI;NI;NI;NI;NI
531;Pig_tailed_Langur;Folivore;NI;NI;NI;NI;NI;NI;NI;NI;Indonesia
532;Siamang;Folivore_frugivore;NI;NI;NI;NI;NI;NI;NI;NI;NI
533;Dian_s_Tarsier;Insectivore;NI;NI;NI;NI;NI;NI;NI;NI;NI
534;Makassar_Tarsier;;;;;;;;;;
535;Lariang_Tarsier;Insectivore;NI;NI;NI;NI;NI;NI;NI;NI;NI
536;Peleng_Tarsier;Insectivore;NI;NI;NI;NI;NI;NI;NI;NI;NI
537;Sulawesi_Mountain_Tarsier;Insectivore;NI;NI;NI;NI;NI;NI;NI;NI;NI
538;Great_Sangihe_Tarsier;Insectivore;NI;NI;NI;NI;NI;NI;NI;NI;NI
539;Gursky's_Spectral_Tarsier ;;;;;;;;;;
540;Jatna's_Tarsier;;;;;;;;;;
541;Selayar_Tarsier;Insectivore;NI;NI;NI;NI;10000 %;NI;NI;NI;Indonesia
542;Siau_Island_Tarsier;Insectivore;NI;NI;NI;NI;NI;NI;NI;NI;NI
543;Wallace_s_Tarsier;Insectivore;NI;NI;NI;NI;NI;NI;NI;NI;NI
544;Gelada;Folivore;;94.6;;;2.8;;;2.6;Ethiopia
545;East_Javan_Langur;Folivore;NI;NI;NI;NI;NI;NI;NI;NI;NI
546;Tenasserim_Langur;;;;;;;;;;
547;Indochinese_Gray_Langur;Folivore;15.1;62.4;6.3;NI;NI;NI;NI;4.9;India
550;Silvered_Langur;Folivore;NI;NI;NI;NI;NI;NI;NI;NI;Malaysia
551;Delacour_s_Langur;Folivore;NI;NI;NI;NI;NI;NI;NI;NI;NI
552;Black_Langur;;;;;;;;;;
553;Francois_s_Langur;Folivore;NI;NI;NI;NI;NI;NI;NI;NI;NI
554;Golden_Langur;Folivore;21;44;6;5;NI;NI;NI;11;India
555;Germain_s_Langur;Folivore;NI;NI;NI;NI;NI;NI;NI;NI;NI
556;Hatinh_Langur;Folivore;NI;NI;NI;NI;NI;NI;NI;NI;NI
557;Laos_Langur;Folivore;NI;NI;NI;NI;NI;NI;NI;NI;NI
558;White_headed_Langur;Folivore;6.8;87.9;2.4;0.9;NI;NI;NI;NI;China
559;Annamese_Langur;Folivore;NI;NI;NI;NI;NI;NI;NI;NI;NI
560;West_Javan_Langur;Folivore;NI;NI;NI;NI;NI;NI;NI;NI;NI
561;Dusky_Langur;Folivore;NI;NI;NI;NI;NI;NI;NI;NI;NI
562;Phayre_s_Langur;Folivore;NI;NI;NI;NI;NI;NI;NI;NI;India
563;Capped_Langur;Folivore;NI;NI;NI;NI;NI;NI;NI;NI;NI
564;Cat_Ba_Langur;Folivore;NI;NI;NI;NI;NI;NI;NI;NI;NI
565;Selangor_Silvery_Langur;Folivore;NI;NI;NI;NI;NI;NI;NI;NI;NI
566;Shortridge_s_Langur;Folivore;NI;NI;NI;NI;NI;NI;NI;NI;NI
567;Red_Ruffed_Lemur;Frugivore;80;10;10;NI;NI;NI;NI;NI;Madagascar
568;Black_and_white_Ruffed_Lemur;Frugivore;NI;NI;NI;NI;NI;NI;NI;NI;NI