Job,Company,Location,Publication date,Company's rate
Analyste fonctionnel,Siege Asp Limoges,Limoges (87),0,Not specified
Analyste business intelligence,Daytona,Boulogne-Billancourt (92),0,"['3,8']"
Analyste développeur mdm informatica (h/f) / freelance,Espace Freelance,Villeneuve-d'Ascq (59),0,Not specified
Consultant data & bi microsoft (power bi / azure,Exakis Nelite,Paris (75),0,Not specified
Analyste cybersécurité (h/f) / freelance,Scc,Paris (75),0,"['3,3']"
Analyste business intelligence,Daytona,Boulogne-Billancourt (92),0,"['3,8']"
Analyste business intelligence,Daytona,Boulogne-Billancourt (92),0,"['3,8']"
Business analyst / freelance,Genious,Paris (75),0,Not specified
Business analyst - moa (h/f) / freelance,Espace Freelance,Niort (79),0,Not specified
Cdi - analyste fonctionnel 3d expérience plm,Naval Group,Lorient (56),0,"['4,2']"
Ingénieur big data,Enedis,Nanterre (92),0,"['4,1']"
Analyste de veille marchés publics (appels d'offres,Octopusmind,Nantes (44),0,Not specified
Analyste business intelligence,Daytona,Boulogne-Billancourt (92),0,"['3,8']"
Analyste business intelligence,Daytona,Boulogne-Billancourt (92),0,"['3,8']"
Business analyst / freelance,Genious,Paris (75),0,Not specified
Business / data analyst santé - stage,Carenity,Paris (75),0,Not specified
Cdi - analyste fonctionnel 3d expérience plm,Naval Group,Lorient (56),0,"['4,2']"
Analyste de veille marchés publics (appels d'offres,Octopusmind,Nantes (44),0,Not specified
Business analyst kyc/lutte anti-blanchiment -,Ingeniance,Paris (75),0,"['3,6']"
Responsable sécurité / eh&s analyst,Ncr,Massy (91),0,"['3,6']"
Analyste traitement de données,Aaa Data,Paris (75),0,Not specified
Alternant analyste financier,Altitude Infrastructure,Val-de-Reuil (27),0,"['3,7']"
Data analyst,Stedy,Paris 1er (75),0,Not specified
Assistant data analyst en alternance,Houdan Cuisines,Lens (62),0,"['3,6']"
Cdd - nature and sustainability reporting analyst - paris,Danone,Paris (75),0,"['4,2']"
Data officer - data factory,Euro Information,Strasbourg (67),0,"['3,9']"
Assistant comptable data operator,Kpmg Sa,Quimper (29),0,"['4,0']"
Chargé d'import h/f (transport analyst,Kingfisher,Longpont-sur-Orge (91),0,Not specified
Business analyst h/f alternant,Tempo One,Marseille 16e (13),0,Not specified
Développeur python / data analyst,Neurones It,Paris (75),0,"['2,5']"
Analyste développeur mainframe,Crédit Mutuel,Villeneuve-d'Ascq (59),0,"['4,0']"
Consultant.e analyst.e vba / freelance,Symbioz Technology,Paris (75),0,Not specified
Business analyst,Oddo Bhf,Paris 19e (75),0,Not specified
Analyste budgétaire et analyste de gestion des charges de pe...,Centre Hospitalier Charles Perrens,Bordeaux (33),0,"['2,7']"
Internship – technip energies strategy analyst,Technipfmc,Paris (75),0,"['4,0']"
Analyste développeur mainframe,Crédit Mutuel,Villeneuve-d'Ascq (59),0,"['4,0']"
Analyste business intelligence,Daytona,Boulogne-Billancourt (92),0,"['3,8']"
Analyste de veille marchés publics (appels d'offres,Octopusmind,Nantes (44),0,Not specified
Analyste business intelligence,Daytona,Boulogne-Billancourt (92),0,"['3,8']"
Account manager sea-booster contact,Solocal Group,Boulogne-Billancourt (92),0,"['3,4']"
Data officer - data factory,Crédit Mutuel,Nantes (44),0,"['4,0']"
Analyste développeur,Crédit Mutuel,Nantes (44),0,"['4,0']"
Data analyst (1-6ans xp,Cyberdian,Paris 13e (75),0,Not specified
Analyste business intelligence,Daytona,Boulogne-Billancourt (92),0,"['3,8']"
Analyste risques de marche -,Ingéniance,Paris (75),0,"['3,6']"
Data analyst bi,Laou,Clermont-Ferrand (63),0,Not specified
Poste en alternance – business analyst it,Bnp Paribas,Montreuil (93),0,"['3,9']"
Account manager sea-booster contact,Solocal Group,Boulogne-Billancourt (92),0,"['3,4']"
Business analyst -,Ingeniance,Paris (75),0,"['3,6']"
Business analyst iard -,Ingeniance,Paris (75),0,"['3,6']"
Data analyst bi,Laou,Clermont-Ferrand (63),0,Not specified
Analyste risques de marche -,Ingeniance,Paris (75),0,"['3,6']"
Consultant data - bi - toulouse -,Tech Valley,Toulouse (31),0,Not specified
Business analyst -,Ingeniance,Paris (75),0,"['3,6']"
Développeur développeuse web full stack python,Sereema,Montpellier (34),0,Not specified
Business analyst finance – risque opérationnel,Nexeo,Paris (75),0,Not specified
Analyste de veille marchés publics (appels d'offres,Octopusmind,Nantes (44),0,Not specified
Ormateur / data analyst temps partiel - full remote,Wild Code School,Paris (75),1,"['4,3']"
Data analyst,Not specified,79 - Niort,1,Not specified
Data analyst,Not specified,"Audencia Eesc
 - 44 - Nantes",1,Not specified
Ingénieur data analyst,Segula Technologies,La Rochelle (17),1,"['3,0']"
Business analyst data,Not specified,92 - Montrouge,1,Not specified
Data analyst | power bi (5-7ans xp,Cyberdian,Paris 13e (75),1,Not specified
Data analyst h/f (cdi,Not specified,31 - Toulouse,1,Not specified
Data analyst,Not specified,Ile-De-France,1,Not specified
Risk analyst / security analyst,Squad,Aix-en-Provence (13),1,"['3,0']"
Ingénieur data analyst,Segula Technologies,La Rochelle (17),1,"['3,0']"
Data analyst connaissance clients,Not specified,"La Poste
 - 92 - Issy Les Moulineaux",1,Not specified
Business analyst data centric expérimenté(e,Not specified,92 - Hauts De Seine,1,Not specified
Data quality analyst f/h - informatique de gestion,Not specified,"Auchan Retail France
 - 59 - Nord",1,Not specified
Ingénieur data analyst,Segula Technologies,La Rochelle (17),1,"['3,0']"
Data analyst f/h - direction informatique,Not specified,"Stedy
 - 75 - Paris (Dept.)",1,Not specified
Data analyst,Not specified,33 - Bordeaux,1,Not specified
Ingénieur data analyst,Segula Technologies,La Rochelle (17),1,"['3,0']"
Analyste interfaces comptables / freelance,Freelance Vision,Niort (79),1,Not specified
It business analyst e-commerce,Viseo,Boulogne-Billancourt (92),1,"['3,3']"
Ingénieur data analyst,Segula Technologies,La Rochelle (17),1,"['3,0']"
Data analyst junior risque de fraude,Not specified,"La Poste
 - 87 - Limoges",1,Not specified
Consultant data analyst (h/f) - cdi,Not specified,75 - Paris (Dept.),1,Not specified
Marketing data analyst h/f (cdi,Not specified,92 - Boulogne Billancourt,1,Not specified
Data analyst @1200 startups,Not specified,75 - Paris (Dept.),1,Not specified
Data analyst,Gie Rsm Paris,Paris 8e (75),1,Not specified
Ingénieur data analyst,Segula Technologies,La Rochelle (17),1,"['3,0']"
Estates analyst,Jcdecaux,Calvados,1,"['3,8']"
Data analyst,We +,Aix-en-Provence (13),1,Not specified
Ingénieur data analyst,Segula Technologies,La Rochelle (17),1,"['3,0']"
Ingénieur data analyst,Segula Technologies,La Rochelle (17),1,"['3,0']"
Ingénieur data analyst,Segula Technologies,La Rochelle (17),1,"['3,0']"
Ingénieur data analyst,Segula Technologies,La Rochelle (17),1,"['3,0']"
Alternance - data community manager,Groupama Assurances Mutuelles,Nanterre (92),1,Not specified
Expert tests automatisés / freelance,Siderlog Atlantique,Niort (79),1,Not specified
Ingénieur data analyst,Segula Technologies,La Rochelle (17),1,"['3,0']"
Ingénieur data analyst,Segula Technologies,La Rochelle (17),1,"['3,0']"
Data analyst,Audencia Eesc,Nantes (44),1,Not specified
Product data analyst confirmé.e,Malt,Paris (75),1,"['2,7']"
Business analyst,Jobopportunit,Toulon (83),1,Not specified
Ingénieur data analyst,Segula Technologies,La Rochelle (17),1,"['3,0']"
Data analyst,Not specified,"Maif
 - 79 - Niort",1,Not specified
Data analyst -,Not specified,"Leclerc
 - 94 - Ivry Sur Seine",1,Not specified
"Data analyst f/h - système, réseaux, données",Not specified,"Gie Rsm Paris
 - 75 - Paris (Dept.)",1,Not specified
Data analyst,Not specified,75 - Paris (Dept.),1,Not specified
Data analyst,Not specified,92 - Issy Les Moulineaux,1,Not specified
Ingénieur data analyst,Segula Technologies,La Rochelle (17),1,"['3,0']"
Data analyst,Not specified,92 - Rueil Malmaison,1,Not specified
Ingénieur data analyst,Segula Technologies,La Rochelle (17),1,"['3,0']"
Data analyst recouvrement h/f (cdi,Not specified,33 - Bordeaux,1,Not specified
Data analyst h/f (cdi,Not specified,76 - Le Havre,1,Not specified
Ingénieur data analyst,Segula Technologies,La Rochelle (17),1,"['3,0']"
Data analyst,Not specified,59 - Lille,1,Not specified
Ingénieur data analyst,Segula Technologies,La Rochelle (17),1,"['3,0']"
Charge de clientele livres,Gfk,Suresnes (92),1,"['3,7']"
Analyste fonctionnel sap mm s/4hana,Eurovia,Rueil-Malmaison (92),1,"['3,8']"
Ingénieur data analyst,Segula Technologies,La Rochelle (17),1,"['3,0']"
Analyste / chargé de projets - alternance,"Covéa (Maaf, Mma, Gmf)",Tours (37),1,"['3,1']"
Engagement manager,Iqvia,Bordeaux (33),1,"['3,8']"
Analyste risk data quality,Psa Banque,Poissy (78),1,"['3,0']"
Ingénieur data analyst,Segula Technologies,La Rochelle (17),1,"['3,0']"
Ingénieur data analyst,Segula Technologies,La Rochelle (17),1,"['3,0']"
Ingénieur data analyst,Segula Technologies,La Rochelle (17),1,"['3,0']"
Ingénieur data analyst,Segula Technologies,La Rochelle (17),1,"['3,0']"
Ingénieur data analyst,Segula Technologies,La Rochelle (17),1,"['3,0']"
Analyste / chargé de projets f/h - alternance,Groupe Covéa,Tours (37),1,"['3,3']"
Ingénieur data analyst,Segula Technologies,La Rochelle (17),1,"['3,0']"
Ingénieur data analyst,Segula Technologies,La Rochelle (17),1,"['3,0']"
Analyste marché obligataire,Amf,Paris (75),1,"['3,3']"
Data analyste informatique,01 Technologie,Aix-en-Provence (13),1,Not specified
Alternance - data community manager,Groupama Assurances Mutuelles,Nanterre (92),1,Not specified
Ield marketing specialist,Avaya,Paris (75),1,"['3,8']"
Analyste / chargé de projets - alternance,"Covéa (Maaf, Mma, Gmf)",Tours (37),1,"['3,1']"
Ingénieur data analyst,Segula Technologies,La Rochelle (17),1,"['3,0']"
Ingénieur data analyst,Segula Technologies,La Rochelle (17),1,"['3,0']"
Ingénieur data analyst,Segula Technologies,La Rochelle (17),1,"['3,0']"
Ingénieur data analyst,Segula Technologies,La Rochelle (17),1,"['3,0']"
Business analyst / ux,Dawex,Lyon (69),1,Not specified
Analyste / chargé de projets f/h - alternance,Groupe Covéa,Tours (37),1,"['3,3']"
Ingénieur data analyst,Segula Technologies,La Rochelle (17),1,"['3,0']"
Ingénieur data analyst,Segula Technologies,La Rochelle (17),1,"['3,0']"
Ingénieur data analyst,Segula Technologies,La Rochelle (17),1,"['3,0']"
Ingénieur data analyst,Segula Technologies,La Rochelle (17),1,"['3,0']"
Ingénieur data analyst,Segula Technologies,La Rochelle (17),1,"['3,0']"
Business analyst / ux,Dawex,Lyon (69),1,Not specified
Ingénieur data analyst,Segula Technologies,La Rochelle (17),1,"['3,0']"
Ingénieur data analyst,Segula Technologies,La Rochelle (17),1,"['3,0']"
Raud analyst,Lydia App,Paris (75),1,Not specified
Ingénieur data analyst,Segula Technologies,La Rochelle (17),1,"['3,0']"
Ingénieur data analyst,Segula Technologies,La Rochelle (17),1,"['3,0']"
Ingénieur data analyst,Segula Technologies,La Rochelle (17),1,"['3,0']"
Ingénieur data analyst,Segula Technologies,La Rochelle (17),1,"['3,0']"
Business analyst,Jobopportunit,Toulon (83),1,Not specified
Ingénieur data analyst,Segula Technologies,La Rochelle (17),1,"['3,0']"
Analyste conformite,Française Des Jeux,Boulogne-Billancourt (92),1,"['4,1']"
Analyste quantitati,Cic,Paris (75),1,"['3,8']"
Ingénieur data analyst,Segula Technologies,La Rochelle (17),1,"['3,0']"
Analyste marketing,Villages Clubs Du Soleil,Marseille (13),1,"['4,0']"
Ingénieur data analyst,Segula Technologies,La Rochelle (17),1,"['3,0']"
Ingénieur data analyst,Segula Technologies,La Rochelle (17),1,"['3,0']"
Ingénieur data analyst,Segula Technologies,La Rochelle (17),1,"['3,0']"
Ingénieur data analyst,Segula Technologies,La Rochelle (17),1,"['3,0']"
Ingénieur data analyst,Segula Technologies,La Rochelle (17),1,"['3,0']"
Ingénieur data analyst,Segula Technologies,La Rochelle (17),1,"['3,0']"
Ingénieur data analyst,Segula Technologies,La Rochelle (17),1,"['3,0']"
Business analyst,Cti - Angers,Angers (49),1,Not specified
Analyste de la performance - paris - 2020,Mazars,Courbevoie (92),1,"['3,7']"
Mission freelance bagneux - business analyst,Upway.Io,Bagneux (92),1,Not specified
Ingénieur data analyst,Segula Technologies,La Rochelle (17),1,"['3,0']"
Ingénieur data analyst,Segula Technologies,La Rochelle (17),1,"['3,0']"
Salesforce crm business analyst,Viseo,Aix-en-Provence (13),1,"['3,3']"
Chargé(e) d’études rh (h/f) / hr analyst – cdi (m,Allianz Partners,Paris (75),1,"['3,9']"
Ingénieur data analyst,Segula Technologies,La Rochelle (17),1,"['3,0']"
Ingénieur data analyst,Segula Technologies,La Rochelle (17),1,"['3,0']"
Ingénieur data analyst,Segula Technologies,La Rochelle (17),1,"['3,0']"
Analyste marché obligataire,Amf,Paris (75),1,"['3,3']"
Ingénieur data analyst,Segula Technologies,La Rochelle (17),1,"['3,0']"
Stage assistant data analyst marketing fidélisation,Eni Gas & Power France,Levallois-Perret (92),1,Not specified
Data engineer,Not specified,35 - Rennes,1,Not specified
Cdi - ingénieur big data,Not specified,92 - Nanterre,1,Not specified
Data analyste performance,Not specified,"Come Together
 - 59 - Lille",1,Not specified
Ingénieur data analyst,Segula Technologies,La Rochelle (17),1,"['3,0']"
Ingénieur data analyst,Segula Technologies,La Rochelle (17),1,"['3,0']"
Leader technique data center,Not specified,"Wemoov
 - 79 - Niort",1,Not specified
Data analyst - green panda games (f/m,Ubisoft,Montreuil (93),1,"['3,9']"
Analyste décisionnel - business intelligence,Not specified,"Menway Talents
 - 59 - Lille",1,Not specified
Analyste de données,Not specified,59 - Marcq En Baroeul,1,Not specified
Alternance - data analyst/marketing -,April,Lyon 3e (69),1,"['3,4']"
Ingénieur data analyst,Segula Technologies,La Rochelle (17),1,"['3,0']"
Ingénieur data analyst,Segula Technologies,La Rochelle (17),1,"['3,0']"
Data engineer,Not specified,75 - Paris 10,1,Not specified
Data analyste,Not specified,"Fed It
 - France",1,Not specified
Cdd business analyst,Nestle,Paris (75),1,"['4,2']"
Ingénieur data analyst,Segula Technologies,La Rochelle (17),1,"['3,0']"
"Analyste risk data quality f/h - direction gestion, finance",Not specified,"Psa Banque
 - 78 - Yvelines",1,Not specified
Business / data analyst (h/f) – stage,Auto1 Group France,Issy-les-Moulineaux (92),1,"['3,9']"
Ingénieur data analyst,Segula Technologies,La Rochelle (17),1,"['3,0']"
Data analyst,Leaseplan France,Rueil-Malmaison (92),1,"['3,9']"
Data analyst,Stedy,Issy-les-Moulineaux (92),1,Not specified
Ingénieur data analyst,Segula Technologies,La Rochelle (17),1,"['3,0']"
Ingénieur data analyst,Segula Technologies,La Rochelle (17),1,"['3,0']"
Ingénieur data analyst,Segula Technologies,La Rochelle (17),1,"['3,0']"
Data analyst - green panda games (f/m,Ubisoft,Montreuil (93),1,"['3,9']"
Analyste décisionnel - business intelligence,Not specified,"Fed It
 - 69 - Bron",1,Not specified
Ingénieur data analyst,Segula Technologies,La Rochelle (17),1,"['3,0']"
Data analyst h/f - stage - axa partners - nanterre (92,Ap Credit Life Protection,Nanterre (92),1,Not specified
Data scientist f/h - maîtrise d'ouvrage et fonctionnel,Not specified,"Bial-R
 - 78 - Yvelines",1,Not specified
Assistant data analyst en alternance,Howdens Cuisines,Lens (62),2,"['3,6']"
Cio office analyst,Tenon Recrutement,Paris 8e (75),2,Not specified
Assistant data analyst en alternance,Howdens Cuisines,Lens (62),2,"['3,6']"
Business analyst si maintenance industrielle,Servier,Bolbec (76),2,"['3,8']"
Business analyst si maintenance industrielle,Servier,Bolbec (76),2,"['3,8']"
Business analyst si maintenance industrielle,Servier,Bolbec (76),2,"['3,8']"
Assistant data analyst en alternance,Howdens Cuisines,Lens (62),2,"['3,6']"
Assistant data analyst en alternance,Howdens Cuisines,Lens (62),2,"['3,6']"
Assistant data analyst en alternance,Howdens Cuisines,Lens (62),2,"['3,6']"
Consultant data scientist,Eversa,Puteaux (92),2,Not specified
Assistant data analyst en alternance,Howdens Cuisines,Lens (62),2,"['3,6']"
Assistant data analyst en alternance,Howdens Cuisines,Lens (62),2,"['3,6']"
Assistant data analyst en alternance,Howdens Cuisines,Lens (62),2,"['3,6']"
Assistant data analyst en alternance,Howdens Cuisines,Lens (62),2,"['3,6']"
Assistant data analyst en alternance,Howdens Cuisines,Lens (62),2,"['3,6']"
Assistant data analyst en alternance,Howdens Cuisines,Lens (62),2,"['3,6']"
Business analyst si maintenance industrielle,Servier,Bolbec (76),2,"['3,8']"
Assistant data analyst en alternance,Howdens Cuisines,Lens (62),2,"['3,6']"
Assistant data analyst en alternance,Howdens Cuisines,Lens (62),2,"['3,6']"
Assistant data analyst en alternance,Howdens Cuisines,Lens (62),2,"['3,6']"
Data analyste,Not specified,"Fed It
 - 69 - Bron",2,Not specified
Assistant data analyst en alternance,Howdens Cuisines,Lens (62),2,"['3,6']"
Assistant data analyst en alternance,Howdens Cuisines,Lens (62),2,"['3,6']"
Consultant data analyste power bi confirmé,Not specified,France,2,Not specified
Assistant data analyst en alternance,Howdens Cuisines,Lens (62),2,"['3,6']"
Ingénieur développement data,Omniciel,Marseille (13),2,Not specified
Assistant data analyst en alternance,Howdens Cuisines,Lens (62),2,"['3,6']"
Assistant data analyst en alternance,Howdens Cuisines,Lens (62),2,"['3,6']"
Business analyst si maintenance industrielle,Servier,Bolbec (76),2,"['3,8']"
Business analyst si maintenance industrielle,Servier,Bolbec (76),2,"['3,8']"
Consultant fonctionnel junior,Orange,Rennes (35),2,"['4,1']"
Assistant data analyst en alternance,Howdens Cuisines,Lens (62),2,"['3,6']"
Assistant data analyst en alternance,Howdens Cuisines,Lens (62),2,"['3,6']"
Assistant data analyst en alternance,Howdens Cuisines,Lens (62),2,"['3,6']"
Assistant data analyst en alternance,Howdens Cuisines,Lens (62),2,"['3,6']"
Assistant data analyst en alternance,Howdens Cuisines,Lens (62),2,"['3,6']"
Ingénieur développement data,Omniciel,Marseille (13),2,Not specified
Business analyst si maintenance industrielle,Servier,Bolbec (76),2,"['3,8']"
Assistant data analyst en alternance,Howdens Cuisines,Lens (62),2,"['3,6']"
Analyste financier -,La Banque De France,Lille (59),2,"['4,1']"
Assistant data analyst en alternance,Howdens Cuisines,Lens (62),2,"['3,6']"
Assistant data analyst en alternance,Howdens Cuisines,Lens (62),2,"['3,6']"
Assistant data analyst en alternance,Howdens Cuisines,Lens (62),2,"['3,6']"
Business analyst si maintenance industrielle,Servier,Bolbec (76),2,"['3,8']"
Assistant data analyst en alternance,Howdens Cuisines,Lens (62),2,"['3,6']"
Assistant data analyst en alternance,Howdens Cuisines,Lens (62),2,"['3,6']"
Apprenticeship - data analyst,Dailymotion,Paris (75),2,"['3,9']"
Assistant data analyst en alternance,Howdens Cuisines,Lens (62),2,"['3,6']"
Assistant data analyst en alternance,Howdens Cuisines,Lens (62),2,"['3,6']"
Assistant data analyst en alternance,Howdens Cuisines,Lens (62),2,"['3,6']"
Assistant data analyst en alternance,Howdens Cuisines,Lens (62),2,"['3,6']"
Assistant data analyst en alternance,Howdens Cuisines,Lens (62),2,"['3,6']"
International business developer - europe (f/m,Qos Energy,Nantes (44),2,Not specified
Coverage support analyst,Caceis,Issy-les-Moulineaux (92),2,"['3,8']"
Analyste risques - consolidation & projets,Caceis,Paris (75),2,"['3,8']"
Assistant data analyst en alternance,Howdens Cuisines,Lens (62),2,"['3,6']"
Assistant data analyst en alternance,Howdens Cuisines,Lens (62),2,"['3,6']"
Assistant data analyst en alternance,Howdens Cuisines,Lens (62),2,"['3,6']"
Assistant data analyst en alternance,Howdens Cuisines,Lens (62),2,"['3,6']"
Assistant data analyst en alternance,Howdens Cuisines,Lens (62),2,"['3,6']"
Business analyst si maintenance industrielle,Servier,Bolbec (76),2,"['3,8']"
"Ield sales representative, google cloud",Google,Paris (75),2,"['4,3']"
Assistant data analyst en alternance,Howdens Cuisines,Lens (62),2,"['3,6']"
"Ield sales representative, google cloud",Google,Paris (75),2,"['4,3']"
Assistant data analyst en alternance,Howdens Cuisines,Lens (62),2,"['3,6']"
Assistant data analyst en alternance,Howdens Cuisines,Lens (62),2,"['3,6']"
Equity market data analyst (h/f) (cdi,Not specified,75 - Paris (Dept.),2,Not specified
Assistant data analyst en alternance,Howdens Cuisines,Lens (62),2,"['3,6']"
Data analyst,Not specified,972 - Le Lamentin,2,Not specified
Assistant data analyst en alternance,Howdens Cuisines,Lens (62),2,"['3,6']"
Business analyst si maintenance industrielle,Servier,Bolbec (76),2,"['3,8']"
Assistant data analyst en alternance,Howdens Cuisines,Lens (62),2,"['3,6']"
Data analyst,Not specified,"We +
 - 13 - St Antonin Sur Bayon",2,Not specified
Stage consultant financier junior,Consuldia,Villejuif (94),2,Not specified
Assistant data analyst en alternance,Howdens Cuisines,Lens (62),2,"['3,6']"
Assistant data analyst en alternance,Howdens Cuisines,Lens (62),2,"['3,6']"
Assistant data analyst en alternance,Howdens Cuisines,Lens (62),2,"['3,6']"
Data analyst h/f (cdi,Not specified,76 - Le Havre,2,Not specified
Assistant data analyst en alternance,Howdens Cuisines,Lens (62),2,"['3,6']"
Data analyst (cdi,Not specified,31 - Toulouse,2,Not specified
Data analyst recouvrement h/f (cdi,Not specified,33 - Bordeaux,2,Not specified
Business analyst si maintenance industrielle,Servier,Bolbec (76),2,"['3,8']"
Commercial junior [stage],Nouvel'R Énergie,La Rochelle (17),2,Not specified
Prévisionniste/data analyst,Not specified,France,2,Not specified
Data analyst h/f - maroc,Not specified,France,2,Not specified
Data analyst,Maif,Niort (79),2,"['3,5']"
Data analyst f/h - etudes socio-économiques,Not specified,"Menway Talents
 - 59 - Nord",2,Not specified
Assistant data analyst en alternance,Howdens Cuisines,Lens (62),2,"['3,6']"
Assistant data analyst en alternance,Howdens Cuisines,Lens (62),2,"['3,6']"
Business analyst si maintenance industrielle,Servier,Bolbec (76),2,"['3,8']"
Assistant data analyst en alternance,Howdens Cuisines,Lens (62),2,"['3,6']"
Assistant data analyst en alternance,Howdens Cuisines,Lens (62),2,"['3,6']"
Assistant data analyst en alternance,Howdens Cuisines,Lens (62),2,"['3,6']"
Assistant data analyst en alternance,Howdens Cuisines,Lens (62),2,"['3,6']"
Assistant data analyst en alternance,Howdens Cuisines,Lens (62),2,"['3,6']"
Assistant data analyst en alternance,Howdens Cuisines,Lens (62),2,"['3,6']"
International business developer - europe (f/m,Qos Energy,Nantes (44),2,Not specified
Assistant data analyst en alternance,Howdens Cuisines,Lens (62),2,"['3,6']"
Assistant data analyst en alternance,Howdens Cuisines,Lens (62),2,"['3,6']"
Assistant data analyst en alternance,Howdens Cuisines,Lens (62),2,"['3,6']"
Data analyst,Jacadi,Paris (75),2,"['3,4']"
Assistant data analyst en alternance,Howdens Cuisines,Lens (62),2,"['3,6']"
Assistant data analyst en alternance,Howdens Cuisines,Lens (62),2,"['3,6']"
Assistant data analyst en alternance,Howdens Cuisines,Lens (62),2,"['3,6']"
Assistant data analyst en alternance,Howdens Cuisines,Lens (62),2,"['3,6']"
Data analyst en alternance,Not specified,"Orange Caraïbe
 - 971 - Guadeloupe",2,Not specified
Data project officer,Noz,Laval (53),2,"['2,8']"
Data analyst f/h - etudes socio-économiques,Not specified,"Mutuelle D'Assurance Des Institueurs De France
 - 79 - Sèvres (Deux)",2,Not specified
Data analyst,Not specified,France,3,Not specified
Business data analyst,Not specified,92 - Meudon,3,Not specified
Data analyst,Not specified,13 - Aix En Provence,3,Not specified
Data analyst / data steward,Not specified,75 - Paris (Dept.),3,Not specified
Appui à la performance (data analyst,Not specified,"Page Personnel
 - 973 - Cayenne",3,Not specified
Data analyst / data steward,Not specified,75 - Paris (Dept.),3,Not specified
Alternance analyste metier,Crédit Mutuel,Strasbourg (67),3,"['4,0']"
Offre d'emploi en cdi à nancy (59) : data analyst/data scientist,Not specified,"Acass
 - 54 - Nancy",3,Not specified
Data analyst marketing,Not specified,33 - Bordeaux,3,Not specified
Business analyst / moa data f/h - maîtrise d'ouvrage et fonctionnel,Not specified,"Sync-Digitals
 - 92 - Hauts De Seine",3,Not specified
Data analyst / data manager (h/f) (dxqp556,Not specified,67 - Bischheim,3,Not specified
Data analyst- auditeur - inspecteur,Not specified,France,3,Not specified
Marketing data analyst,Not specified,42 - Andrezieux Boutheon,3,Not specified
"Business analyst, consultant amoa",It-Development Sas,La Tour-de-Salvagny (69),4,"['5,0']"
Data scientist / data analyst,Siderlog,Nantes (44),4,Not specified
Data scientist / data analyst,Siderlog,Nantes (44),4,Not specified
Études et prospectives socio-économiques,Not specified,59 - Nord,4,Not specified
Apprentice,Iqvia,Courbevoie (92),4,"['3,8']"
Analyste concepteur de test squash jira / freelance,Freelance Vision,Niort (79),4,Not specified
Apprentice,Iqvia,Courbevoie (92),4,"['3,8']"
Data analyst,Not specified,92 - Montrouge,4,Not specified
Data analyst,Not specified,92 - Montrouge,4,Not specified
Business analyst data,Not specified,75 - Paris (Dept.),4,Not specified
Analyste quantitatif market risk modelling,Natixis,Paris (75),4,"['4,0']"
Apprenti-e business analyst hp,Hp,Grenoble (38),4,"['4,0']"
Data engineer,Shippeo,Paris 10e (75),5,Not specified
Cash management it business analyst data warehouse,Avista,Montrouge (92),5,Not specified
Data analyst security level 3,It Services Co.,Paris (75),5,Not specified
Data analyst senior,Not specified,"Citech C&Apos
 - 92 - Puteaux",5,Not specified
Analyste résultats facturation et support clients,Natixis,Charenton-le-Pont (94),5,"['3,5']"
Ingénieur système analyste de données (data scientist,Carmat,France,5,"['3,5']"
Cash management it business analyst data warehouse,Not specified,92 - Montrouge,5,Not specified
Customer care operations manager,Back Market,Bordeaux (33),5,"['4,5']"
Alternance - marketing analyst & communication - master 1/2...,Schneider Electric,France,5,"['3,9']"
Operations analyst,Lydia App,Paris (75),5,Not specified
Revenue analyst,Doctolib,Paris (75),5,"['4,0']"
Alternance - marketing analyst & communication - master 1/2...,Schneider Electric,France,5,"['3,9']"
Business analyst finance data / freelance,We +,Paris (75),5,Not specified
Its service owner chromatography data system m,Sanofi,Lyon (69),5,"['4,1']"
Consultant data viz niveau iii,Tafinar,Saint-Jean-de-Braye (45),5,Not specified
Business analyst finance data / freelance,We +,Paris (75),5,Not specified
Ingénieur système analyste de données (data scientist,Carmat,France,5,"['3,5']"
Data analyst-finances,Total,Hauts-de-Seine,5,"['4,0']"
Data engineer,Shippeo,Paris 10e (75),5,Not specified
Revenue analyst,Doctolib,Paris (75),5,"['4,0']"
Axance - digital analyst h/f - id,Devoteam,Paris (75),5,"['3,8']"
Business analyst / moa finance f/h (fim,Devoteam,Levallois-Perret (92),5,"['3,8']"
Consultant analyste comptable / freelance,Siderlog Atlantique,Niort (79),5,Not specified
Business analyst décisionnel sénior informatica/ datastage/...,Ilyeum,La Défense (92),5,Not specified
Corporate finance analyst,British American Tobacco,La Défense (92),5,"['4,4']"
Data scientist,Askills,Lyon (69),5,Not specified
Icloud drive - data analytics engineer,Apple,Paris (75),5,"['4,2']"
Business analyst,Centre Europeen De Formation,Villeneuve-d'Ascq (59),6,"['4,0']"
Business analyst,Centre Europeen De Formation,Villeneuve-d'Ascq (59),6,"['4,0']"
Data analyst,Filiassur,Le Havre (76),6,Not specified
Data analyst,Filiassur,Le Havre (76),6,Not specified
Data analyst,Filiassur,Le Havre (76),6,Not specified
Business analyst,Centre Europeen De Formation,Villeneuve-d'Ascq (59),6,"['4,0']"
Business analyst,Centre Europeen De Formation,Villeneuve-d'Ascq (59),6,"['4,0']"
Data analyst,Filiassur,Le Havre (76),6,Not specified
Business analyst,Centre Europeen De Formation,Villeneuve-d'Ascq (59),6,"['4,0']"
Data analyst,Filiassur,Le Havre (76),6,Not specified
Data analyst,Filiassur,Le Havre (76),6,Not specified
Data analyst,Filiassur,Le Havre (76),6,Not specified
Data analyst,Filiassur,Le Havre (76),6,Not specified
Data analyst,Filiassur,Le Havre (76),6,Not specified
Data analyst,Filiassur,Le Havre (76),6,Not specified
Business analyst,Centre Europeen De Formation,Villeneuve-d'Ascq (59),6,"['4,0']"
Chef de projet décisionnel - data intelligence,Micropole,Levallois-Perret (92),6,"['3,2']"
Business analyst,Centre Europeen De Formation,Villeneuve-d'Ascq (59),6,"['4,0']"
Data analyst,Filiassur,Le Havre (76),6,Not specified
Analyst / associate - valuations,Alvarez & Marsal,Paris (75),6,Not specified
Data analyst,Filiassur,Le Havre (76),6,Not specified
Data analyst,Filiassur,Le Havre (76),6,Not specified
Data analyst,Filiassur,Le Havre (76),6,Not specified
Data analyst,Filiassur,Le Havre (76),6,Not specified
Data analyst,Filiassur,Le Havre (76),6,Not specified
Data analyst,Filiassur,Le Havre (76),6,Not specified
Equity market data analyst,Natixis,Paris 13e (75),6,"['4,0']"
Chargé de marketing relationnel,Truffaut,Lisses (91),6,"['3,5']"
Chef de projet business analyst / freelance,It&M Consulting,Paris (75),6,Not specified
Data analyst,Filiassur,Le Havre (76),6,Not specified
Production analyst,Bdmjob,Rennes (35),6,Not specified
Data analyst,Filiassur,Le Havre (76),6,Not specified
Data analyst,Filiassur,Le Havre (76),6,Not specified
Business analyst,Centre Europeen De Formation,Villeneuve-d'Ascq (59),6,"['4,0']"
Business analyst,Centre Europeen De Formation,Villeneuve-d'Ascq (59),6,"['4,0']"
Data analyst,Filiassur,Le Havre (76),6,Not specified
Data analyst,Filiassur,Le Havre (76),6,Not specified
Data analyst,Filiassur,Le Havre (76),6,Not specified
Business analyst/consultant amoa,Devolis,Le Petit-Quevilly (76),6,Not specified
Data analyst,Filiassur,Le Havre (76),6,Not specified
Data analyst,Filiassur,Le Havre (76),6,Not specified
Business analyst,Centre Europeen De Formation,Villeneuve-d'Ascq (59),6,"['4,0']"
Data analyst,Filiassur,Le Havre (76),6,Not specified
Business analyst/consultant amoa,Devolis,Le Petit-Quevilly (76),6,Not specified
Data analyst,Filiassur,Le Havre (76),6,Not specified
Business analyst,Centre Europeen De Formation,Villeneuve-d'Ascq (59),6,"['4,0']"
Cdi - data analyst,Autobiz,Courbevoie (92),6,"['3,0']"
Data analyst,Filiassur,Le Havre (76),6,Not specified
Data analyst,Filiassur,Le Havre (76),6,Not specified
Data analyst,Filiassur,Le Havre (76),6,Not specified
Consultant data quality h/f / freelance,Ava2I,Versailles (78),6,Not specified
Data analyst,Filiassur,Le Havre (76),6,Not specified
Data analyst,Filiassur,Le Havre (76),6,Not specified
Data analyst,Filiassur,Le Havre (76),6,Not specified
Data analyst,Filiassur,Le Havre (76),6,Not specified
Data analyst,Filiassur,Le Havre (76),6,Not specified
Data analyst,Filiassur,Le Havre (76),6,Not specified
Chef de projet business analyst / freelance,It&M Consulting,Paris (75),6,Not specified
Business analyst,Centre Europeen De Formation,Villeneuve-d'Ascq (59),6,"['4,0']"
Business analyst,Centre Europeen De Formation,Villeneuve-d'Ascq (59),6,"['4,0']"
Data analyst - team leader,Ovh,Paris (75),6,"['3,5']"
Data analyst,Filiassur,Le Havre (76),6,Not specified
Data analyst,Filiassur,Le Havre (76),6,Not specified
Analyste développeur as400 / plex,Gmes,Le Lamentin (MQ),6,Not specified
Business analyst,Centre Europeen De Formation,Villeneuve-d'Ascq (59),6,"['4,0']"
Data analyst,Filiassur,Le Havre (76),6,Not specified
Data analyst,Filiassur,Le Havre (76),6,Not specified
2 testeurs informatique analyste fonctionnel (f/h) - cdi,Axaltec,Paris (75),6,Not specified
Data analyst,Filiassur,Le Havre (76),6,Not specified
Analyst risque de crédit h/f (fim,Devoteam,Levallois-Perret (92),6,"['3,8']"
Data analyst,Filiassur,Le Havre (76),6,Not specified
Data analyst,Filiassur,Le Havre (76),6,Not specified
Data analyst,Filiassur,Le Havre (76),6,Not specified
Business analyst,Centre Europeen De Formation,Villeneuve-d'Ascq (59),6,"['4,0']"
Data analyst,Filiassur,Le Havre (76),6,Not specified
Senior data analyst,Louisville Metro Government,Saint-Laurent-du-Var (06),6,Not specified
Data analyst,Filiassur,Le Havre (76),6,Not specified
Data analyst,Filiassur,Le Havre (76),6,Not specified
Data analyst,Filiassur,Le Havre (76),6,Not specified
Data analyst,Filiassur,Le Havre (76),6,Not specified
Analyste / développeur,Microtec Informatique,Le Mans (72),6,Not specified
Business analyst,Centre Europeen De Formation,Villeneuve-d'Ascq (59),6,"['4,0']"
Equity market data analyst,Natixis,Paris (75),6,"['3,5']"
Data analyst,Filiassur,Le Havre (76),6,Not specified
Data analyst,Filiassur,Le Havre (76),6,Not specified
Data analyst,Filiassur,Le Havre (76),6,Not specified
Digital data analyst,Not specified,75 - Paris (Dept.),6,Not specified
Business analyst,Centre Europeen De Formation,Villeneuve-d'Ascq (59),6,"['4,0']"
Data analyst - groupe raja,Not specified,"Groupe Raja
 - 95 - Roissy En France",6,Not specified
Data analyst,Filiassur,Le Havre (76),6,Not specified
Data analyst,Filiassur,Le Havre (76),6,Not specified
Data analyst / data steward f/h - etudes socio-économiques,Not specified,"Ratp
 - 75 - Paris (Dept.)",6,Not specified
Data analyst sénior,Not specified,92 - Puteaux,6,Not specified
Data analyst confirmé - cdi,Not specified,75 - Paris (Dept.),6,Not specified
Business analyst,Centre Europeen De Formation,Villeneuve-d'Ascq (59),6,"['4,0']"
Chef de projet data analyst,Not specified,33 - Bordeaux,6,Not specified
Data analyst,Filiassur,Le Havre (76),6,Not specified
Data analyst,Filiassur,Le Havre (76),6,Not specified
Inance data analyst / moa,Not specified,75 - Paris (Dept.),6,Not specified
Data analyst,Filiassur,Le Havre (76),6,Not specified
Data analyst,Filiassur,Le Havre (76),6,Not specified
Data analyst,Filiassur,Le Havre (76),6,Not specified
Data analyst- auditeur   inspecteur,Not specified,75 - Paris (Dept.),6,Not specified
Data analyst,Filiassur,Le Havre (76),6,Not specified
"Data analyst f/h - chargé d'affaires, technico-commercial",Not specified,"Saj Advice
 - 75 - Paris (Dept.)",7,Not specified
Data analyst f/h - informatique de gestion,Not specified,"Wesense
 - 92 - Hauts De Seine",7,Not specified
Chargé(e) d'études pilotage de la performance commerciale h/...,Groupama Rhône Alpes Auvergne,Lyon (69),7,"['3,6']"
Data analyst f/h - marketing,Not specified,"Smacl Assurances
 - 79 - Sèvres (Deux)",7,Not specified
Data observability engineer,Criteo,Paris (75),7,"['4,0']"
Analyste gestion de bilan-,Société Générale,La Plaine-Saint-Denis (93),7,"['3,9']"
Apprenti.e junior strategic & business intelligence analyst...,Thales Group,Vélizy-Villacoublay (78),7,"['4,0']"
Apprenti traducteur et rédacteur technique,Talend,Suresnes (92),7,"['4,0']"
Data analyst - alternance-,Ald Automotive,Rueil-Malmaison (92),7,"['3,9']"
Business analyst,Not specified,75 - Paris 01,7,Not specified
Business analyste/consultant bi,Psapeugeotcitroen,Poissy (78),7,"['4,0']"
Data observability engineer,Criteo,Paris (75),7,"['4,0']"
Data analyst,Saj Advice,Paris 1er (75),7,Not specified
Business analyste/consultant bi,Psapeugeotcitroen,Poissy (78),7,"['4,0']"
Analyste gestion de bilan-,Société Générale,La Plaine-Saint-Denis (93),7,"['3,9']"
Vc analyst intern - paris,Sainoo,Paris (75),7,Not specified
Alternance - assistant ingénieur it big data,La Banque Postale,Paris (75),7,"['3,8']"
Operations analyst (stage,Heetch,Paris (75),7,"['4,2']"
Data manager / analyst - docteur pierre ricaud,Groupe Yves Rocher,Issy-les-Moulineaux (92),8,"['4,1']"
Analyste de laboratoire,Mylan Laboratories Sas,Châtillon-sur-Chalaronne (01),8,"['3,7']"
"Business analyst, headquarters",Pernod Ricard Austria,Paris (75),8,"['4,2']"
Data analyst sénior,Citech,Puteaux (92),8,Not specified
Inancial analyst we,Intuitive,Bordeaux (33),8,Not specified
Credit risk analyst,Westcon-Comstor,Asnières-sur-Seine (92),8,"['4,0']"
"Business analyst, headquarters",Pernod Ricard Austria,Paris (75),8,"['4,2']"
Data analyst,Infoplus Technologies,Paris (75),8,Not specified
Assistant(e) chef de produits junior - stage de 6 mois à par...,Babymoov,France,8,"['4,3']"
Derivatives analyst crdb,Axaim Global Coo,Puteaux (92),8,Not specified
Data scientist / actuaire -,April,Lyon (69),8,"['3,4']"
Alternance - global data hub - offer marketing data analyst,Schneider Electric,Carros (06),8,"['3,9']"
Alternant acheteur projets et opérations,Groupe Yves Rocher,La Gacilly (56),8,"['4,1']"
Data analyst - ketchapp f/h - etudes socio-économiques,Not specified,"Ubisoft
 - 93 - Seine Saint Denis",8,Not specified
Contrôleur de gestion / business analyst,Pernod Ricard Austria,Marseille (13),8,"['4,2']"
Data analyst,Harvest,Paris 8e (75),8,Not specified
Data analyst f/h - etudes socio-économiques,Not specified,"Filiassur
 - 76 - Seine Maritime",8,Not specified
Alternant (e) data analyst junior ou chef de projet junior d...,Enie Gbs,Saint-Ouen (93),8,Not specified
Data analyst bi en alternance,Crédit Agricole Brie Picardie,Meaux (77),8,"['3,9']"
Data analyst bi f/h - informatique de gestion,Not specified,"Capfi Vita Data
 - 75 - Paris (Dept.)",8,Not specified
Data analyst,Not specified,94 - Maisons Alfort,8,Not specified
Consultant informatique bi/data - pré-embauche,Logteam,Paris (75),8,Not specified
Derivatives analyst crdb,Axaim Global Coo,Puteaux (92),8,Not specified
Data analyst f/h - etudes socio-économiques,Not specified,"Harvest
 - 75 - Paris (Dept.)",8,Not specified
Data manager / analyst - docteur pierre ricaud,Groupe Yves Rocher,Issy-les-Moulineaux (92),8,"['4,1']"
Chef de projet data analyst,Not specified,"Cdiscount
 - 33 - Bordeaux",8,Not specified
"Business analyst, headquarters",Pernod Ricard Austria,Paris (75),8,"['4,2']"
Data analyste informatique senior,Not specified,"Citech
 - 92 - Puteaux",8,Not specified
Consultant en dématérialisation et archivage electronique f/...,Xdemat,Toulouse (31),8,Not specified
Data analyst,Infoplus Technologies,Paris (75),8,Not specified
Data analyst (concepteur denodo,Not specified,"Celad
 - 13 - Aix En Provence",8,Not specified
Data quality analyst senior,Not specified,33 - Bordeaux,8,Not specified
Analyste business intelligence -,Avril,Bruz (35),9,"['3,4']"
People strategy analyst,Doctolib,France,9,"['4,0']"
Senior market data analyst,Axaim Global Coo,Puteaux (92),9,Not specified
Alternance hr data analyst h/f (arh-4462,Bolloré Group,Puteaux (92),9,"['3,4']"
Analyste controleur de gestion (f/h) - alternant,Owens Corning,Chambéry (73),9,Not specified
Senior market data analyst,Axaim Global Coo,Puteaux (92),9,Not specified
Data manager snds,Heva,Lyon 6e (69),9,Not specified
Analyste controleur de gestion (f/h) - alternant,Owens Corning,Chambéry (73),9,Not specified
Digital business analyst for global ecommerce delegation sup...,Allianz Partners,Paris (75),9,"['3,9']"
Inancial management analyst,U.S. Embassy & Consulates In France,Paris (75),9,Not specified
Cdi - analyste crédit titrisations,La Banque Postale,Paris (75),9,"['3,8']"
Data analyst,Not specified,75 - Paris 01,9,Not specified
Business analyst data - anglais bon,Not specified,92 - Montrouge,9,Not specified
Alternance hr data analyst h/f (arh-4462,Bolloré Group,Puteaux (92),9,"['3,4']"
Senior ou manager data analyst - paris - f/h - informatique industrielle,Not specified,"Mazars Sa
 - 92 - Hauts De Seine",9,Not specified
Saint laurent business analyst junior h/f - cdd,Groupe Kering,Paris (75),9,"['3,6']"
Business analyst europe,Psapeugeotcitroen,Poissy (78),9,"['4,0']"
Marketing data analyst f/h - marketing,Not specified,"Adito Developpement
 - 42 - Loire",10,Not specified
Data analyst ftt,Not specified,92 - Meudon,10,Not specified
Data analyst- auditeur - inspecteur,Not specified,75 - Paris (Dept.),10,Not specified
Data quality analyst senior,Not specified,33 - Bordeaux,10,Not specified
Analyste technique,Fraikin,Colombes (92),10,"['3,4']"
Offre d'emploi en cdi à  nancy (59) : data analyst/data scientist,Not specified,"Acass
 - 54 - Nancy",10,Not specified
Consultant confirmé ssis power bi,Not specified,Ile-De-France,10,Not specified
Études et prospectives socio-économiques,Not specified,92 - Meudon,10,Not specified
Analyste data performance,Not specified,92 - Meudon,10,Not specified
Data analyst r,Not specified,94 - Maisons Alfort,10,Not specified
Data analyst,Not specified,94 - Maisons Alfort,10,Not specified
Responsable data analyst,Not specified,92 - Meudon,10,Not specified
Lead data analyst,Not specified,33 - Bordeaux,10,Not specified
Data analyst expert,Not specified,62 - Pas De Calais,10,Not specified
Data analyst h/f en alternance,Pro À Pro,Montauban (82),10,"['2,7']"
Data analyst débutant h/f - alternance,Not specified,92 - Hauts De Seine,11,Not specified
Business analyst production de reports,Auchan Retail France,Villeneuve-d'Ascq (59),12,"['3,7']"
"Teacher task force, 2020 research consultant",Unesco,Paris (75),12,"['4,4']"
Senior data manager m,Nestle,Marne-la-Vallée (77),12,"['4,2']"
Internship - data analyst- hr insights (m,Dailymotion,Paris (75),12,"['3,9']"
Data analyst - ketchapp,Ubisoft,Montreuil (93),12,"['3,9']"
Sales effectiveness analyst - apprenticeship,Criteo,Paris 9e (75),12,"['4,0']"
Senior business analyst,Carrefour,Massy (91),12,"['3,9']"
Apprenti finance data analyst,Chubb France,Cergy-Pontoise (95),12,Not specified
Analyste conformité,Lydia App,Paris (75),12,Not specified
Analyste big data,Devenez,Nanterre (92),12,Not specified
Analyste big data,Devenez,Nanterre (92),12,Not specified
Apprenti finance data analyst,Chubb France,Cergy-Pontoise (95),12,Not specified
Data analyst - ketchapp,Ubisoft,Montreuil (93),12,"['3,9']"
Business analyst,Not specified,49 - Angers,13,Not specified
Data analyst,Anaya,Nantes (44),13,"['4,3']"
Data analyst senior,Mda,Lozanne (69),13,Not specified
Data analyst senior,Mda,Lozanne (69),13,Not specified
Data analyst senior,Mda,Lozanne (69),13,Not specified
Data analyst senior,Mda,Lozanne (69),13,Not specified
Data analyst,Adroma Conseil,Nanterre (92),13,Not specified
Data analyst senior,Mda,Lozanne (69),13,Not specified
International treasury analyst,Alstom,Saint-Ouen (93),13,"['4,0']"
Data analyst senior,Mda,Lozanne (69),13,Not specified
Data analyst senior,Mda,Lozanne (69),13,Not specified
Data analyst senior,Mda,Lozanne (69),13,Not specified
Data analyst senior,Mda,Lozanne (69),13,Not specified
Data analyst senior,Mda,Lozanne (69),13,Not specified
Pricing & promotions analyst,Pladis,Hayes (57),13,"['3,4']"
Data analyst senior,Mda,Lozanne (69),13,Not specified
Chargé de projet data & business intelligence,Groupe Roullier,Saint-Malo (35),13,"['2,9']"
Data analyst senior,Mda,Lozanne (69),13,Not specified
Stage - consultant en stratégie data,Quantmetry,Paris 8e (75),13,Not specified
Data analyst senior,Mda,Lozanne (69),13,Not specified
Data analyst senior,Mda,Lozanne (69),13,Not specified
Alternance analyste statisticien,Sogetrel,Pérols (34),13,"['2,7']"
Data analyst senior,Mda,Lozanne (69),13,Not specified
Consultant en recrutement it data cloud h ou,Clementz Partners,Bordeaux (33),13,Not specified
Business analyst - marketing intern,Doctolib,France,13,"['4,0']"
Analyste décisionnel - business intelligence,Not specified,33 - Bordeaux,13,Not specified
Data analyst senior,Mda,Lozanne (69),13,Not specified
Data analyst senior,Mda,Lozanne (69),13,Not specified
Data analyst senior,Mda,Lozanne (69),13,Not specified
Data analyst senior,Mda,Lozanne (69),13,Not specified
Data analyst senior,Mda,Lozanne (69),13,Not specified
Data analyst senior,Mda,Lozanne (69),13,Not specified
Analyste fonctionnel,Activus Group,Bordeaux (33),13,"['3,0']"
Data analyst,Anaya,Nantes (44),13,Not specified
Data analyst senior,Mda,Lozanne (69),13,Not specified
Data analyst senior,Mda,Lozanne (69),13,Not specified
Pricing & promotions analyst,Pladis,Hayes (57),13,"['3,4']"
Policy analyst,Ocde,Paris (75),13,"['4,1']"
Data analyst senior,Mda,Lozanne (69),13,Not specified
Data analyst senior,Mda,Lozanne (69),13,Not specified
Data analyst senior,Mda,Lozanne (69),13,Not specified
Data analyst senior,Mda,Lozanne (69),13,Not specified
Data analyst senior,Mda,Lozanne (69),13,Not specified
Data analyst senior,Mda,Lozanne (69),13,Not specified
Data analyst senior,Mda,Lozanne (69),13,Not specified
Chargé d'etudes commerciales - data analyst-,Société Générale,La Défense (92),13,"['3,9']"
Data analyst senior,Mda,Lozanne (69),13,Not specified
Data analyst senior,Mda,Lozanne (69),13,Not specified
Data analyst senior,Mda,Lozanne (69),13,Not specified
Policy analyst,Ocde,Paris (75),13,"['4,1']"
Analyste fonctionnel,Activus Group,Bordeaux (33),13,"['3,0']"
Business analyst finance,Somfy Group,Cluses (74),13,Not specified
Data analyst senior,Mda,Lozanne (69),13,Not specified
Business analyst - marketing intern,Doctolib,France,13,"['4,0']"
Data analyst senior,Mda,Lozanne (69),13,Not specified
Chargé d'etudes commerciales - data analyst-,Société Générale,La Défense (92),13,"['3,9']"
Data analyst senior,Mda,Lozanne (69),13,Not specified
Data analyst senior,Mda,Lozanne (69),13,Not specified
Développeur vba finance de marché - anglais bon / freelance,Innov And Co Diversité,Montrouge (92),13,Not specified
Data analyst senior,Mda,Lozanne (69),13,Not specified
Data analyst senior,Mda,Lozanne (69),13,Not specified
Pricing & promotions analyst,Pladis,Hayes (57),13,"['3,4']"
Alternance - analyste corporate finance et m&a,Cegid,Lyon (69),14,"['3,1']"
Stage data analyst,Ratp Dev,Paris (75),14,"['3,1']"
Data analyst,Stimulab,Paris (75),14,Not specified
Alternance marketing data analyst -,La Française,Paris 6e (75),14,"['4,0']"
Cogs analyst junior,Pepsico,Colombes (92),14,"['3,8']"
Analyste marketing,Cpam Du Gard,Nîmes (30),14,"['3,6']"
Data engineer,Not specified,92 - Hauts De Seine,14,Not specified
Business analyst salesforce paris,Spikeelabs,Paris 15e (75),14,Not specified
Data analyst junior h/f - alternance,Teksial,Colombes (92),14,"['2,3']"
Data analyst / freelance,Groupe Hn,Lille (59),14,"['4,3']"
Data analyst,Not specified,"Avelis Telecom - Gpdis - Bardou
 - 69 - Lozanne",14,Not specified
Data analyst bi f/h - direction informatique,Not specified,"Fmg Sales And Marketing
 - 92 - Hauts De Seine",14,Not specified
Data analyst (h/f) / freelance,Freelancr,Lille (59),14,Not specified
"Data analyst f/h - système, réseaux, données",Not specified,"Anaya
 - 44 - Loire Atlantique",14,Not specified
Data analyst,Not specified,84 - Avignon,14,Not specified
Data analyst / freelance,Groupe Hn,Lille (59),14,"['4,3']"
Data analyst (h/f) / freelance,Freelancr,Lille (59),14,Not specified
Analyste des ventes,Jd Sports,Paris (75),15,"['3,2']"
Digital analyst - cro specialist,Francaise Des Jeux,Boulogne-Billancourt (92),15,"['4,1']"
Data analyst- auditeur – inspecteur,Caisse D’Epargne Ile De France,Paris (75),15,"['3,5']"
Alternance data analyste / datascience,Not specified,92 - Nanterre,15,Not specified
Data analyst- auditeur – inspecteur,Caisse D’Epargne Ile De France,Paris (75),15,"['3,5']"
Data analyst,Not specified,59 - Lille,15,Not specified
Data analyst- auditeur – inspecteur,Caisse D’Epargne Ile De France,Paris (75),15,"['3,5']"
Stage - business intelligence analyst,Scor,Paris (75),15,"['3,4']"
"Data analyst rh f/h - système, réseaux, données",Not specified,"Confidentiel
 - 44 - Loire Atlantique",15,Not specified
Data analyst- auditeur - inspecteur,Not specified,"Caisse D'Epargne Île De France
 - 75 - Paris 01",15,Not specified
Data scientist/analyst,Kertios,Suresnes (92),15,Not specified
Senior data analyst (m/f/d,Allianz Global Investors,Paris (75),15,"['3,9']"
Analyste de portefeuilles d'actifs financiers,Caisse Des Depots Et Consignations,Paris 7e (75),15,"['4,4']"
Data analyst- auditeur – inspecteur,Caisse D’Epargne Ile De France,Paris (75),15,"['3,5']"
Data analyst intern,Bd,Le Pont-de-Claix (38),15,"['3,8']"
Senior data analyst (m/f/d,Allianz Global Investors,Paris (75),15,"['3,9']"
Senior data analyst (m/f/d,Allianz Global Investors,Paris (75),15,"['3,9']"
Assistant(e) data & outils de vente (apprentissage,Evergreen Garden Care France Sas,Limonest (69),15,Not specified
Stage - business intelligence analyst,Scor,Paris (75),15,"['3,4']"
Data analyst- auditeur – inspecteur,Caisse D’Epargne Ile De France,Paris (75),15,"['3,5']"
Data analyst,Not specified,35 - Rennes,15,Not specified
Data analyst,Fmg Sales & Marketing,Asnières-sur-Seine (92),15,Not specified
Consultant senior business analyst / data analyst senior f/h - etudes socio-économiques,Not specified,"Orange
 - 94 - Val De Marne",16,Not specified
Data analyst confirmé - cdi,Uptime,Paris 17e (75),16,Not specified
Investment data analyst,Gie Axa,Paris (75),16,"['3,9']"
Data analyst finance,Not specified,"Mpg France
 - 51 - Reims",16,Not specified
Analyste de données,Lucernys,Paris 2e (75),16,Not specified
Data analyst dbnomics -,La Banque De France,Paris (75),16,"['4,1']"
Data analyst crm - siège feu vert - ecully (69,Not specified,69 - Ecully,16,Not specified
Strategy growth analyst intern,Payfit,Paris (75),16,Not specified
Business analyst,Gfi,Niort (79),16,"['3,1']"
Data analyst confirmé - cdi,Uptime,Paris 17e (75),16,Not specified
Strategy growth analyst intern,Payfit,Paris (75),16,Not specified
Data analyst,Not specified,"Trackinsight
 - 06 - Biot",16,Not specified
Business analyst,Gfi,Niort (79),16,"['3,1']"
Analyste de données,Lucernys,Paris 2e (75),16,Not specified
Investment data analyst junior,Gie Axa,Paris (75),16,"['3,9']"
Concepteur / data analyst (h/f) aix-en-provence,Not specified,13 - Allauch,17,Not specified
Sales data analyst f/h - commercial,Not specified,"Somfy Activites Sa
 - 74 - Savoie (Haute)",17,Not specified
Data analyst authentifications,Not specified,33 - Bordeaux,17,Not specified
"Analyste/ développeur cobol, blockchain, data-scientist / .....",Podaycast,Bordeaux (33),18,Not specified
"Analyste/ développeur cobol, blockchain, data-scientist / .....",Podaycast,Bordeaux (33),18,Not specified
Études et prospectives socio-économiques,Not specified,"Michael Page
 - France",18,Not specified
"Analyste/ développeur cobol, blockchain, data-scientist / .....",Podaycast,Bordeaux (33),18,Not specified
"Data analyst senior h/f, paris",John Paul,Paris (75),19,"['3,3']"
Analyste de données - consultant(e) data quality,Links Consulting,Levallois-Perret (92),19,"['4,0']"
Assistant.e data analyst,Emlyon,Lyon (69),19,"['5,0']"
Stage - business analyst assistant,Henkel,Boulogne-Billancourt (92),19,"['3,9']"
Economist/policy analyst,Ocde,Paris (75),19,"['4,1']"
Data analyst h/f - recyclage,Page Personnel Fr,Gironde,19,"['2,6']"
Stage - assistant analyste risque / middle office commoditie...,Veolia,Aubervilliers (93),19,"['3,6']"
Appui à la performance (data analyst,Not specified,"Pageoutsourcing
 - 973 - Cayenne",19,Not specified
Data analyst,Not specified,Nouvelle-Aquitaine,19,Not specified
Business analyst,Igc Construction,Beychac-et-Caillau (33),19,"['5,0']"
Assistant.e data analyst,Emlyon,Lyon (69),19,"['5,0']"
Data analyst h/f - recyclage,Page Personnel Fr,Gironde,19,"['2,6']"
Economist/policy analyst,Ocde,Paris (75),19,"['4,1']"
Senior data analyst - r&d and innovation,Persé Beauty,Paris (75),19,Not specified
Data analyst - contrôle de gestion,Walters People,Paris 9e (75),19,"['3,1']"
Stage - assistant analyste risque / middle office commoditie...,Veolia,Aubervilliers (93),19,"['3,6']"
Data analyst,Shipup,Paris (75),19,Not specified
Alternance - analyste asset management tertiaire,Groupama Immobilier,Hauts-de-Seine,20,"['3,6']"
Business analyst,Tech Data Corporation,Colombes (92),20,"['3,6']"
Analyste de donnees,Civils De La Défense,Versailles (78),20,Not specified
Production analyst,Claranet,Cesson-Sévigné (35),20,"['3,4']"
Data analyst,Not specified,67 - Bischheim,20,Not specified
Data développeur,Challenge2Media,France,20,Not specified
Data analyst,Not specified,74 - Annecy,20,Not specified
Alternance - analyste asset management tertiaire,Groupama Immobilier,Hauts-de-Seine,20,"['3,6']"
Production analyst,Claranet,Cesson-Sévigné (35),20,"['3,4']"
"Data scientist f/h - système, réseaux, données",Not specified,"Acass, Agence De Recrutement
 - 54 - Meurthe Et Moselle",20,Not specified
Data analyst,Not specified,33 - Bordeaux,20,Not specified
Data analyst,Not specified,33 - Bordeaux,20,Not specified
Data scientist,"Acass, Agence De Recrutement",Nancy (54),20,Not specified
Data analyst,Not specified,59 - Lille,20,Not specified
Consultant bi & data visualization,Business At Work,Paris (75),20,Not specified
Chargé data et web analyste,Axa Banque France,Fontenay-sous-Bois (94),20,"['3,9']"
Business analyst,Tech Data Corporation,Colombes (92),20,"['3,6']"
Data analyst,Mca Groupe,Lille (59),20,Not specified
Chargé d'etudes marketing,Truffaut,Lisses (91),20,"['3,5']"
Data scientist,"Acass, Agence De Recrutement",Nancy (54),20,Not specified
Data management / data analyst,Soyhuce,Paris 3e (75),20,Not specified
"Data analyst f/h - système, réseaux, données",Not specified,"Challenge2Media
 - 75 - Paris (Dept.)",20,Not specified
"Data management / data analyst f/h - système, réseaux, données",Not specified,"Soyhuce
 - 75 - Paris (Dept.)",20,Not specified
Data management / data analyst,Soyhuce,Paris 3e (75),20,Not specified
Data analyst,Bpce Sa,Paris (75),20,"['3,5']"
Analyste développeur sur les technologies décisionnelles (h/...,Euro Information,Nantes (44),21,"['3,9']"
Compliance analyst – bancassurance h/f - cdd 6 months - ing/...,Ap Global Support Functions,Paris (75),21,Not specified
Alternant(e) analyste risque de marché,Ing,France,21,"['4,0']"
Alternance - 1 à 2 ans - analyste risques de marchés h/f - p...,Bpce Sa,Paris (75),21,"['3,5']"
Études et prospectives socio-économiques,Not specified,92 - Meudon,21,Not specified
Analyste développeur sur les technologies décisionnelles (h/...,Euro Information,Nantes (44),21,"['3,9']"
Alternate position web developer / data analyst,Urban Circus,Saint-Denis (93),21,Not specified
Analyste développeur sur les technologies décisionnelles (h/...,Euro Information,Nantes (44),21,"['3,9']"
Senior business analyst,Back Market,Bordeaux (33),21,"['4,5']"
Ormateur / data analyst - bordeaux,Wild Code School,Bordeaux (33),21,"['4,3']"
Data analyst crm - siège feu vert - ecully (69,Feu Vert,Écully (69),21,"['3,3']"
Assistant(e) web business analyst - yves rocher -,Groupe Yves Rocher,Rennes (35),21,"['4,1']"
Data analyst - bi senior,Bca Expertise,Asnières-sur-Seine (92),22,"['3,1']"
Data analyst - bi senior,Bca Expertise,Asnières-sur-Seine (92),22,"['3,1']"
Data analyst - bi senior,Bca Expertise,Asnières-sur-Seine (92),22,"['3,1']"
Data analyst - bi senior,Bca Expertise,Asnières-sur-Seine (92),22,"['3,1']"
Data analyst - bi senior,Bca Expertise,Asnières-sur-Seine (92),22,"['3,1']"
Data analyst - bi senior,Bca Expertise,Asnières-sur-Seine (92),22,"['3,1']"
Data analyst - bi senior,Bca Expertise,Asnières-sur-Seine (92),22,"['3,1']"
Data analyst - bi senior,Bca Expertise,Asnières-sur-Seine (92),22,"['3,1']"
Data analyst - bi senior,Bca Expertise,Asnières-sur-Seine (92),22,"['3,1']"
Data analyst - bi senior,Bca Expertise,Asnières-sur-Seine (92),22,"['3,1']"
Data analyst - bi senior,Bca Expertise,Asnières-sur-Seine (92),22,"['3,1']"
Data analyst - bi senior,Bca Expertise,Asnières-sur-Seine (92),22,"['3,1']"
Data analyst - bi senior,Bca Expertise,Asnières-sur-Seine (92),22,"['3,1']"
Data analyst - bi senior,Bca Expertise,Asnières-sur-Seine (92),22,"['3,1']"
Data analyst / data scientist,Siderlog,Niort (79),22,Not specified
Data analyst - bi senior,Bca Expertise,Asnières-sur-Seine (92),22,"['3,1']"
Data analyst - bi senior,Bca Expertise,Asnières-sur-Seine (92),22,"['3,1']"
Data analyst - bi senior,Bca Expertise,Asnières-sur-Seine (92),22,"['3,1']"
Data analyst - bi senior,Bca Expertise,Asnières-sur-Seine (92),22,"['3,1']"
Data analyst - bi senior,Bca Expertise,Asnières-sur-Seine (92),22,"['3,1']"
Data analyst - bi senior,Bca Expertise,Asnières-sur-Seine (92),22,"['3,1']"
"Data analyst / data scientist f/h - système, réseaux, données",Not specified,"Siderlog
 - 79 - Sèvres (Deux)",22,Not specified
"Data analyst - business intelligence f/h - administration, gestion, organisation",Not specified,"Bca Expertise Sas
 - 92 - Hauts De Seine",22,Not specified
Data analyst - bi senior,Bca Expertise,Asnières-sur-Seine (92),22,"['3,1']"
Data analyst - bi senior,Bca Expertise,Asnières-sur-Seine (92),22,"['3,1']"
Data analyst - bi senior,Bca Expertise,Asnières-sur-Seine (92),22,"['3,1']"
Data analyst - bi senior,Bca Expertise,Asnières-sur-Seine (92),22,"['3,1']"
Data analyst - bi senior,Bca Expertise,Asnières-sur-Seine (92),22,"['3,1']"
Data analyst - bi senior,Bca Expertise,Asnières-sur-Seine (92),22,"['3,1']"
Data analyst - bi senior,Bca Expertise,Asnières-sur-Seine (92),22,"['3,1']"
Data analyst - bi senior,Bca Expertise,Asnières-sur-Seine (92),22,"['3,1']"
Data analyst sas power bi confirme / freelance,Infotel Conseil,Paris (75),22,"['3,4']"
Data analyst - bi senior,Bca Expertise,Asnières-sur-Seine (92),22,"['3,1']"
Data analyst - bi senior,Bca Expertise,Asnières-sur-Seine (92),22,"['3,1']"
Data analyst - bi senior,Bca Expertise,Asnières-sur-Seine (92),22,"['3,1']"
Data analyst - bi senior,Bca Expertise,Asnières-sur-Seine (92),22,"['3,1']"
Data analyst - bi senior,Bca Expertise,Asnières-sur-Seine (92),22,"['3,1']"
Data analyst - bi senior,Bca Expertise,Asnières-sur-Seine (92),22,"['3,1']"
Data analyst - bi senior,Bca Expertise,Asnières-sur-Seine (92),22,"['3,1']"
Data analyst - bi senior,Bca Expertise,Asnières-sur-Seine (92),22,"['3,1']"
Data analyst - bi senior,Bca Expertise,Asnières-sur-Seine (92),22,"['3,1']"
Data analyst - bi senior,Bca Expertise,Asnières-sur-Seine (92),22,"['3,1']"
Data analyst - bi senior,Bca Expertise,Asnières-sur-Seine (92),22,"['3,1']"
Data analyst - bi senior,Bca Expertise,Asnières-sur-Seine (92),22,"['3,1']"
Data analyst - bi senior,Bca Expertise,Asnières-sur-Seine (92),22,"['3,1']"
Data analyst - bi senior,Bca Expertise,Asnières-sur-Seine (92),22,"['3,1']"
Data analyst - bi senior,Bca Expertise,Asnières-sur-Seine (92),22,"['3,1']"
Data analyst - bi senior,Bca Expertise,Asnières-sur-Seine (92),22,"['3,1']"
Data analyst - bi senior,Bca Expertise,Asnières-sur-Seine (92),22,"['3,1']"
Data analyst - bi senior,Bca Expertise,Asnières-sur-Seine (92),22,"['3,1']"
Data analyst - bi senior,Bca Expertise,Asnières-sur-Seine (92),22,"['3,1']"
Data analyst - bi senior,Bca Expertise,Asnières-sur-Seine (92),22,"['3,1']"
Data analyst - bi senior,Bca Expertise,Asnières-sur-Seine (92),22,"['3,1']"
Data analyst - bi senior,Bca Expertise,Asnières-sur-Seine (92),22,"['3,1']"
Data analyst - bi senior,Bca Expertise,Asnières-sur-Seine (92),22,"['3,1']"
Charge de pilotage commercial f/h - direction commerciale et marketing,Not specified,"Ltd
 - 75 - Paris (Dept.)",22,Not specified
Data analyst - bi senior,Bca Expertise,Asnières-sur-Seine (92),22,"['3,1']"
Data analyst - bi senior,Bca Expertise,Asnières-sur-Seine (92),22,"['3,1']"
Data analyst - bi senior,Bca Expertise,Asnières-sur-Seine (92),22,"['3,1']"
Études et prospectives socio-économiques,Not specified,92 - Meudon,22,Not specified
Data analyst - bi senior,Bca Expertise,Asnières-sur-Seine (92),22,"['3,1']"
Data analyst - bi senior,Bca Expertise,Asnières-sur-Seine (92),22,"['3,1']"
Data analyst - bi senior,Bca Expertise,Asnières-sur-Seine (92),22,"['3,1']"
Alternance data analyst,Crédit Mutuel,Lyon (69),22,"['4,0']"
Data analyst - bi senior,Bca Expertise,Asnières-sur-Seine (92),22,"['3,1']"
Data analyst - bi senior,Bca Expertise,Asnières-sur-Seine (92),22,"['3,1']"
Alternance data analyst,Crédit Mutuel,Lyon (69),22,"['4,0']"
Data analyst - bi senior,Bca Expertise,Asnières-sur-Seine (92),22,"['3,1']"
Data analyst - bi senior,Bca Expertise,Asnières-sur-Seine (92),22,"['3,1']"
Data analyst - business intelligence senior,Bca Expertise,Asnières-sur-Seine (92),22,"['3,1']"
Data analyst - bi senior,Bca Expertise,Asnières-sur-Seine (92),22,"['3,1']"
Data analyst - bi senior,Bca Expertise,Asnières-sur-Seine (92),22,"['3,1']"
Stagiaire web analyst junior -,Sarenza,Clichy (92),22,"['4,2']"
Analyste data et crm,Bouygues Telecom,Meudon (92),23,"['3,8']"
Analyste financier,Sanef,Issy-les-Moulineaux (92),23,"['4,0']"
Data analyst,Eex,Paris 2e (75),23,Not specified
Analyste data et crm,Bouygues Telecom,Meudon (92),23,"['3,8']"
Appr - bac+5- data engineer & analyst satisfaction client f/...,Renault,Le Plessis-Robinson (92),23,"['4,0']"
R compliance analyst emea,Intuitive,Bordeaux (33),23,Not specified
Data analyst (h/f) - alternance - boulogne (france,Cegedim,Boulogne-Billancourt (92),23,"['2,8']"
Data analyst,Not specified,"Ltd International
 - 75 - Paris 08",23,Not specified
Data analyst (h/f) - alternance - boulogne (france,Cegedim,Boulogne-Billancourt (92),23,"['2,8']"
Alternance - analyste data junior,Total,Nanterre (92),23,"['4,0']"
Data analyst,Not specified,"Sogia Systeme
 - 33 - Bordeaux",23,Not specified
Data business analyst,Not specified,"Pierre Et Vacances-Center Parcs
 - 75 - Paris (Dept.)",25,Not specified
Data analyst intern,Upfluence,Lyon (69),26,Not specified
Digital / web analyst (h/f) - cdi,Le Bon Marché,Paris (75),26,"['4,4']"
Regulatory operations analyst (f/m/d,Allianz Global Investors,Paris 2e (75),26,"['3,9']"
Business analyst / freelance,Linster Consulting,Blois (41),26,Not specified
Data analyst,We +,Saint-Antonin-sur-Bayon (13),26,Not specified
Lead data analyst,Betclic Group,Bordeaux (33),26,"['4,7']"
Mentor data science,Mentors Fr,Télétravail,26,Not specified
Business & data analyst,Izi Solutions,Paris (75),26,Not specified
Business data analyst - power bi,Cfao,Sèvres (92),26,"['4,0']"
Stage business analyst,Bouygues Telecom,Mérignac (33),26,"['3,8']"
Data analyst,We +,Saint-Antonin-sur-Bayon (13),26,Not specified
Data manager / data analyst,Soyhuce,Paris (75),26,Not specified
Stage business analyst – bi & business analytics,Ibanfirst,Paris (75),27,Not specified
Data analyst,Euronews,Lyon 2e (69),27,"['3,8']"
Stage 2 mois - analyste base de données,Astrazeneca,La Défense (92),27,"['4,1']"
Senior data analyst et auditeur it,Sefico Nexia,Paris (75),27,Not specified
Senior data analyst et auditeur it,Sefico Nexia,Paris (75),27,Not specified
Alternance - data analyst - master 1 ou 2 (ou equivalent) -...,Schneider Electric,Eybens (38),27,"['3,9']"
Pricing analyst international,L'Olivier Assurance,Paris 20e (75),27,"['4,0']"
Apprenticeship - 1 year - portfolio analyst (m/f) - paris,Natixis,Paris (75),27,"['3,5']"
"Data analyst f/h - système, réseaux, données",Not specified,"Euronews
 - 69 - Rhône",27,Not specified
Senior data analyst et auditeur it h-,Not specified,75 - Paris (Dept.),27,Not specified
Appr - bac+5 - business analyst interface erp-wms,Renault,Éragny (95),27,"['4,0']"
Data analyst,Euronews,Lyon 2e (69),27,"['3,8']"
Charge de mission clientele (data analyst) h/f (2020-6053,Not specified,"Edf France
 - 973 - Cayenne",28,Not specified
"Data analyst f/h - test, essai, validation, expertise",Not specified,"Webhelp France
 - 71 - Saône Et Loire",28,Not specified
Web-digital analyst,Web Transition,Paris (75),28,"['3,7']"
Senior data analyst f/h - projets scientifiques et techniques,Not specified,"Harnham
 - 75 - Paris (Dept.)",28,Not specified
Developpeur data analyst f/h - informatique de gestion,Not specified,"Omniciel
 - 13 - Bouches Du Rhône",28,Not specified
Stage - data analyst / data scientist (+prime de résultat,T&S Consulting,Montpellier (34),28,Not specified
Alterant h/f business analyst,Veolia,Paris (75),28,"['3,6']"
Scheduler,C3/Customercontactchannels,Bonifacio (2A),28,Not specified
Data analyst,Not specified,76 - Le Petit Quevilly,28,Not specified
Consultant data junior,Not specified,"Synergy France
 - 75 - Paris 08",28,Not specified
Senior data analyst - fintec,Harnham,Paris (75),28,Not specified
Web-digital analyst,Web Transition,Lille (59),28,"['3,7']"
Technicien analyste,Farmea,Angers (49),28,"['3,8']"
Data analyst sas power bi confirme,Not specified,75 - Paris 11,28,Not specified
Business analyst saas,Content Square,Paris (75),28,"['5,0']"
Senior data analyst,Harnham,Paris 9e (75),28,Not specified
Data analyst,Webhelp France,Montceau-les-Mines (71),28,Not specified
Consultant data senior,Not specified,"Synergy France
 - 75 - Paris 08",28,Not specified
Business analyst décisionnel –sas - blois,Acial,Blois (41),29,"['3,0']"
Stage merchandise planning / business analyst retail,Bijoux Connection,Montpellier (34),29,Not specified
Stage merchandise planning / business analyst retail,Bijoux Connection,Montpellier (34),29,Not specified
Data engineer - transavia,Air France-Klm,Paray-Vieille-Poste (91),29,"['4,1']"
Stage merchandise planning / business analyst retail,Bijoux Connection,Montpellier (34),29,Not specified
Stage merchandise planning / business analyst retail,Bijoux Connection,Montpellier (34),29,Not specified
Stage merchandise planning / business analyst retail,Bijoux Connection,Montpellier (34),29,Not specified
Icloud drive - bug triage engineer and analyst,Apple,Paris (75),29,"['4,2']"
Stage merchandise planning / business analyst retail,Bijoux Connection,Montpellier (34),29,Not specified
Stage merchandise planning / business analyst retail,Bijoux Connection,Montpellier (34),29,Not specified
Icloud drive - bug triage engineer and analyst,Apple,Paris (75),29,"['4,2']"
Data scientist,Cdiscount,Bordeaux (33),29,"['3,6']"
Stage merchandise planning / business analyst retail,Bijoux Connection,Montpellier (34),29,Not specified
Stage merchandise planning / business analyst retail,Bijoux Connection,Montpellier (34),29,Not specified
Consultant data,Not specified,75 - Paris 09,29,Not specified
Data analyst,Crédit Agricole S.A.,Montrouge (92),30,"['3,9']"
Ekxel - biometrics analyst institution européenne,Ekxel It Services & Financial Engineering,Strasbourg (67),30,Not specified
Data analyst,Smacl Assurances,Niort (79),30,"['4,1']"
Stage d'analyste junior m&a débutant entre janvier et juille...,Lazard Ltd.,Paris (75),30,"['3,9']"
Data analyst - business intelligence junior,Bca Expertise,Asnières-sur-Seine (92),30,"['3,1']"
Stage – business analyst datavisualisation-,Credit Du Nord,France,30,"['3,7']"
Data analyst,Taxis G7,Clichy (92),30,"['3,7']"
Stage 6 mois - data analyst - mars 2020,Astrazeneca,La Défense (92),30,"['4,1']"
Data analyst - business intelligence junior,Bca Expertise,Asnières-sur-Seine (92),30,"['3,1']"
Data analyst – nantes,Nova Technology,Nantes (44),30,Not specified
Data analyst,Hts Consulting,Paris (75),30,Not specified
Data analyst,Diagnostica Stago,Asnières-sur-Seine (92),30,"['3,8']"
Ts data analyst - performance manager,Imerys,France,30,"['3,7']"
Opinion data analyst stagiaire,Angie,Paris (75),30,Not specified
Data analyst - business intelligence junior,Bca Expertise,Asnières-sur-Seine (92),30,"['3,1']"
Stagiaire data scientist - business analyst,Ceva,Bordeaux (33),30,"['3,5']"
Data analyst junior risque de fraude,Le Groupe La Poste,Limoges (87),30,"['3,8']"
Data business analyst ia,Not specified,"Bnp Paribas
 - 75 - Paris 01",30,Not specified
Ekxel - biometrics analyst for european institution in stras...,Ekxel It Services & Financial Engineering,Strasbourg (67),30,Not specified
Consultant data senior,Not specified,"Synergy France
 - 59 - Lezennes",30,Not specified
Data analyst - business intelligence junior,Bca Expertise,Asnières-sur-Seine (92),30,"['3,1']"
Data analyst,Neo Soft,Lille (59),30,Not specified
Data analyst -,Free,Paris (75),30,Not specified
Data scientist junior,France Atelier,Seyssinet-Pariset (38),30,Not specified
Market intelligence director,Doctolib,France,30,"['4,0']"
Data analyste/spécialiste,Not specified,92 - Neuilly Sur Seine,30,Not specified
Atm optimization portfolio development & innovation manager,Airbus,Toulouse (31),30,"['4,2']"
Alternance - assistant actuaire et data analyst,Viasanté Mutuelle,Labège (31),30,"['3,7']"
Analyste/développeur bi - business objects,Le Groupe Gcf,Petersbach (67),30,Not specified
Data engineer,Doctolib,Paris (75),30,"['4,0']"
Project manager data - pharmaceutique,Cognizant,Lyon (69),30,"['3,9']"
Ead of artist data intelligence,Believe,Paris 17e (75),30,Not specified
Data analyst h/f - alternance,Groupe Meilleurtaux,Paris (75),30,Not specified
Data analyst,Intitek,Lyon (69),30,"['3,0']"
Stage - financement de projet d'infrastructure,Scor,Paris (75),30,"['3,4']"
Data analyst,Mutuelle Saint-Christophe,Paris (75),30,"['3,1']"
Investment solution junior analyst -,Gie Axa,Paris (75),30,"['3,9']"
Charge de mission clientele (data analyst,Edf,Cayenne (GF),30,"['4,1']"
Data analyst smart factory,Wesmart,Paris (75),30,Not specified
Digital data analyste,Not specified,79 - Niort,30,Not specified
Data analyst,Mfg Labs,Paris (75),30,Not specified
Alternant(e) - ingénieur data analyst,Sfr,Paris (75),30,"['3,6']"
Data analyst,Diagnostica Stago,Asnières-sur-Seine (92),30,"['3,8']"
Data analyst,Mutuelle Saint-Christophe,Paris (75),30,"['3,1']"
People & organization – analyst,Eight Advisory,Paris (75),30,"['4,0']"
Data analyst - business intelligence junior,Bca Expertise,Asnières-sur-Seine (92),30,"['3,1']"
Digital data analyst,Groupe Pierre & Vacances - Center Parcs,Paris (75),30,"['3,8']"
Data analyst / data scientist,Ametix,Levallois-Perret (92),30,"['3,8']"
Opinion data analyst stagiaire,Angie,Paris (75),30,Not specified
Data analyst - business intelligence junior,Bca Expertise,Asnières-sur-Seine (92),30,"['3,1']"
Business data analyst (post bac) - contrat de professionnali...,Ey,France,30,"['4,0']"
Data analyst,Groupement Les Mousquetaires,Issy-les-Moulineaux (92),30,"['2,9']"
Alternance h/f data analyst- business object,Stmicroelectronics,Rousset (13),30,"['4,1']"
Data analyst - business intelligence junior,Bca Expertise,Asnières-sur-Seine (92),30,"['3,1']"
Digital trading analyst,Dyson,Paris (75),30,"['3,5']"
Marketing analytics and customer behavior business intellige...,Amazon Eu Sarl (Fr),Paris (75),30,"['3,6']"
Analyste datamining,Bca Expertise,Asnières-sur-Seine (92),30,"['3,1']"
Analyste quantitatif responsabilité civile -,Gie Axa,Paris 17e (75),30,"['3,9']"
Stage - ai policy & partnership,Axa Technology Services,Paris 17e (75),30,"['3,9']"
Ux researcher,Back Market,Paris (75),30,"['4,5']"
Technical business analyst (junior,Jicap-Performance,Paris (75),30,Not specified
Cdi-data analyst dtsi,Groupe Canal+,Issy-les-Moulineaux (92),30,"['3,5']"
Data analyst - business intelligence junior,Bca Expertise,Asnières-sur-Seine (92),30,"['3,1']"
Data analyst,Hts Consulting,Paris (75),30,Not specified
Data analyst - business intelligence junior,Bca Expertise,Asnières-sur-Seine (92),30,"['3,1']"
Alternance – analyste/développeur big data,Bnp Paribas Personal Finance,Mérignac (33),30,"['3,9']"
Information & data analyst,Bmw,Montigny-le-Bretonneux (78),30,"['3,9']"
Responsable traitement / recette,Capency,Enghien-les-Bains (95),30,Not specified
Data analyst,Groupement Les Mousquetaires,Issy-les-Moulineaux (92),30,"['2,9']"
Data analyst - business intelligence junior,Bca Expertise,Asnières-sur-Seine (92),30,"['3,1']"
Data analyst - business intelligence junior,Bca Expertise,Asnières-sur-Seine (92),30,"['3,1']"
Alternance - data analyst,Not specified,"Le Chiffre
 - 59 - Lille",30,Not specified
Alternance data analyst,Fortuneo,La Défense (92),30,"['3,3']"
Data scientist / experience analyst,Livementor,Paris (75),30,"['4,5']"
Data analyst,Not specified,69 - Lyon 02,30,Not specified
Business data analyst,Actimage,Strasbourg (67),30,"['3,2']"
Data analyst / developpeur,Not specified,44 - Nantes,30,Not specified
Data analyst,E.Leclerc,Ivry-sur-Seine (94),30,"['3,4']"
Data scientist analyst m,Danone,Paris (75),30,"['4,2']"
Data analyst,Sorex,France,30,"['3,5']"
Data analyst,Not specified,75 - Paris 01,30,Not specified
Analyste financier / business analyst,Enr'Cert,Paris 8e (75),30,Not specified
Data analyst - business intelligence junior,Bca Expertise,Asnières-sur-Seine (92),30,"['3,1']"
Consultant data junior,Key Performance Consulting (Kpc),Bordeaux (33),30,Not specified
Data analyst internship,Quantilia,Nice (06),30,Not specified
Data scientist / experience analyst,Livementor,Paris (75),30,"['4,5']"
Data analyst,Bouygues Telecom,Meudon (92),30,"['3,8']"
Data analyst,Not specified,75 - Paris (Dept.),30,Not specified
Data analyst,Cenisis,Rennes (35),30,Not specified
Bi - data analyst,Not specified,92 - Nanterre,30,Not specified
"Big data - cash management (chef de projet, managers de projet, pmo, business analyst...",Not specified,75 - Paris 11,30,Not specified
Data analyst,Not specified,"Nova Technology
 - 59 - Lille",30,Not specified
Lead data analyst,Not specified,Hauts-De-France,30,Not specified
Data analyst,Not specified,06 - Biot,30,Not specified
Data analyst,Not specified,"Projob Carrières
 - 75 - Paris 09",30,Not specified
Data analyst,Not specified,"Michael Page
 - Ile-De-France",30,Not specified
Digital data analyst,Not specified,"Pierre Et Vacances-Center Parcs
 - 75 - Paris (Dept.)",30,Not specified
Data analyst finance f/h - etudes socio-économiques,Not specified,"Fyte
 - 51 - Marne",30,Not specified
Apprenti(e) data analyst,Not specified,France,30,Not specified
Data analyst - meralliance,Not specified,"Meralliance
 - 29 - Quimper",30,Not specified
Consultant risk data analyst / data scientist,Deloitte,La Défense (92),30,"['4,0']"
Data scientist/data analyst,Lenova,Échiré (79),30,Not specified
Data analyst,E.Leclerc,Ivry-sur-Seine (94),30,"['3,4']"
Data analyst h/f - lille,Not specified,59 - Lille,30,Not specified
Data analyst - business intelligence junior,Bca Expertise,Asnières-sur-Seine (92),30,"['3,1']"
Data analyst,Not specified,"Ais
 - 44 - Nantes",30,Not specified
Light data analyst,Akka Technologies,Toulouse (31),30,"['3,1']"
Data analyst  -,Not specified,"Free
 - 75 - Paris 08",30,Not specified
Data analyst,Talentpeople,Boulogne-Billancourt (92),30,Not specified
Data quality analyst senior,Betclic Group,Bordeaux (33),30,"['4,7']"
Alternance - assistant data analyst,La Banque Postale,Paris (75),30,"['3,8']"
Data analyst,Taxis G7,Clichy (92),30,"['3,7']"
Information & data analyst,Bmw,Montigny-le-Bretonneux (78),30,"['3,9']"
Analyste financier / business analyst,Enr'Cert,Paris 8e (75),30,Not specified
Research analyst,Fat & Associés,Toulouse (31),30,Not specified
Data analyst,Ogilvy,Paris (75),30,"['4,1']"
Data analyst junior (stage,Garantme,Paris (75),30,Not specified
Data analyst gcp,Mantu,Paris (75),30,Not specified
Bid manager data solution,Engie It,Saint-Ouen (93),30,"['3,7']"
Data analyst - business intelligence junior,Bca Expertise,Asnières-sur-Seine (92),30,"['3,1']"
Data analyst,Not specified,"Exteam
 - 94 - Val De Marne",30,Not specified
Stagiaire data scientist - business analyst,Ceva,Bordeaux (33),30,"['3,5']"
Data analyst,Singulart,Paris (75),30,Not specified
Data analyst – la marketplace référente en france,Konekt,Paris 10e (75),30,Not specified
Data analyst,Bouygues Telecom,Meudon (92),30,"['3,8']"
Data analyst - business intelligence junior,Bca Expertise,Asnières-sur-Seine (92),30,"['3,1']"
Bid manager data solution,Engie It,Saint-Ouen (93),30,"['3,7']"
Data analyst - business intelligence junior,Bca Expertise,Asnières-sur-Seine (92),30,"['3,1']"
Data analyst - business intelligence junior,Bca Expertise,Asnières-sur-Seine (92),30,"['3,1']"
Data analyst,Sarenza,Clichy (92),30,"['4,2']"
Poste - ingénieur web / data analyst,Hadopi,France,30,Not specified
Business data analyst (post bac) - contrat de professionnali...,Ey,France,30,"['4,0']"
Data analyst,Diagnostica Stago,Asnières-sur-Seine (92),30,"['3,8']"
Data analyst - business intelligence junior,Bca Expertise,Asnières-sur-Seine (92),30,"['3,1']"
Ts data analyst - performance manager,Imerys,France,30,"['3,7']"
Data analyst,Dta Ingenierie,Nantes (44),30,Not specified
Data scientist analyst m,Danone,Paris (75),30,"['4,2']"
Data analyst,G7,Clichy (92),30,"['3,2']"
Web analyst,Cdiscount,Bordeaux (33),30,"['3,6']"
Analyste financier / business analyst,Enr'Cert,Paris 8e (75),30,Not specified
Data analyst - business intelligence junior,Bca Expertise,Asnières-sur-Seine (92),30,"['3,1']"
Data analyst - business intelligence junior,Bca Expertise,Asnières-sur-Seine (92),30,"['3,1']"
Data analyst - business intelligence junior,Bca Expertise,Asnières-sur-Seine (92),30,"['3,1']"
Data analyst reliability,Psapeugeotcitroen,Vélizy-Villacoublay (78),30,"['4,0']"
Business data analyst,Actimage,Strasbourg (67),30,"['3,2']"
Data analyst,Sorex,France,30,"['3,5']"
Data analyst / scientist,Alltricks,Montigny-le-Bretonneux (78),30,"['4,0']"
Data scientist / data analyst,Ledger,Paris (75),30,Not specified
Data analyst,Nickel,Nantes (44),30,Not specified
Stage - data analyst junior,Axa Global Direct France,Suresnes (92),30,"['3,9']"
Data analyst / data scientist,Ametix,Levallois-Perret (92),30,"['3,8']"
Data analyst,Groupe Sturno,Avranches (50),30,Not specified
Data analyst intern,Adikteev,Paris (75),30,Not specified
Data analyst (stage,Fideliz,Paris 9e (75),30,Not specified
Data analyst internship,Quantilia,Nice (06),30,Not specified
Data analyst - business intelligence junior,Bca Expertise,Asnières-sur-Seine (92),30,"['3,1']"
Data analyste,Tisseo Services,Gennevilliers (92),30,"['2,9']"
Data analyst,Linkfluence,Paris 9e (75),30,"['3,2']"
Data manager / data analyst,Digitick,Marseille (13),30,"['4,0']"
Data scientist analyst m,Danone,Paris (75),30,"['4,2']"
Data analyst - business intelligence junior,Bca Expertise,Asnières-sur-Seine (92),30,"['3,1']"
Bid manager data solution,Engie It,Saint-Ouen (93),30,"['3,7']"
Data analyst - business intelligence junior,Bca Expertise,Asnières-sur-Seine (92),30,"['3,1']"
Data analyst - business intelligence junior,Bca Expertise,Asnières-sur-Seine (92),30,"['3,1']"
Data analyst - business intelligence junior,Bca Expertise,Asnières-sur-Seine (92),30,"['3,1']"
Junior opinion data stagiaire,Angie,Paris 2e (75),30,Not specified
Analyste développeur bi,Actimage,Strasbourg (67),30,"['3,2']"
Business transformation analyst,Archer Daniels Midland Company,Morbihan,30,"['3,7']"
Bid manager data solution,Engie It,Saint-Ouen (93),30,"['3,7']"
Bid manager data solution,Engie It,Saint-Ouen (93),30,"['3,7']"
Data analyst - business intelligence junior,Bca Expertise,Asnières-sur-Seine (92),30,"['3,1']"
Data analyst - business intelligence junior,Bca Expertise,Asnières-sur-Seine (92),30,"['3,1']"
Data analyst - business intelligence junior,Bca Expertise,Asnières-sur-Seine (92),30,"['3,1']"
Team manager data & ai (h/f) - bdx,Azeo Talents & Technology,Bordeaux (33),30,Not specified
Sales operations analyst,Talend,Suresnes (92),30,"['4,0']"
Data scientist h/f - niort,Maif,Niort (79),30,"['3,5']"
Data analyst - business intelligence junior,Bca Expertise,Asnières-sur-Seine (92),30,"['3,1']"
Auditeur h/f 32-36k€,Fiteco,Caen (14),30,"['2,8']"
Tech talent recruteur (chief freelance officer,Cherry Pick,Paris (75),30,Not specified
[finance] business analyst market data,Meritis Finance,Paris (75),30,Not specified
Application designer,Iwe,Télétravail,30,Not specified
Data scientist marketing,Happn,Paris (75),30,Not specified
Retail credit risk analyst,Ing,France,30,"['4,0']"
Project manager data - pharmaceutique,Cognizant,Lyon (69),30,"['3,9']"
Data scientist,Finedigit,Paris (75),30,Not specified
Language or translation graduates - arabic or hebrew speaker...,Transperfect,Paris (75),30,Not specified
"Data engineer - developer & solution analyst (3d : digital,...",Caceis,Issy-les-Moulineaux (92),30,"['3,8']"
Smart weeding system digital analyst (w/m,Bayer,Lyon (69),30,"['4,2']"
Product analyst,Artur'In,Paris (75),30,Not specified
Junior social media analyst - chinese speaker,Linkfluence,Paris (75),30,"['3,2']"
Data labeller h/f (cdd - 4 mois minimum,Kayrros,Paris 9e (75),30,Not specified
Technical business analyst (junior,Jicap-Performance,Paris (75),30,Not specified
Data analyst (pfe,Actimage,Arcueil (94),30,"['3,2']"
Data analyst - business intelligence,Bca Expertise,Asnières-sur-Seine (92),30,"['3,1']"
Data analyst - business intelligence junior,Bca Expertise,Asnières-sur-Seine (92),30,"['3,1']"
Portfolio analyst - big data f/h - stage 6 mois,Axa France,Nanterre (92),30,"['3,9']"
Data analyst expert,Crédit Agricole Nord De France,Lille (59),30,"['3,9']"
Analyste data,Science And Nature Laboratory Sas,Nueil-les-Aubiers (79),30,Not specified
Stage web analyst,Elysees Education Group,Paris 8e (75),30,"['1,7']"
Data analyst smart factory,Wesmart,Paris (75),30,Not specified
Business analyst sir,Aubay,Nantes (44),30,"['3,3']"
Data analyst - business intelligence junior,Bca Expertise,Asnières-sur-Seine (92),30,"['3,1']"
Data scientist h/f - be4897,Pro Btp Groupe,Vincennes (94),30,"['2,7']"
Analyste financier / business analyst,Enr'Cert,Paris 8e (75),30,Not specified
Data analyst - business intelligence junior,Bca Expertise,Asnières-sur-Seine (92),30,"['3,1']"
Data analyst - business intelligence junior,Bca Expertise,Asnières-sur-Seine (92),30,"['3,1']"
Data analyst,Stago,Asnières-sur-Seine (92),30,"['3,8']"
Consultant data scientist,Eversa,Neuilly-sur-Seine (92),30,Not specified
Business analyst m,Spie,France,30,"['3,5']"
Data analyst - business intelligence junior,Bca Expertise,Asnières-sur-Seine (92),30,"['3,1']"
Stagiaire consultant data science,M13H,Paris (75),30,Not specified
Stage web analyst,Elysees Education Group,Paris 8e (75),30,"['1,7']"
Analyste data en contrat d'apprentissage,Teréga,Pau (64),30,Not specified
Data business analyst,Groupe Pierre & Vacances - Center Parcs,Paris (75),30,"['3,8']"
Data analyst - business intelligence junior,Bca Expertise,Asnières-sur-Seine (92),30,"['3,1']"
Data analyst (pfe,Actimage,Arcueil (94),30,"['3,2']"
Analyste data quality management risques,La Banque Postale,Paris 6e (75),30,"['3,8']"
Analyste produit logiciel,Invoke Software,Nantes (44),30,Not specified
Business analyst salesforce,Spikeelabs,Nantes (44),30,Not specified
Alternance - 1 an - supply chain data analyst h/f - charento...,Natixis,Paris (75),30,"['3,5']"
Oresight analyst,Gie Axa,Paris (75),30,"['3,9']"
Insight analyst,Adot,Paris (75),30,Not specified
Data analyst / digital marketing internship,Urban Circus,Saint-Denis (93),30,Not specified
Kering total rewards analyst,Groupe Kering,Manche,30,"['3,6']"
Data engineer f/m,Danone,Saint-Ouen (93),30,"['4,2']"
Language data analyst - french speakers,Transperfect,Paris (75),30,Not specified
Data analyst - business intelligence junior,Bca Expertise,Asnières-sur-Seine (92),30,"['3,1']"
Stage - project portfolio analyst,Scor,Paris (75),30,"['3,4']"
Data analyst (w/m/d) - soziale netzwerke und drittplattforme...,Arte,Strasbourg (67),30,Not specified
Marketing analyst,Imerys,Paris (75),30,"['3,7']"
Data analytics teacher assistant (freelance mission,Ironhack,Paris 11e (75),30,Not specified
Data analyst - business intelligence junior,Bca Expertise,Asnières-sur-Seine (92),30,"['3,1']"
Data analyst - business intelligence junior,Bca Expertise,Asnières-sur-Seine (92),30,"['3,1']"
"Apprentissage - data analyste, data management, bi",Dassault Systèmes,Vélizy-Villacoublay (78),30,"['4,0']"
Stage en modélisation financière,Pwc,Neuilly-sur-Seine (92),30,"['4,0']"
Auditeur h/f 32-36k€,Fiteco,Caen (14),30,"['2,8']"
Data scientist monetisation / fraude,Happn,Paris (75),30,Not specified
Pricing analyst international,L'Olivier Assurance,Paris 20e (75),30,"['4,0']"
Analyste data performance,Bouygues Telecom,Meudon (92),30,"['3,8']"
Data analyst marketing,Novencia,Paris (75),30,"['5,0']"
Data analyst - business intelligence junior,Bca Expertise,Asnières-sur-Seine (92),30,"['3,1']"
Business analyst en business intelligence,Eurofins France Agro-Alimentaire,Nantes (44),30,Not specified
Analyste - lead data migration - workday,Everbe,Pessac (33),30,Not specified
Data analyst - business intelligence junior,Bca Expertise,Asnières-sur-Seine (92),30,"['3,1']"
Junior investment monitoring analyst - apprenticeship,Gie Axa,Paris (75),30,"['3,9']"
"Analyste ""investissement"" - stage -",Le Groupe Savills,Paris (75),30,Not specified
Data analyst - business intelligence junior,Bca Expertise,Asnières-sur-Seine (92),30,"['3,1']"
Data scientist / analyste reporting réglementaire,Amf,Paris (75),30,"['3,3']"
Analyste financier / business analyst,Enr'Cert,Paris 8e (75),30,Not specified
Bid manager data solution,Engie It,Saint-Ouen (93),30,"['3,7']"
Digital data analyste / freelance,Freelance.Com,Niort (79),30,Not specified
Alternance - 1 an - chargé d'études statistiques - data anal...,Natixis,Paris (75),30,"['3,5']"
Data analyst - business intelligence junior,Bca Expertise,Asnières-sur-Seine (92),30,"['3,1']"
Data analyst - business intelligence junior,Bca Expertise,Asnières-sur-Seine (92),30,"['3,1']"
Business analyst salesforce,Orange,Nanterre (92),30,"['4,1']"
Junior investment monitoring analyst - apprenticeship,Gie Axa,Paris (75),30,"['3,9']"
Senior data analyst pour une plateforme média grand public,Data Recrutement,Paris (75),30,Not specified
Marketing analyst,Imerys,Paris (75),30,"['3,7']"
Conducteur de travaux junior - stage 3-6 mois,Nexity,Paris (75),30,"['3,1']"
Data analyst / digital marketing internship,Urban Circus,Saint-Denis (93),30,Not specified
Consultants juniors (en stage,Alixio,France,30,Not specified
Business & portfolio analyst,Quadra,France,30,Not specified
Data analyst - business intelligence junior,Bca Expertise,Asnières-sur-Seine (92),30,"['3,1']"
Stage web analyst,Elysees Education Group,Paris 8e (75),30,"['1,7']"
Data analyst – success story reconnue,Konekt,Paris (75),30,Not specified
Data analyst - business intelligence junior,Bca Expertise,Asnières-sur-Seine (92),30,"['3,1']"
Ull stack engineer (remote,Dataiku,Télétravail,30,Not specified
Analyste en prospective,Gie Axa,Paris (75),30,"['3,9']"
Data scientist : analyste sémantique appliquée / chatbot - s...,Beijaflore,Paris (75),30,"['3,5']"
Lead data analyst,Hays,Nord,30,"['3,6']"
Business analyst h/f façon nantaise,Polymont,Nantes (44),30,"['3,5']"
Responsable data analyst,Bouygues Telecom,Meudon (92),30,"['3,8']"
Stage - consultant(e) data,Wizaly,Paris (75),30,Not specified
Alternance - 1 an - data analyst connaissance clients (h/f)...,Bpce Sef,Paris (75),30,"['3,5']"
Business analyst sir,Aubay,Nantes (44),30,"['3,3']"
Data analyst junior ou senior,Data Recrutement,Paris (75),30,Not specified
Sales forecasting & strategic marketing analyst,Psapeugeotcitroen,Poissy (78),30,"['4,0']"
Analyste financier / business analyst,Enr'Cert,Paris 8e (75),30,Not specified
Analyste financier,Groupe Vyv,Paris (75),30,Not specified
Data analyst - business intelligence junior,Bca Expertise,Asnières-sur-Seine (92),30,"['3,1']"
Data analyst - business intelligence junior,Bca Expertise,Asnières-sur-Seine (92),30,"['3,1']"
Data scientist : analyste sémantique appliquée / chatbot - s...,Beijaflore,Paris (75),30,"['3,5']"
Alternance data manager junior issy-les-moulineaux (92,Nestle,Marne-la-Vallée (77),30,"['4,2']"
Data analyst / business analyst - paris -,Autobiz,Courbevoie (92),30,"['3,0']"
Data-analyst,Ux-Republic,Paris 8e (75),30,Not specified
Data analyst pour une startup de la fintech engagée,Data Recrutement,Paris (75),30,Not specified
Internship or apprenticeship - retail analyst (m/f) - allian...,Allianz France,Paris (75),30,"['3,9']"
Prévisionniste - data analyst,Blique Actimum,France,30,Not specified
Data analyst - business intelligence junior,Bca Expertise,Asnières-sur-Seine (92),30,"['3,1']"
Analyste financier / business analyst,Enr'Cert,Paris 8e (75),30,Not specified
Data analyst,G7,Clichy (92),30,"['3,2']"
Stage web analyst,Elysees Education Group,Paris 8e (75),30,"['1,7']"
Analyste financier / business analyst,Enr'Cert,Paris 8e (75),30,Not specified
Compensation services analyst,Apple,Paris (75),30,"['4,2']"
Data analyst bi,Capfi Vita Data,Paris 8e (75),30,Not specified
Analyste risque crédit quantitati,Arkea,Strasbourg (67),30,"['4,1']"
Paris - tech m&a analyst (0-2years of expe.) - boutique,Sainoo,Paris (75),30,Not specified
Consultant bi - data intelligence,Micropole,Levallois-Perret (92),30,"['3,2']"
Raud and risk analyst,Hipay,Levallois-Perret (92),30,"['3,0']"
"Analyste junior governance, compliance & regulatory",Deloitte,La Défense (92),30,"['4,0']"
Analyste financier / business analyst,Enr'Cert,Paris 8e (75),30,Not specified
Stage web analyst,Elysees Education Group,Paris 8e (75),30,"['1,7']"
Data analyst - business intelligence junior,Bca Expertise,Asnières-sur-Seine (92),30,"['3,1']"
Alternance data analyst h/f sainghin-en-melantois,Verisure Par Securitas Direct,Sainghin-en-Mélantois (59),30,"['3,7']"
Alternance h/f data analyst- business object,Stmicroelectronics,Rousset (13),30,"['4,1']"
Alternance - business analyst,Roche,Montbonnot-Saint-Martin (38),30,"['4,2']"
Data analyst - business intelligence junior,Bca Expertise,Asnières-sur-Seine (92),30,"['3,1']"
Bid manager data solution,Engie It,Saint-Ouen (93),30,"['3,7']"
Data analyst kyc / freelance,Parteck Ingenierie,Paris (75),30,Not specified
Consultant data gouvernance,Keyrus Life Science,France,30,Not specified
Data analyst,Groupement Les Mousquetaires,Issy-les-Moulineaux (92),30,"['2,9']"
Sales forecasting & strategic marketing analyst,Psapeugeotcitroen,Poissy (78),30,"['4,0']"
Data analyst - business intelligence junior,Bca Expertise,Asnières-sur-Seine (92),30,"['3,1']"
Sales ops analyst intern ( 6 months,Criteo,Paris 9e (75),30,"['4,0']"
Data analyst,Calypse Consulting,Paris (75),30,Not specified
Data analyst manager (m/f/d,Artefact,Paris (75),30,"['4,4']"
Data analyst - business intelligence junior,Bca Expertise,Asnières-sur-Seine (92),30,"['3,1']"
Data analyst kyc / freelance,Parteck Ingenierie,Paris (75),30,Not specified
Data analyst,Groupement Les Mousquetaires,Issy-les-Moulineaux (92),30,"['2,9']"
Data analyst - business intelligence junior,Bca Expertise,Asnières-sur-Seine (92),30,"['3,1']"
Data engineer -,Ag2R La Mondiale,Paris (75),30,"['3,9']"
Consultant data analyst (h/f) - cdi,Mydral,Paris 2e (75),30,"['3,7']"
Data analyst,Actimage,Paris (75),30,"['3,2']"
Business analyst / consultant,Valuement,Paris (75),30,Not specified
Data analyst - business intelligence,Bca Expertise,Asnières-sur-Seine (92),30,"['3,1']"
Stage - chef de projet qualité,Back Market,Bordeaux (33),30,"['4,5']"
Data analyst - business intelligence junior,Bca Expertise,Asnières-sur-Seine (92),30,"['3,1']"
Stage web analyst,Elysees Education Group,Paris 8e (75),30,"['1,7']"
Stagiaire business analyst,Eco Emballages,France,30,"['4,5']"
Business data analyst (post bac) - contrat de professionnali...,Ey,France,30,"['4,0']"
Business intelligence analyst,Doctolib,Paris (75),30,"['4,0']"
Data analyst - business intelligence junior,Bca Expertise,Asnières-sur-Seine (92),30,"['3,1']"
Data analyst - business intelligence junior,Bca Expertise,Asnières-sur-Seine (92),30,"['3,1']"
Data analyst,Groupement Les Mousquetaires,Issy-les-Moulineaux (92),30,"['2,9']"
Travel program analyst,Jll,Paris (75),30,"['3,8']"
Data analyst - business intelligence junior,Bca Expertise,Asnières-sur-Seine (92),30,"['3,1']"
Bid manager data solution,Engie It,Saint-Ouen (93),30,"['3,7']"
Internship or apprenticeship - retail analyst (m/f) - allian...,Allianz France,Paris (75),30,"['3,9']"
Data analyst,Groupement Les Mousquetaires,Issy-les-Moulineaux (92),30,"['2,9']"
Data scientist h/f - be4897,Pro Btp Groupe,Vincennes (94),30,"['2,7']"
Business analyst,Dekra,Bordeaux (33),30,"['3,6']"
Stage web analyst,Elysees Education Group,Paris 8e (75),30,"['1,7']"
Assistant analyste quantitatif h/f - stage,La Banque Postale,Paris (75),30,"['3,8']"
Stage - customer service data analyst (h/f) - septembre 2020,Mars,Aimargues (30),30,"['3,9']"
Data analyst - business intelligence junior,Bca Expertise,Asnières-sur-Seine (92),30,"['3,1']"
Cdi - country performance analyst h/f - petit bateau !,Groupe Yves Rocher,Paris (75),30,"['4,1']"
Bid manager data solution,Engie It,Saint-Ouen (93),30,"['3,7']"
Data analyst - business intelligence junior,Bca Expertise,Asnières-sur-Seine (92),30,"['3,1']"
Analyste de données,Edf,Hauts-de-Seine,30,"['4,1']"
Data analyst finance,Fyte,Reims (51),30,"['4,7']"
Data analyst junior,Gojob,Aix-en-Provence (13),30,"['4,2']"
Market intelligence director,Doctolib,France,30,"['4,0']"
Analyste de données,Solocal Group,Boulogne-Billancourt (92),30,"['3,4']"
Alternance - data engineer,Bouygues Telecom,Meudon (92),30,"['3,8']"
"Business analyst, headquarters",Pernod Ricard,Paris (75),30,"['4,2']"
Data business analyst,Groupe Pierre & Vacances - Center Parcs,Paris (75),30,"['3,8']"
Data scientist / analyste reporting réglementaire,Amf,Paris (75),30,"['3,3']"
Data analyst gcp / freelance,Duonext,Paris (75),30,Not specified
Data analyst - business intelligence junior,Bca Expertise,Asnières-sur-Seine (92),30,"['3,1']"
Data analyst - business intelligence junior,Bca Expertise,Asnières-sur-Seine (92),30,"['3,1']"
Data analyst junior,Gojob,Aix-en-Provence (13),30,"['4,2']"
Data analyst it,Lucernys,Paris (75),30,Not specified
Business analyst en efficacité commerciale/sales force effec...,Roche,Boulogne-Billancourt (92),30,"['4,2']"
Sales forecasting & strategic marketing analyst,Psapeugeotcitroen,Poissy (78),30,"['4,0']"
Analyste expert applicatif rennes (35,Imsa,Rennes (35),30,Not specified
Business excellence leader,Transdev,Issy-les-Moulineaux (92),30,"['3,2']"
"Analyste ""investissement"" - stage -",Le Groupe Savills,Paris (75),30,Not specified
Data analyst – success story reconnue,Konekt,Paris (75),30,Not specified
P&c actuarial analyst -,Gie Axa,Paris (75),30,"['3,9']"
Supply and planning analyst,Bic,Marne-la-Vallée (77),30,"['3,9']"
Data analyste dans le domaine des transports et de la logist...,Orange,Rennes (35),30,"['4,1']"
Data analyst bioinformatique,Universite D'Aix Marseille,Marseille 9e (13),30,Not specified
Data analyst - business intelligence junior,Bca Expertise,Asnières-sur-Seine (92),30,"['3,1']"
Data analyst,Groupement Les Mousquetaires,Issy-les-Moulineaux (92),30,"['2,9']"
Bid manager data solution,Engie It,Saint-Ouen (93),30,"['3,7']"
Data analytics teacher assistant (freelance mission,Ironhack,Paris 11e (75),30,Not specified
Apprenticeship: strategy analyst (f/m,Hydrogen,Courbevoie (92),30,Not specified
Junior investment monitoring analyst,Gie Axa,Paris (75),30,"['3,9']"
Digital data analyste / freelance,Freelance.Com,Niort (79),30,Not specified
"Data engineer - developer & solution analyst (3d : digital,...",Caceis,Issy-les-Moulineaux (92),30,"['3,8']"
Ull stack engineer - dss (remote,Dataiku,Télétravail,30,Not specified
Data analyst,Acii,Paris (75),30,Not specified
Sales operations analyst,Talend,Suresnes (92),30,"['4,0']"
Data analyst - business intelligence junior,Bca Expertise,Asnières-sur-Seine (92),30,"['3,1']"
Stage web analyst,Elysees Education Group,Paris 8e (75),30,"['1,7']"
Analyste financier / business analyst,Enr'Cert,Paris 8e (75),30,Not specified
Data analyst,Groupement Les Mousquetaires,Issy-les-Moulineaux (92),30,"['2,9']"
"Stage analyste crédit, courbevoie",Hsbc,Courbevoie (92),30,"['4,0']"
Data analyst - business intelligence junior,Bca Expertise,Asnières-sur-Seine (92),30,"['3,1']"
Analyste financier / business analyst,Enr'Cert,Paris 8e (75),30,Not specified
Technical business analyst (junior,Jicap-Performance,Paris (75),30,Not specified
