CommonName,HomeRange_ha,Status,Habitat_Forest,Habitat_Savanna,Habitat_Shrubland,Habitat_Grassland,Habitat_Wetlands,Habitat_Rocky areas,Habitat_Desert,Average_Weight
Allen_s_Swamp_Monkey,,LC,1.0,0.0,0.0,0.0,1.0,0.0,0.0,5.300000000000002
Hairy_eared_Dwarf_Lemur,25.75,VU,1.0,0.0,0.0,0.0,0.0,0.0,0.0,0.08
L_Hoest_s_Monkey,116.6,VU,1.0,0.0,1.0,0.0,1.0,0.0,0.0,5.0
Preuss_s_Monkey,,EN,1.0,0.0,0.0,0.0,0.0,0.0,0.0,3.8
Sun_tailed_Monkey,,VU,1.0,0.0,0.0,0.0,0.0,0.0,0.0,5.4
Ursine_Red_Howler,7.52,LC,1.0,1.0,0.0,0.0,0.0,0.0,0.0,6.37
Red_handed_Howler,7.125,VU,1.0,0.0,0.0,0.0,0.0,0.0,0.0,6.4
Paraguayan_Howler,1.95,LC,1.0,1.0,0.0,0.0,0.0,0.0,0.0,5.38
Spix_s_Howler,69.0,VU,1.0,0.0,0.0,0.0,0.0,0.0,0.0,6.37
Brown_Howler,26.0,LC,1.0,0.0,0.0,0.0,0.0,0.0,0.0,5.54
Guianan_Red_Howler,45.0,LC,1.0,1.0,0.0,0.0,0.0,0.0,0.0,6.37
Amazon_Black_Howler,25.0,LC,1.0,1.0,0.0,0.0,0.0,0.0,0.0,6.45
Mantled_Howler,40.45,LC,1.0,0.0,0.0,0.0,0.0,0.0,0.0,6.12
Central_American_Black_Howler,16.86,EN,1.0,0.0,0.0,0.0,0.0,0.0,0.0,6.56
Bolivian_Red_Howler,,LC,1.0,1.0,0.0,0.0,0.0,0.0,0.0,6.5
Colombian_Red_Howler,22.0,LC,1.0,1.0,0.0,0.0,0.0,0.0,0.0,5.92
Maranhão_Red_handed_Howler,24.74,,,,,,,,,
Azara_s_Night_Monkey,7.0,LC,1.0,1.0,0.0,0.0,0.0,0.0,0.0,1.21
Brumback_s_Night_Monkey,17.5,VU,1.0,1.0,0.0,0.0,0.0,0.0,0.0,0.67
Gray_legged_Night_Monkey,,VU,1.0,0.0,0.0,0.0,0.0,0.0,0.0,0.51
Hernández_Camacho_s_Night_Monkey,,,,,,,,,,
Lemurine_Night_Monkey,4.35,VU,1.0,0.0,0.0,0.0,0.0,0.0,0.0,0.89
Andean_Night_Monkey,1.23,VU,1.0,0.0,0.0,0.0,0.0,0.0,0.0,0.8
Ma_s_Night_Monkey,9.2,VU,1.0,0.0,0.0,0.0,0.0,0.0,0.0,0.79
Black_headed_Night_Monkey,10.5,LC,1.0,0.0,0.0,0.0,0.0,0.0,0.0,0.96
Humboldt_s_Night_Monkey,4.0,LC,1.0,0.0,0.0,0.0,0.0,0.0,0.0,0.77
Spix_s_Night_Monkey,6.3,LC,1.0,0.0,0.0,0.0,0.0,0.0,0.0,0.7
Panamanian_Night_Monkey,8.0,DD,1.0,0.0,0.0,0.0,0.0,0.0,0.0,0.9
Golden_Angwantibo,,LC,1.0,0.0,0.0,0.0,0.0,0.0,0.0,0.21
Calabar_Angwantibo,10.0,LC,1.0,0.0,0.0,0.0,0.0,0.0,0.0,0.31
White_bellied_Spider_Monkey,269.9166666666667,EN,1.0,0.0,0.0,0.0,0.0,0.0,0.0,8.07
Black_Spider_Monkey,192.0,EN,1.0,0.0,0.0,0.0,0.0,0.0,0.0,9.37
Brown_headed_Spider_Monkey,,CR,1.0,0.0,0.0,0.0,0.0,0.0,0.0,9.03
Central_American_Spider_Monkey,388.0971428571429,EN,1.0,0.0,0.0,0.0,0.0,0.0,0.0,7.54
Variegated_Spider_Monkey,40.0,CR,1.0,0.0,0.0,0.0,0.0,0.0,0.0,8.6
White_whiskered_Spider_Monkey,,EN,1.0,0.0,0.0,0.0,0.0,0.0,0.0,8.1
Red_faced_Black_Spider_Monkey,255.0,VU,1.0,0.0,0.0,0.0,0.0,0.0,0.0,8.28
Betsileo_Woolly_Lemur,,EN,1.0,0.0,0.0,0.0,0.0,0.0,0.0,0.92
Bemaraha_Woolly_Lemur,2.0,EN,1.0,0.0,0.0,0.0,0.0,0.0,0.0,1.03
Eastern_Woolly_Lemur,1.5,VU,1.0,0.0,0.0,0.0,0.0,0.0,0.0,1.17
Southern_Woolly_Lemur,5.72,EN,1.0,0.0,0.0,0.0,0.0,0.0,0.0,1.15
Masoala_Woolly_Lemur,,EN,1.0,0.0,0.0,0.0,0.0,0.0,0.0,0.92
Western_Woolly_Lemur,0.95,EN,1.0,0.0,0.0,0.0,0.0,0.0,0.0,0.8
Peyrieras_s_Woolly_Lemur,1.0,VU,1.0,0.0,0.0,0.0,0.0,0.0,0.0,1.08
Manombo_Woolly_Lemur,,VU,1.0,0.0,0.0,0.0,0.0,0.0,0.0,0.96
Sambirano_Woolly_Lemur,,EN,1.0,0.0,0.0,0.0,0.0,0.0,0.0,0.85
Southern_Muriqui,340.0,EN,1.0,0.0,0.0,0.0,0.0,0.0,0.0,8.84
Northern_Muriqui,309.0,CR,1.0,0.0,0.0,0.0,0.0,0.0,0.0,9.0
Ayres_Black_Uakari,,VU,,,,,,,,
Bald_Uacari,493.0,VU,1.0,0.0,0.0,0.0,0.0,0.0,0.0,3.17
Black_headed_Uacari,,VU,1.0,0.0,0.0,0.0,0.0,0.0,0.0,2.94
Spix_s_Black_headed_Uacari,500.0,VU,1.0,0.0,1.0,0.0,0.0,0.0,0.0,2.35
Black_crowned_Dwarf_Marmoset,,LC,1.0,0.0,0.0,0.0,0.0,0.0,0.0,0.12
Blond_Titi,50.0,CR,0.0,1.0,1.0,0.0,0.0,0.0,0.0,1.15
Coimbra_Filho_s_Titi,10.0,EN,1.0,1.0,0.0,0.0,0.0,0.0,0.0,
Southern_Bahian_Titi,22.0,VU,1.0,0.0,0.0,0.0,0.0,0.0,0.0,1.37
Black_fronted_Titi,34.5,NT,1.0,0.0,0.0,0.0,0.0,0.0,0.0,
Masked_Titi,11.5,VU,1.0,0.0,0.0,0.0,0.0,0.0,0.0,1.32
Goeldi_s_Monkey*,150.0,VU,1.0,0.0,0.0,0.0,0.0,0.0,0.0,0.48
Buffy_tufted_ear_Marmoset,11.0,VU,1.0,0.0,0.0,0.0,0.0,0.0,0.0,0.44
Buffy_headed_Marmoset,35.5,EN,1.0,0.0,0.0,0.0,0.0,0.0,0.0,0.43
Geoffroy_s_Tufted_ear_Marmoset,23.3,LC,1.0,1.0,0.0,0.0,0.0,0.0,0.0,0.24
Common_Marmoset,2.2,LC,1.0,1.0,0.0,0.0,0.0,0.0,0.0,0.32
Wied_s_Black_tufted_ear_Marmoset,38.9,NT,1.0,0.0,0.0,0.0,0.0,0.0,0.0,0.38
Black_tufted_ear_Marmoset,12.8,LC,1.0,1.0,0.0,0.0,0.0,0.0,0.0,0.33
Philippine_Tarsier,4.4030000000000005,NT,1.0,0.0,0.0,0.0,0.0,0.0,0.0,0.13
Eastern_Pygmy_Marmoset,,LC,,,,,,,,
Pygmy_Marmoset,0.34,LC,1.0,0.0,0.0,0.0,0.0,0.0,0.0,0.12
Ecuadorian_White_fronted_Capuchin,288.0,CR,1.0,0.0,1.0,0.0,0.0,0.0,0.0,2.19
Humboldt_s_White_fronted_Capuchin,115.0,LC,1.0,0.0,0.0,0.0,1.0,0.0,0.0,2.74
Venezuelan_Brown_Capuchin,84.0,LC,1.0,0.0,0.0,0.0,0.0,0.0,0.0,
Colombian_White_faced_Capuchin,59.0,LC,1.0,0.0,0.0,0.0,1.0,0.0,0.0,3.11
Río_Cesar_White_fronted_Capuchin,,,,,,,,,,
Shock_headed_Capuchin,150.0,NT,1.0,0.0,0.0,0.0,1.0,0.0,0.0,2.85
Panamanian_White_faced_Capuchin,134.4,LC,1.0,0.0,0.0,0.0,0.0,0.0,0.0,3.22
Ka_apor_Capuchin,62.4,CR,1.0,0.0,0.0,0.0,0.0,0.0,0.0,2.7
Sierra_de_Perijá_White_fronted_Capuchin,,,,,,,,,,
Santa_Marta_White_fronted_Capuchin,,EN,1.0,0.0,0.0,0.0,0.0,0.0,0.0,
Guianan_Weeper_Capuchin,257.0,LC,1.0,0.0,0.0,0.0,0.0,0.0,0.0,2.88
Spix_s_White_fronted_Capuchin,,LC,1.0,0.0,0.0,0.0,1.0,0.0,0.0,2.74
Varied_White_fronted_Capuchin,,EN,1.0,0.0,0.0,0.0,1.0,0.0,0.0,2.74
Marañón_White_fronted_Capuchin,240.0,,,,,,,,,
Western_Tarsier,1.5,VU,1.0,0.0,0.0,0.0,0.0,0.0,0.0,0.12
Agile_Mangabey,303.0,LC,1.0,0.0,0.0,0.0,0.0,0.0,0.0,7.58
Sooty_Mangabey,500.0,NT,1.0,1.0,0.0,0.0,0.0,0.0,0.0,8.6
Golden_bellied_Mangabey,,DD,1.0,0.0,0.0,0.0,0.0,0.0,0.0,9.5
Tana_River_Mangabey,59.7,EN,1.0,0.0,0.0,0.0,0.0,0.0,0.0,7.44
White_naped_Mangabey,200.0,EN,1.0,0.0,0.0,0.0,0.0,0.0,0.0,7.28
Sanje_River_Mangabey,240.0,EN,1.0,0.0,0.0,0.0,0.0,0.0,0.0,8.05
Red_capped_Mangabey,247.4,VU,1.0,0.0,0.0,0.0,0.0,0.0,0.0,7.5
Syke_s_Monkey,14.25,LC,1.0,0.0,0.0,0.0,0.0,0.0,0.0,5.28
Red_tailed_Monkey,22.5,LC,1.0,0.0,0.0,0.0,0.0,0.0,0.0,3.24
Campbell_s_Monkey,72.375,LC,1.0,1.0,0.0,0.0,0.0,0.0,0.0,3.6
Moustached_Monkey,44.5,LC,1.0,0.0,0.0,0.0,0.0,0.0,0.0,3.48
Dent_s_Monkey,,LC,1.0,0.0,0.0,0.0,0.0,0.0,0.0,3.54
Diana_Monkey,63.0,VU,1.0,0.0,0.0,0.0,0.0,0.0,0.0,4.5
Silver_Monkey,28.4,LC,1.0,0.0,0.0,0.0,0.0,0.0,0.0,
Dryas_Monkey,4.9,CR,1.0,0.0,0.0,0.0,0.0,0.0,0.0,2.65
Red_bellied_Monkey,,VU,1.0,0.0,0.0,0.0,0.0,0.0,0.0,3.5
Red_eared_Monkey,31.5,VU,1.0,0.0,0.0,0.0,0.0,0.0,0.0,3.4
Owl_faced_Monkey,,VU,1.0,0.0,0.0,0.0,0.0,0.0,0.0,4.43
Virungas_Golden_Monkey,67.0,EN,1.0,0.0,0.0,0.0,0.0,0.0,0.0,6.2
Lesula,,NE,1.0,0.0,0.0,0.0,0.0,0.0,0.0,5.0
Lowe_s_Monkey,14.5,LC,1.0,1.0,0.0,0.0,0.0,0.0,0.0,3.9
Blue_Monkey,175.0,LC,1.0,0.0,0.0,0.0,0.0,0.0,0.0,4.89
Mona_Monkey,3.0,LC,1.0,0.0,0.0,0.0,0.0,0.0,0.0,4.05
De_Brazza_s_Monkey,7.0,LC,1.0,0.0,0.0,0.0,1.0,0.0,0.0,5.74
Putty_nosed_Monkey,80.25,LC,1.0,0.0,0.0,0.0,1.0,0.0,0.0,5.46
Spot_nosed_Monkey,89.375,LC,1.0,0.0,1.0,0.0,0.0,0.0,0.0,3.65
Crowned_Monkey,100.0,VU,1.0,1.0,0.0,0.0,0.0,0.0,0.0,3.58
Roloway_Monkey,189.0,EN,1.0,0.0,0.0,0.0,0.0,0.0,0.0,4.55
Sclater_s_Monkey,25.0,VU,1.0,0.0,1.0,0.0,0.0,0.0,0.0,3.25
Wolf_s_Monkey,,LC,1.0,1.0,0.0,0.0,1.0,0.0,0.0,3.34
Montagne_d_Ambre_Dwarf_Lemur,,NE,0.0,0.0,0.0,0.0,0.0,0.0,0.0,
Crossley_s_Dwarf_Lemur,,DD,1.0,0.0,0.0,0.0,0.0,0.0,0.0,0.29
Lavasoa_Dwarf_lemur,,NE,0.0,0.0,0.0,0.0,0.0,0.0,0.0,
Greater_Dwarf_Lemur,4.0,DD,1.0,0.0,0.0,0.0,0.0,0.0,0.0,0.51
Fat_tailed_Dwarf_Lemur,1.56,LC,1.0,0.0,0.0,0.0,0.0,0.0,0.0,0.17666666666666667
Lesser_Iron_gray_Dwarf_Lemur,,DD,1.0,0.0,0.0,0.0,0.0,0.0,0.0,0.3
 Sheth's_Dwarf_Lemur,,Unrated,,,,,,,,
Sibree_s_Dwarf_Lemur,6.4,CR,1.0,0.0,0.0,0.0,0.0,0.0,0.0,0.27
Thomas_s_Dwarf_Lemur,,NE,0.0,0.0,0.0,0.0,0.0,0.0,0.0,
Yellow_handed_Titi,20.0,LC,1.0,0.0,0.0,0.0,1.0,0.0,0.0,1.5
White_chested_Titi,14.2,LC,1.0,0.0,0.0,0.0,0.0,0.0,0.0,1.37
Medem_s_Titi,,VU,1.0,0.0,0.0,0.0,0.0,0.0,0.0,1.18
Rio_Purus_Titi,45.0,LC,1.0,0.0,0.0,0.0,0.0,0.0,0.0,1.5
Rio_Juruá_Collared_Titi,,,,,,,,,,
White_collared_Titi,20.0,LC,1.0,0.0,0.0,0.0,0.0,0.0,0.0,1.25
White_nosed_Bearded_Saki,210.0,EN,1.0,0.0,0.0,0.0,0.0,0.0,0.0,2.82
Rio_Negro_Beared_Saki,142.0,LC,1.0,0.0,0.0,0.0,0.0,0.0,0.0,2.74
 Brown_backed_Bearded_Saki,,Unrated,,,,,,,,
Guianan_Beared_Saki,507.0,NE,1.0,1.0,0.0,0.0,0.0,0.0,0.0,3.0
Black_Bearded_Saki,58.0,CR,1.0,0.0,0.0,0.0,0.0,0.0,0.0,3.03
Uta_Hick_s_Bearded_Saki,100.0,EN,1.0,0.0,0.0,0.0,0.0,0.0,0.0,3.0
Grivet_Monkey,54.30400000000001,LC,0.0,1.0,1.0,0.0,0.0,0.0,0.0,4.65
Malbrouck_Monkey,,LC,1.0,1.0,0.0,0.0,0.0,0.0,0.0,3.98
Bale_Monkey,15.2,VU,1.0,0.0,0.0,0.0,0.0,0.0,0.0,3.98
Vervet_Monkey,25.0,LC,1.0,1.0,1.0,0.0,0.0,0.0,0.0,3.63
Green_Monkey,160.5,LC,1.0,1.0,0.0,0.0,0.0,0.0,0.0,4.3
Tantalus_Monkey,66.5,LC,1.0,1.0,0.0,0.0,0.0,0.0,0.0,4.65
Angolan_Colobus,371.0,LC,1.0,0.0,0.0,0.0,0.0,0.0,0.0,8.6
Guereza,15.45,LC,1.0,0.0,0.0,0.0,0.0,0.0,0.0,8.89
King_Colobus,40.5,VU,1.0,0.0,0.0,0.0,0.0,0.0,0.0,9.1
Black_Colobus,573.0,VU,1.0,0.0,0.0,0.0,0.0,0.0,0.0,8.91
White_thighed_Colobus,48.0,VU,1.0,1.0,0.0,0.0,0.0,0.0,0.0,7.68
Aye_aye,102.95,EN,1.0,0.0,1.0,0.0,0.0,0.0,0.0,2.56
Patas_Monkey,2851.0,LC,1.0,1.0,1.0,1.0,0.0,0.0,0.0,9.45
Heuglin's_Patas_Monkey,,Unrated,,,,,,,,
White_fronted_Brown_Lemur,13.1,EN,1.0,0.0,0.0,0.0,0.0,0.0,0.0,2.18
White_collared_Brown_Lemur,56.65,CR,1.0,0.0,0.0,0.0,0.0,0.0,0.0,2.16
Red_collared_Brown_Lemur,58.65,EN,1.0,0.0,0.0,0.0,0.0,0.0,0.0,2.14
Crowned_Lemur,7.53,EN,1.0,0.0,0.0,0.0,0.0,0.0,0.0,1.65
Blue_eyed_Black_Lemur,5.28,CR,1.0,0.0,0.0,0.0,0.0,0.0,0.0,1.82
Brown_Lemur,16.2,NT,1.0,0.0,0.0,0.0,0.0,0.0,0.0,2.05
Black_Lemur,19.1,VU,1.0,0.0,0.0,0.0,0.0,0.0,0.0,2.063333333333333
Mongoose_Lemur,2.85,CR,1.0,0.0,0.0,0.0,0.0,0.0,0.0,1.48
Red_bellied_Lemur,19.0,VU,1.0,0.0,0.0,0.0,0.0,0.0,0.0,2.015
Red_fronted_Brown_Lemur,22.06,NT,1.0,0.0,0.0,0.0,0.0,0.0,0.0,2.21
Rufous_Brown_Lemur,97.5,VU,1.0,0.0,0.0,0.0,0.0,0.0,0.0,2.01
Sanford_s_Brown_Lemur,14.0,EN,1.0,0.0,0.0,0.0,0.0,0.0,0.0,1.85
Southern_Needle_clawed_Galago,6.7,LC,1.0,0.0,0.0,0.0,0.0,0.0,0.0,0.27
Northern_Needle_clawed_Galago,2.5,LC,1.0,0.0,0.0,0.0,0.0,0.0,0.0,0.253
Somali_Lesser_Galago,2.0,LC,0.0,1.0,0.0,0.0,0.0,0.0,0.0,0.2
Spectacled_Lesser_Galago,,LC,1.0,0.0,0.0,0.0,0.0,0.0,0.0,0.21
Southern_Lesser_Galago,2.8,LC,0.0,1.0,0.0,0.0,0.0,0.0,0.0,0.2
Northern_Lesser_Galago,6.5,LC,1.0,1.0,0.0,0.0,0.0,0.0,0.0,0.25
Kenya_Coast_Dwarf_Galago,1.95,LC,1.0,0.0,0.0,0.0,0.0,0.0,0.0,0.14
Demidoff_s_Dwarf_Galago,1.6,LC,1.0,0.0,0.0,0.0,0.0,0.0,0.0,0.06
Angolan_Dwarf_Galago,,Unrated,,,,,,,,
Mozambique_Dwarf_Galago,2.5,LC,1.0,0.0,0.0,0.0,0.0,0.0,0.0,0.134
Mountain_Dwarf_Galago,,NT,1.0,0.0,0.0,0.0,0.0,0.0,0.0,0.09
Rondo_Dwarf_Galago,,CR,1.0,0.0,0.0,0.0,0.0,0.0,0.0,0.675
Thomas_s_Dwarf_Galago,1.6,LC,1.0,0.0,0.0,0.0,0.0,0.0,0.0,0.12
Tanzania_Coast_Dwarf_Galago,2.2,LC,1.0,0.0,0.0,0.0,0.0,0.0,0.0,0.14
Eastern_Gorilla,3060.0,CR,1.0,0.0,0.0,0.0,0.0,0.0,0.0,130.0
Western_Gorilla,1100.0,CR,1.0,0.0,0.0,0.0,0.0,0.0,0.0,122.5
Lac_Alaotra_Bamboo_Lemur,2.0,CR,0.0,0.0,0.0,0.0,1.0,0.0,0.0,1.24
Golden_Bamboo_Lemur,26.0,CR,1.0,0.0,0.0,0.0,1.0,0.0,0.0,1.45
Gray_Bamboo_Lemur,20.0,VU,1.0,0.0,0.0,0.0,0.0,0.0,0.0,0.8233333333333333
Southern_Bamboo_Lemur,13.27,VU,1.0,0.0,0.0,0.0,0.0,0.0,0.0,1.07
Northern_Bamboo_Lemur,26.0,VU,1.0,0.0,0.0,0.0,0.0,0.0,0.0,1.013
Western_Hoolock_Gibbon,22.5,EN,1.0,0.0,0.0,0.0,0.0,0.0,0.0,6.88
Eastern_Hoolock_Gibbon,93.0,VU,1.0,0.0,0.0,0.0,0.0,0.0,0.0,7.2
Skywalker_Hoolock_Gibbon,,Unrated,,,,,,,,
Abbott_s_Gray_Gibbon,,EN,1.0,0.0,0.0,0.0,0.0,0.0,0.0,5.95
Agile_Gibbon,29.0,EN,1.0,0.0,0.0,0.0,0.0,0.0,0.0,6.0
Bornean_White_bearded_Gibbon,53.0,EN,1.0,0.0,0.0,0.0,0.0,0.0,0.0,5.95
East_Bornean_Gray_Gibbon,38.0,EN,1.0,0.0,0.0,0.0,0.0,0.0,0.0,5.5
Kloss_s_Gibbon,33.3,EN,1.0,0.0,0.0,0.0,0.0,0.0,0.0,5.8
Lar_Gibbon,55.0,EN,1.0,0.0,0.0,0.0,0.0,0.0,0.0,5.64
Moloch_Gibbon,17.0,EN,1.0,0.0,0.0,0.0,0.0,0.0,0.0,6.42
Müller_s_Gibbon,44.0,,,,,,,,,
Pileated_Gibbon,36.0,EN,1.0,0.0,0.0,0.0,0.0,0.0,0.0,5.47
Indri,18.0,CR,1.0,0.0,0.0,0.0,0.0,0.0,0.0,6.34
Gray_Woolly_Monkey,1021.0,EN,1.0,1.0,0.0,0.0,0.0,0.0,0.0,8.31
Peruvian_Yellow_tailed_Woolly_Monkey,114.5,CR,1.0,0.0,0.0,0.0,0.0,0.0,0.0,7.25
Humboldt_s_Woolly_Monkey,440.0,VU,1.0,1.0,0.0,0.0,0.0,0.0,0.0,7.15
Poeppig_s_Woolly_Monkey,116.0,VU,1.0,0.0,0.0,0.0,0.0,0.0,0.0,7.25
Colombian_Woolly_Monkey,,CR,0.0,0.0,0.0,0.0,0.0,0.0,0.0,6.87
Ring_tailed_Lemur,25.5,EN,1.0,0.0,1.0,0.0,0.0,0.0,0.0,2.21
Cruz_Limas_Saddle_back_Tamarin,,,,,,,,,,
Spix_s_Saddle_back_Tamarin,145.0,LC,1.0,0.0,0.0,0.0,1.0,0.0,0.0,0.33
Lesson_s_Saddle_back_Tamarin,,LC,1.0,0.0,0.0,0.0,0.0,0.0,0.0,0.37
Illiger_s_Saddle_back_Tamarin,16.1,LC,1.0,0.0,0.0,0.0,0.0,0.0,0.0,0.29
Red_mantled_Saddle_back_Tamarin,,LC,1.0,0.0,0.0,0.0,0.0,0.0,0.0,0.37
Andean_Saddle_back_Tamarin,,LC,1.0,0.0,0.0,0.0,0.0,0.0,0.0,0.37
Black_mantled_tamarin,49.0,LC,1.0,0.0,0.0,0.0,1.0,0.0,0.0,0.48
Geoffroy_s_Saddle_back_Tamarin,40.0,LC,1.0,0.0,0.0,0.0,0.0,0.0,0.0,0.36
Golden_mantled_Saddle_back_Tamarin,18.5,NT,1.0,0.0,0.0,0.0,1.0,0.0,0.0,0.4
Weddells_Saddle_back_Tamarin,30.0,,,,,,,,,
Black_faced_Lion_Tamarin,345.0,CR,1.0,0.0,0.0,0.0,0.0,0.0,0.0,0.58
Golden_headed_Lion_Tamarin,125.1,EN,1.0,0.0,0.0,0.0,0.0,0.0,0.0,0.58
Black_Lion_Tamarin,138.0,EN,1.0,0.0,0.0,0.0,0.0,0.0,0.0,0.615
Golden_Lion_Tamarin,147.0,EN,1.0,0.0,0.0,0.0,0.0,0.0,0.0,0.64
Antafia_Sportive_Lemur,,VU,1.0,0.0,0.0,0.0,0.0,0.0,0.0,0.89
Tsiombikibo_Sportive_Lemur,,EN,1.0,0.0,0.0,0.0,0.0,0.0,0.0,0.61
Ankarana_Sportive_Lemur,1.0,EN,1.0,0.0,0.0,0.0,0.0,0.0,0.0,0.77
Betsileo_Sportive_Lemur,,EN,1.0,0.0,0.0,0.0,0.0,0.0,0.0,1.15
Gray_s_Sportive_Lemur,,VU,1.0,0.0,0.0,0.0,0.0,0.0,0.0,0.87
Milne_Edwards_s_Sportive_Lemur,1.09,EN,1.0,0.0,0.0,0.0,0.0,0.0,0.0,0.93
Andohahela_Sportive_Lemur,5.16,CR,1.0,0.0,0.0,0.0,0.0,0.0,0.0,0.89
Anjiamangirana_Sportive_Lemur,,EN,1.0,0.0,0.0,0.0,0.0,0.0,0.0,0.78
Mananara_Nord_Sportive_Lemur,,EN,1.0,0.0,0.0,0.0,0.0,0.0,0.0,1.0
Zombitse_Sportive_Lemur,,EN,1.0,0.0,0.0,0.0,0.0,0.0,0.0,0.99
Manombo_Sportive_Lemur,,CR,1.0,0.0,0.0,0.0,0.0,0.0,0.0,0.78
White_footed_Sportive_Lemur,0.5,EN,1.0,0.0,0.0,0.0,0.0,0.0,0.0,0.61
Small_toothed_Sportive_Lemur,0.5,EN,1.0,0.0,0.0,0.0,0.0,0.0,0.0,0.97
Daraina_Sportive_Lemur,,EN,1.0,0.0,0.0,0.0,0.0,0.0,0.0,0.72
Mittermeier_s_Sportive_Lemur,3.6,EN,1.0,0.0,0.0,0.0,0.0,0.0,0.0,0.86
Weasel_Sportive_Lemur,0.3,NT,1.0,0.0,0.0,0.0,0.0,0.0,0.0,1.0
Ambodimahabibo_Sportive_Lemur,,EN,1.0,0.0,0.0,0.0,0.0,0.0,0.0,0.938
Petter_s_Sportive_Lemur,0.3,VU,1.0,0.0,0.0,0.0,0.0,0.0,0.0,0.62
Bemaraha_Sportive_Lemur,,EN,1.0,0.0,0.0,0.0,0.0,0.0,0.0,0.79
Red_tailed_Sportive_Lemur,0.8,VU,1.0,0.0,0.0,0.0,0.0,0.0,0.0,0.75
Sahamalaza_Sportive_Lemur,0.84,CR,1.0,0.0,0.0,0.0,0.0,0.0,0.0,0.69
Masoala_Sportive_Lemur,,EN,1.0,0.0,0.0,0.0,0.0,0.0,0.0,0.88
Seal_s_Sportive_Lemur,,VU,1.0,0.0,0.0,0.0,0.0,0.0,0.0,0.95
Sahafary_Sportive_Lemur,1.0,CR,1.0,0.0,0.0,0.0,0.0,0.0,0.0,0.675
Nosy_Be_Sportive_Lemur,,CR,1.0,0.0,0.0,0.0,0.0,0.0,0.0,0.88
Wright_s_Sportive_Lemur,,EN,1.0,0.0,0.0,0.0,0.0,0.0,0.0,1.82
Gray_cheeked_Mangabey,167.0,LC,1.0,0.0,0.0,0.0,0.0,0.0,0.0,6.95
Northern_Black_Crested_Mangabey,59.0,NT,1.0,0.0,0.0,0.0,0.0,0.0,0.0,6.8
Johnston_s_Mangabey,,LC,1.0,0.0,0.0,0.0,0.0,0.0,0.0,6.58
Southern_Back_Crested_Mangabey,,DD,1.0,0.0,0.0,0.0,1.0,0.0,0.0,6.8
Rusty_mantled_Mangabey,,LC,1.0,0.0,0.0,0.0,0.0,0.0,0.0,6.58
Ugandan_Crested_Mangabey,155.0,NE,1.0,0.0,0.0,0.0,0.0,0.0,0.0,6.5
Gray_Slender_Loris,27.2,LC,1.0,0.0,0.0,0.0,0.0,0.0,0.0,0.27
Red_Slender_Loris,5.0,EN,1.0,0.0,0.0,0.0,0.0,0.0,0.0,0.19
Stump_tailed_Macaque,461.5,VU,1.0,0.0,0.0,0.0,0.0,0.0,0.0,10.3
Assamese_Macaque,433.5,NT,1.0,0.0,0.0,0.0,0.0,0.0,0.0,9.0
Taiwanese_Macaque,120.0,LC,1.0,0.0,0.0,0.0,0.0,0.0,0.0,5.47
Long_tailed_Macaque,157.0,LC,1.0,0.0,0.0,0.0,1.0,0.0,0.0,4.03
Japanese_Macaque,23.95,LC,1.0,0.0,0.0,0.0,0.0,0.0,0.0,9.5
Heck_s_Macaque,100.0,VU,1.0,0.0,0.0,0.0,0.0,0.0,0.0,9.0
Northern_Pig_tailed_Macaque,215.0,VU,1.0,0.0,0.0,0.0,0.0,0.0,0.0,6.7
White_cheeked_Macaque,,NE,0.0,0.0,0.0,0.0,0.0,0.0,0.0,
Moor_Macaque,20.0,EN,1.0,0.0,0.0,1.0,0.0,0.0,0.0,7.88
Rhesus_Macaque,47.75,LC,1.0,1.0,1.0,0.0,0.0,0.0,0.0,5.96
Arunachal_Macaque,26.0,EN,1.0,0.0,0.0,0.0,0.0,0.0,0.0,15.0
Sunda_Pig_tailed_Macaque,314.3,VU,1.0,0.0,0.0,0.0,0.0,0.0,0.0,8.89
Crested_Macaque,216.0,CR,1.0,0.0,0.0,0.0,0.0,0.0,0.0,7.68
Gorontalo_Macaque,,VU,1.0,0.0,0.0,0.0,0.0,0.0,0.0,5.65
Booted_Macaque,57.0,VU,1.0,0.0,0.0,0.0,0.0,0.0,0.0,3.95
Pagai_Macaque,,CR,1.0,0.0,0.0,0.0,0.0,0.0,0.0,6.38
Bonnet_Macaque,26.0,LC,1.0,1.0,1.0,0.0,0.0,0.0,0.0,5.14
Siberut_Macaque,125.0,VU,1.0,0.0,0.0,0.0,0.0,0.0,0.0,6.38
Lion_tailed_Macaque,125.0,EN,1.0,0.0,0.0,0.0,0.0,0.0,0.0,7.5
Toque_Macaque,66.0,EN,1.0,0.0,0.0,0.0,0.0,0.0,0.0,4.48
Barbary_Macaque,725.0,EN,1.0,0.0,1.0,0.0,0.0,1.0,0.0,13.5
Tibetan_Macaque,1106.0,NT,1.0,0.0,0.0,0.0,0.0,0.0,0.0,15.55
Tonkean_Macaque,104.75,VU,1.0,0.0,0.0,0.0,0.0,0.0,0.0,11.95
Drill,2750.0,EN,1.0,1.0,0.0,0.0,0.0,1.0,0.0,15.0
Mandrill,4000.0,VU,1.0,0.0,0.0,0.0,0.0,0.0,0.0,23.6
Rio_Acarí_Marmoset,,,,,,,,,,
Silvery_Marmoset,10.5,LC,1.0,1.0,0.0,0.0,0.0,0.0,0.0,0.35
Golden_white_Tassel_ear_Marmoset,,LC,1.0,0.0,0.0,0.0,0.0,0.0,0.0,0.295
Snethlage_s_Marmoset,,LC,1.0,1.0,0.0,0.0,0.0,0.0,0.0,0.32
Santarém_Marmoset,13.8,,,,,,,,,
Rio_Aripuanã_Marmoset,25.17,,,,,,,,,
Golden_white_Bare_ear_Marmoset,,VU,1.0,0.0,0.0,0.0,0.0,0.0,0.0,0.5
Marca_s_Marmoset,,DD,1.0,0.0,0.0,0.0,0.0,0.0,0.0,0.55
Maués_Marmoset,,,,,,,,,,
Black_tailed_Marmoset,429.5,LC,1.0,1.0,0.0,0.0,0.0,0.0,0.0,0.22
Black_headed_Marmoset,,DD,1.0,0.0,0.0,0.0,0.0,0.0,0.0,0.38
Rondon_s_Marmoset,,VU,1.0,0.0,0.0,0.0,0.0,0.0,0.0,0.33
Sateré_Marmoset,,,,,,,,,,
Montagne_d_Ambre_Mouse_Lemur,,EN,1.0,0.0,0.0,0.0,0.0,0.0,0.0,0.05
Madame_Berthe_s_Mouse_Lemur,3.7,EN,1.0,0.0,0.0,0.0,0.0,0.0,0.0,0.03
Bongolava_Mouse_Lemur,,EN,1.0,0.0,0.0,0.0,0.0,0.0,0.0,0.054000000000000006
 Nosy_Boraha_Mouse_Lemur,,Unrated,,,,,,,,
Ambarijeby_Mouse_Lemur,,EN,1.0,0.0,0.0,0.0,0.0,0.0,0.0,0.06
Ganzhorn's_Mouse_Lemur,,Unrated,,,,,,,,
Gerp_s_Mouse_Lemur,,CR,1.0,0.0,0.0,0.0,0.0,0.0,0.0,0.07
Gray_brown_Mouse_Lemur,0.3,LC,1.0,0.0,1.0,0.0,0.0,0.0,0.0,0.05
Jolly_s_Mouse_Lemur,,EN,1.0,0.0,0.0,0.0,0.0,0.0,0.0,0.06
Goodman_s_Mouse_Lemur,0.35,VU,1.0,0.0,0.0,0.0,0.0,0.0,0.0,0.045
Anjiahely_Mouse_Lemur,,EN,1.0,0.0,0.0,0.0,0.0,0.0,0.0,0.05
Nosy_Be_Mouse_Lemur,,CR,1.0,0.0,0.0,0.0,0.0,0.0,0.0,0.06
Bemanasy_Mouse_Lemur,,Unrated,,,,,,,,
Margot_Marsh_s_Mouse_Lemur,,EN,1.0,0.0,0.0,0.0,0.0,0.0,0.0,0.05
Marohita_Mouse_Lemur,,CR,1.0,0.0,0.0,0.0,0.0,0.0,0.0,0.06
Mittermeier_s_Mouse_Lemur,,EN,1.0,0.0,0.0,0.0,0.0,0.0,0.0,0.04
Gray_Mouse_Lemur,1.75,LC,1.0,0.0,1.0,0.0,0.0,0.0,0.0,0.06
Peters_s_Mouse_Lemur,,VU,1.0,0.0,0.0,0.0,0.0,0.0,0.0,0.03
Golden_brown_Mouse_Lemur,0.57,EN,1.0,0.0,0.0,0.0,0.0,0.0,0.0,0.05
Rufous_Mouse_Lemur,1.0,VU,1.0,0.0,0.0,0.0,0.0,0.0,0.0,0.04
Sambirano_Mouse_Lemur,1.2,EN,1.0,0.0,0.0,0.0,0.0,0.0,0.0,0.04
Simmons_s_Mouse_Lemur,,EN,1.0,0.0,0.0,0.0,0.0,0.0,0.0,0.0765
Anosi_Mouse_lemur,,NE,0.0,0.0,0.0,0.0,0.0,0.0,0.0,0.05
Tavaratra_Mouse_Lemur,,VU,1.0,0.0,0.0,0.0,0.0,0.0,0.0,0.06
Northern_Talapoin_Monkey,300.0,LC,1.0,0.0,0.0,0.0,0.0,0.0,0.0,1.25
Southern_Talapoin_Monkey,311.0,LC,1.0,0.0,0.0,0.0,1.0,0.0,0.0,1.25
Coquerel_s_Giant_Mouse_Lemur,2.5,EN,1.0,0.0,0.0,0.0,0.0,0.0,0.0,0.31
Northern_Giant_Mouse_Lemur,1.66,EN,1.0,0.0,0.0,0.0,0.0,0.0,0.0,0.29
Proboscis_Monkey,900.0,EN,1.0,0.0,0.0,0.0,0.0,0.0,0.0,15.75
Northern_Yellow_cheeked_Crested_Gibbon,50.0,NE,1.0,0.0,0.0,0.0,0.0,0.0,0.0,7.0
Western_Black_Crested_Gibbon,87.0,CR,1.0,0.0,0.0,0.0,0.0,0.0,0.0,7.69
Southern_Yellow_cheeked_Crested_Gibbon,51.86,EN,1.0,0.0,0.0,0.0,0.0,0.0,0.0,5.2
Hainan_Crested_Gibbon,781.0,CR,1.0,0.0,0.0,0.0,0.0,0.0,0.0,6.59
Northern_White_cheeked_Crested_Gibbon,87.5,CR,1.0,0.0,0.0,0.0,0.0,0.0,0.0,6.5
Eastern_Black_Crested_Gibbon,130.3,CR,1.0,0.0,0.0,0.0,0.0,0.0,0.0,
Southern_White_cheeked_Crested_Gibbon,36.42,EN,1.0,0.0,0.0,0.0,0.0,0.0,0.0,7.25
Bangka_Slow_Loris,,NE,1.0,0.0,0.0,0.0,0.0,0.0,0.0,
Bengal_Slow_Loris,15.6,VU,1.0,0.0,0.0,0.0,0.0,0.0,0.0,1.26
Bornean_Slow_Loris,,NE,1.0,0.0,0.0,0.0,0.0,0.0,0.0,0.47
Sunda_Slow_Loris,6.3,VU,1.0,0.0,0.0,0.0,0.0,0.0,0.0,0.65
Javan_Slow_Loris,7.5,CR,1.0,0.0,0.0,0.0,0.0,0.0,0.0,0.66
Kayan_River_Slow_Loris,,NE,0.0,0.0,0.0,0.0,0.0,0.0,0.0,0.6
Philippine_Slow_Loris,4.76,VU,1.0,0.0,0.0,0.0,0.0,0.0,0.0,0.285
Pygmy_Slow_Loris,17.0,VU,1.0,0.0,0.0,0.0,0.0,0.0,0.0,0.42
Thick_tailed_Greater_Galago,8.5,LC,1.0,1.0,1.0,0.0,0.0,0.0,0.0,1.15
Garnett_s_Greater_Galago,14.17,LC,1.0,0.0,0.0,0.0,0.0,0.0,0.0,0.76
Bonobo,4000.0,EN,1.0,0.0,0.0,0.0,0.0,0.0,0.0,39.1
Chimpanzee,1846.7,EN,1.0,1.0,0.0,0.0,0.0,0.0,0.0,53.7
Olive_Baboon,1968.0,LC,1.0,1.0,1.0,1.0,0.0,0.0,0.0,16.65
Yellow_Baboon,900.0,LC,1.0,1.0,0.0,0.0,0.0,0.0,0.0,17.05
Hamadryas_Baboon,2800.0,LC,0.0,0.0,1.0,1.0,0.0,1.0,0.0,13.4
Kinda_Baboon,,LC,1.0,1.0,1.0,0.0,0.0,0.0,0.0,13.0
Guinea_Baboon,3250.0,NT,1.0,1.0,0.0,1.0,0.0,0.0,0.0,17.5
Chacma_Baboon,500.0,LC,1.0,1.0,1.0,1.0,0.0,1.0,1.0,22.3
Milne_Edwards_s_Potto,23.2,LC,1.0,0.0,0.0,0.0,1.0,0.0,0.0,1.19
East_African_Potto,,LC,1.0,0.0,0.0,0.0,1.0,0.0,0.0,0.861
West_African_Potto,7.5,LC,1.0,0.0,0.0,0.0,0.0,0.0,0.0,0.83
Montagne_D__Ambre_Fork_marked_Lemur,,EN,1.0,0.0,0.0,0.0,0.0,0.0,0.0,0.39
Masoala_Fork_marked_Lemur,1.0,VU,1.0,0.0,0.0,0.0,0.0,0.0,0.0,0.34
Pale_Fork_marked_Lemur,6.5,EN,1.0,0.0,0.0,0.0,0.0,0.0,0.0,0.34
Sambirano_Fork_marked_Lemur,,EN,1.0,0.0,0.0,0.0,0.0,0.0,0.0,0.36
Upper_Guinea_Red_Colobus,58.0,EN,1.0,0.0,0.0,0.0,0.0,0.0,0.0,8.25
Bouvier_s_Red_Colobus,,CR,1.0,0.0,0.0,0.0,1.0,0.0,0.0,
Niger_Delta_Red_Colobus,73.0,CR,1.0,0.0,0.0,0.0,0.0,0.0,0.0,
Foa_s_Red_Colobus,,NE,1.0,0.0,0.0,0.0,0.0,0.0,0.0,9.5
Udzungwa_Red_Colobus,17.53,EN,1.0,0.0,0.0,0.0,1.0,0.0,0.0,7.05
Zanzibar_Red_Colobus,19.0,EN,1.0,0.0,1.0,0.0,1.0,0.0,0.0,6.9
Lang_s_Red_Colobus,,NE,1.0,0.0,0.0,0.0,0.0,0.0,0.0,6.59
,,,,,,,,,,
Oustalet_s_Red_Colobus,,LC,1.0,1.0,0.0,0.0,1.0,0.0,0.0,10.35
Lomami_Red_Colobus,,NE,1.0,0.0,0.0,0.0,0.0,0.0,0.0,8.3
Pennant_s_Red_Colobus,73.0,EN,1.0,0.0,0.0,0.0,0.0,0.0,0.0,7.4
Preuss_s_Red_Colobus,100.0,CR,1.0,0.0,0.0,0.0,0.0,0.0,0.0,8.3
Tana_River_Red_Colobus,14.25,EN,1.0,0.0,0.0,0.0,0.0,0.0,0.0,9.0
Semliki_Red_Colobus,,NE,1.0,0.0,0.0,0.0,0.0,0.0,0.0,
Temminick_s_Red_Colobus,22.5,EN,1.0,1.0,1.0,0.0,1.0,0.0,0.0,5.85
Ashy_Red_Colobus,308.5,EN,1.0,0.0,0.0,0.0,0.0,0.0,0.0,8.75
Tshuapa_Red_Colobus,,NT,1.0,0.0,0.0,0.0,1.0,0.0,0.0,
Miss_Waldron_s_Red_Colobus,120.0,CR,1.0,0.0,0.0,0.0,0.0,0.0,0.0,5.9
Equatorial_Saki,,LC,1.0,0.0,0.0,0.0,0.0,0.0,0.0,2.25
Buffy_Saki,172.4,LC,1.0,0.0,0.0,0.0,0.0,0.0,0.0,3.0
Cazuza_s_Saki,,NE,0.0,0.0,0.0,0.0,0.0,0.0,0.0,
Golden_faced_Saki,103.0,LC,0.0,0.0,0.0,0.0,0.0,0.0,0.0,1.9
Hairy_Saki,24.9,NE,0.0,0.0,0.0,0.0,0.0,0.0,0.0,
Burnished_Saki,,NE,0.0,0.0,0.0,0.0,0.0,0.0,0.0,
Gray_s_Bald_faced_Saki,35.9,LC,1.0,0.0,0.0,0.0,1.0,0.0,0.0,2.16
Isabel_s_Saki,,NE,0.0,0.0,0.0,0.0,0.0,0.0,0.0,
Miller_s_Saki,,DD,0.0,0.0,0.0,0.0,0.0,0.0,0.0,
Mittermeier_s_Tapajós_Saki,,,,,,,,,,
Monk_Saki,25.85,LC,1.0,0.0,0.0,0.0,1.0,0.0,0.0,2.36
Napo_Saki,,NE,0.0,0.0,0.0,0.0,0.0,0.0,0.0,
Pissinatti_s_Bald_faced_Saki,,NE,0.0,0.0,0.0,0.0,0.0,0.0,0.0,
White_faced_saki,12.5,LC,1.0,0.0,0.0,0.0,1.0,0.0,0.0,1.76
Rylands__Bald_faced_Saki,35.9,NE,0.0,0.0,0.0,0.0,0.0,0.0,0.0,
Vanzolinis_Bald_faced_Saki,,,,,,,,,,
Madidi_Titi,21.0,LC,1.0,0.0,0.0,0.0,0.0,0.0,0.0,0.95
Lake_Baptista_Titi,,LC,1.0,0.0,0.0,0.0,0.0,0.0,0.0,1.16
Prince_Bernhard_s_Titi,,LC,1.0,0.0,0.0,0.0,0.0,0.0,0.0,0.95
Brown_Titi,3.9,LC,1.0,0.0,0.0,0.0,0.0,0.0,0.0,0.83
Chestnut_bellied_Titi,,LC,1.0,0.0,0.0,0.0,0.0,0.0,0.0,1.0
Caquetá_Titi,,,,,,,,,,
Ashy_Titi,,LC,1.0,0.0,0.0,0.0,0.0,0.0,0.0,0.74
Coppery_Titi,25.0,LC,1.0,0.0,0.0,0.0,0.0,0.0,0.0,1.07
Red_crowned_Titi,3.3,LC,1.0,0.0,0.0,0.0,1.0,0.0,0.0,1.01
White_eared_Titi,100.0,LC,1.0,1.0,0.0,0.0,1.0,0.0,0.0,0.95
Hoffmann_s_Titi,,LC,1.0,0.0,0.0,0.0,1.0,0.0,0.0,1.06
Milton´s_titi_monkey,,,,,,,,,,
Rio_Beni_Titi,,EN,1.0,0.0,1.0,0.0,1.0,0.0,0.0,0.8
Red_bellied_Titi,4.2,LC,1.0,0.0,0.0,0.0,0.0,0.0,0.0,0.99
San_Martín_Titi,2.3,,,,,,,,,
Olalla_s_Titi,10.0,EN,1.0,1.0,1.0,0.0,1.0,0.0,0.0,0.8
Ornate_Titi,15.93,VU,1.0,0.0,0.0,0.0,0.0,0.0,0.0,1.17
Pale_Titi,20.0,LC,1.0,0.0,1.0,0.0,1.0,0.0,0.0,0.8
Stephen_Nash_s_Titi,,DD,1.0,0.0,0.0,0.0,0.0,0.0,0.0,0.67
Toppins_Titi,4.7,,,,,,,,,
Urubamba_Brown_Titi,,NE,0.0,0.0,0.0,0.0,0.0,0.0,0.0,
Vieira_s_Titi,,NE,1.0,0.0,0.0,0.0,1.0,0.0,0.0,0.96
Sumatran_Orangutan,277.0,CR,1.0,0.0,0.0,0.0,0.0,0.0,0.0,56.75
Bornean_Orangutan,409.5,CR,1.0,0.0,0.0,0.0,0.0,0.0,0.0,57.15
Tapanuli_Orangutan,,CR,,,,,,,,
Black_and_white_Langur,,DD,1.0,0.0,0.0,0.0,0.0,0.0,0.0,6.43
Miller_s_Langur,,EN,1.0,0.0,0.0,0.0,0.0,0.0,0.0,6.125
Cross_marked_Langur,,CR,1.0,0.0,0.0,0.0,0.0,0.0,0.0,7.05
Javan_Langur,26.0,EN,1.0,0.0,0.0,0.0,0.0,0.0,0.0,6.7
Banded_Langur,24.85,NT,1.0,0.0,0.0,1.0,1.0,0.0,0.0,6.22
White_fronted_Langur,200.0,VU,1.0,0.0,0.0,0.0,0.0,0.0,0.0,5.61
Hose_s_Langur,40.0,VU,1.0,0.0,0.0,0.0,0.0,0.0,0.0,5.9
Black_crested_Sumatran_Langur,22.0,EN,1.0,0.0,1.0,0.0,0.0,0.0,0.0,6.53
Mitered_Langur,21.75,EN,1.0,0.0,1.0,0.0,0.0,0.0,0.0,5.8
Natuna_Islands_Langur,,VU,1.0,0.0,0.0,0.0,0.0,0.0,0.0,7.05
Mentawai_Langur,25.25,EN,1.0,0.0,0.0,0.0,0.0,0.0,0.0,6.27
Maroon_Langur,66.0,LC,1.0,0.0,0.0,0.0,0.0,0.0,0.0,6.13
Sabah_Grizzled_Langur,90.9,EN,1.0,0.0,0.0,0.0,0.0,0.0,0.0,5.9
Pale_thighed_Langur,24.0,NT,1.0,0.0,0.0,0.0,0.0,0.0,0.0,7.65
Siberut_Langur,16.75,EN,1.0,0.0,0.0,0.0,1.0,0.0,0.0,6.45
Black_Sumatran_Langur,,EN,1.0,0.0,0.0,0.0,0.0,0.0,0.0,6.42
Thomas_s_Langur,27.43,VU,1.0,0.0,0.0,0.0,0.0,0.0,0.0,6.73
Olive_Colobus,31.0,NT,1.0,0.0,0.0,0.0,0.0,0.0,0.0,4.45
Greater_Bamboo_Lemur,40.37,CR,1.0,0.0,0.0,0.0,0.0,0.0,0.0,2.24
Silky_Sifaka,38.85,CR,1.0,0.0,0.0,0.0,0.0,0.0,0.0,6.1
Coquerel_s_Sifaka,7.625,EN,1.0,0.0,0.0,0.0,0.0,0.0,0.0,3.73
Crowned_Sifaka,1.35,EN,1.0,0.0,0.0,0.0,0.0,0.0,0.0,3.9
Decken_s_Sifaka,,EN,1.0,0.0,0.0,0.0,0.0,0.0,0.0,2.78
Diademed_Sifaka,37.5,CR,1.0,0.0,0.0,0.0,0.0,0.0,0.0,6.13
Milne_Edwards_s_Sifaka,145.0,EN,1.0,0.0,0.0,0.0,0.0,0.0,0.0,5.74
Perrier_s_Sifaka,30.0,CR,1.0,0.0,0.0,0.0,0.0,0.0,0.0,4.33
Tattersall_s_Sifaka,10.5,CR,1.0,0.0,0.0,0.0,0.0,0.0,0.0,3.5
Verreaux_s_Sifaka,7.0,EN,1.0,0.0,1.0,0.0,0.0,0.0,0.0,2.91
Grey_shanked_Douc,984.0,CR,1.0,0.0,0.0,0.0,0.0,0.0,0.0,9.98
Red_shanked_Douc,36.0,EN,1.0,0.0,0.0,0.0,0.0,0.0,0.0,9.72
Black_shanked_Douc,30.0,EN,1.0,0.0,0.0,0.0,0.0,0.0,0.0,9.88
Tonkin_Snub_nosed_Monkey,470.0,CR,1.0,0.0,0.0,0.0,0.0,0.0,0.0,11.25
Yunnan_Snub_nosed_Monkey,2525.0,EN,1.0,0.0,0.0,0.0,0.0,0.0,0.0,12.48
Guizhou_Snub_nosed_Monkey,3450.0,EN,1.0,0.0,0.0,0.0,0.0,0.0,0.0,11.25
Golden_Snub_nosed_Monkey,1830.0,EN,1.0,0.0,0.0,0.0,0.0,0.0,0.0,14.75
Stryker_s_Snub_nosed_Monkey,2290.0,CR,1.0,0.0,0.0,0.0,0.0,0.0,0.0,11.25
Kipunji,306.2,CR,1.0,0.0,0.0,0.0,0.0,0.0,0.0,10.0
Pied_Tamarin,12.0,EN,1.0,0.0,0.0,0.0,0.0,0.0,0.0,0.43
Geoffroy_s_Tamarin,34.5,LC,1.0,0.0,0.0,0.0,0.0,0.0,0.0,0.49
Emperor_Tamarin,30.0,LC,1.0,0.0,0.0,0.0,0.0,0.0,0.0,0.47
Mottled_face_Tamarin,35.0,LC,1.0,0.0,0.0,0.0,0.0,0.0,0.0,0.69
Red_bellied_Tamarin,30.0,LC,1.0,0.0,0.0,0.0,0.0,0.0,0.0,0.51
White_footed_Tamarin,9.22,EN,1.0,0.0,0.0,0.0,0.0,0.0,0.0,0.49
Martin_s_Bare_faced_Tamarin,12.0,LC,1.0,0.0,0.0,0.0,0.0,0.0,0.0,0.5
Midas_Tamarin,36.5,LC,1.0,1.0,0.0,0.0,0.0,0.0,0.0,0.56
Mustached_Tamarin,40.0,LC,1.0,0.0,0.0,0.0,0.0,0.0,0.0,0.53
Western_Black_handed_Tamarin,32.5,VU,1.0,0.0,0.0,0.0,0.0,0.0,0.0,0.43
Cotton_top_Tamarin,13.9,CR,1.0,0.0,0.0,0.0,0.0,0.0,0.0,0.41
Eastern_Black_handed_Tamarin,,NE,0.0,0.0,0.0,0.0,0.0,0.0,0.0,
Black_capped_Squirrel_Monkey,375.0,LC,1.0,0.0,0.0,0.0,0.0,0.0,0.0,0.88
Humboldt_s_Squirrel_Monkey,170.0,LC,1.0,1.0,1.0,0.0,1.0,0.0,0.0,0.88
Collins'_Squirrel_Monkey,,Unrated,,,,,,,,
Ecuadorian_Squirrel_Monkey,,LC,1.0,0.0,0.0,0.0,0.0,0.0,0.0,0.99
Central_American_Squirrel_Monkey,176.0,VU,1.0,0.0,0.0,0.0,0.0,0.0,0.0,0.79
Guianan_Squirrel_Monkey,87.0,LC,1.0,0.0,0.0,0.0,0.0,0.0,0.0,0.82
Golden_backed_Squirrel_Monkey,50.0,NT,1.0,0.0,0.0,0.0,0.0,0.0,0.0,0.86
Black_headed_Squirrel_Monkey,80.0,VU,1.0,0.0,0.0,0.0,0.0,0.0,0.0,0.8
Guianan_Brown_Capuchin,355.0,LC,1.0,1.0,0.0,0.0,0.0,0.0,0.0,3.01
Hooded_Capuchin,,LC,1.0,1.0,0.0,0.0,0.0,0.0,0.0,3.25
Blond_Capuchin,51.0,CR,1.0,0.0,0.0,0.0,0.0,0.0,0.0,2.55
Bearded_Capuchin,300.0,LC,1.0,1.0,0.0,0.0,0.0,0.0,0.0,2.54
Large_headed_Capuchin,65.0,LC,1.0,0.0,0.0,0.0,0.0,0.0,0.0,3.05
Black_horned_Capuchin,161.0,NT,1.0,0.0,0.0,0.0,0.0,0.0,0.0,3.7
Crested_Capuchin,110.5,EN,1.0,0.0,0.0,0.0,0.0,0.0,0.0,3.05
Yellow_breasted_Capuchin,969.0,CR,1.0,0.0,0.0,0.0,0.0,0.0,0.0,2.875
Bioko_Squirrel_Galago,2.35,EN,1.0,0.0,0.0,0.0,0.0,0.0,0.0,0.27
Cross_River_Squirrel_Galago,3.2,LC,1.0,0.0,0.0,0.0,0.0,0.0,0.0,0.27
Gabon_Squirrel_Galago,30.0,LC,1.0,0.0,0.0,0.0,0.0,0.0,0.0,0.26
Makandé_squirrel_galago,,,,,,,,,,
Chamba_Sacred_Langur,305.0,EN,1.0,0.0,0.0,0.0,0.0,0.0,0.0,20.15
Bengal_Sacred_Langur,82.5,LC,1.0,1.0,1.0,0.0,0.0,0.0,0.0,11.44
Terai_Sacred_Langur,,NT,1.0,0.0,0.0,0.0,0.0,0.0,0.0,15.3
Malabar_Sacred_Langur,12328.0,VU,1.0,0.0,0.0,0.0,0.0,0.0,0.0,13.1
Nilgiri_Langur,4.83,VU,1.0,0.0,0.0,0.0,0.0,0.0,0.0,11.6
Tufted_Gray_Langur,80.0,NT,1.0,0.0,1.0,0.0,0.0,0.0,0.0,
Nepal_Sacred_Langur,6987.0,LC,1.0,0.0,1.0,0.0,0.0,1.0,0.0,17.0
Purple_faced_Langur,5.375,EN,1.0,0.0,0.0,0.0,0.0,1.0,0.0,7.03
Pig_tailed_Langur,7.1,CR,1.0,0.0,0.0,0.0,0.0,0.0,0.0,7.97
Siamang,17.3,EN,1.0,0.0,0.0,0.0,0.0,0.0,0.0,11.3
Dian_s_Tarsier,1.39,VU,1.0,0.0,0.0,0.0,0.0,0.0,0.0,0.11199999999999999
Makassar_Tarsier,,NE,1.0,0.0,0.0,0.0,0.0,0.0,0.0,0.12
Lariang_Tarsier,,DD,1.0,0.0,0.0,0.0,0.0,0.0,0.0,0.11
Peleng_Tarsier,1.0,EN,1.0,0.0,0.0,0.0,0.0,0.0,0.0,0.16
Sulawesi_Mountain_Tarsier,1.2,DD,1.0,0.0,0.0,0.0,0.0,0.0,0.0,0.051
Great_Sangihe_Tarsier,,EN,1.0,0.0,0.0,0.0,1.0,0.0,0.0,0.14300000000000002
Gursky's_Spectral_Tarsier ,,Unrated,,,,,,,,
Jatna's_Tarsier,,Unrated,,,,,,,,
Selayar_Tarsier,1.0,VU,1.0,0.0,0.0,0.0,0.0,0.0,0.0,0.122
Siau_Island_Tarsier,,CR,1.0,0.0,0.0,0.0,0.0,0.0,0.0,0.1
Wallace_s_Tarsier,,DD,1.0,0.0,0.0,0.0,1.0,0.0,0.0,0.107
Gelada,203.43,LC,0.0,0.0,0.0,1.0,0.0,1.0,0.0,15.35
East_Javan_Langur,19.0,VU,1.0,0.0,0.0,0.0,0.0,0.0,0.0,
Tenasserim_Langur,,DD,1.0,0.0,0.0,0.0,0.0,0.0,0.0,6.4
Indochinese_Gray_Langur,83.55,EN,1.0,0.0,0.0,0.0,0.0,0.0,0.0,6.65
Silvered_Langur,43.0,NT,1.0,0.0,0.0,0.0,0.0,0.0,0.0,6.25
Delacour_s_Langur,36.0,CR,1.0,0.0,0.0,0.0,0.0,0.0,0.0,7.75
Black_Langur,,EN,1.0,0.0,0.0,0.0,0.0,1.0,0.0,10.3
Francois_s_Langur,64.5,EN,1.0,0.0,0.0,0.0,0.0,0.0,0.0,7.52
Golden_Langur,375.0,EN,1.0,0.0,0.0,0.0,0.0,0.0,0.0,10.15
Germain_s_Langur,17.0,EN,1.0,0.0,0.0,0.0,0.0,0.0,0.0,8.83
Hatinh_Langur,225.0,EN,1.0,0.0,0.0,0.0,0.0,1.0,0.0,7.275
Laos_Langur,,VU,1.0,0.0,0.0,0.0,0.0,1.0,0.0,7.0
White_headed_Langur,29.1,CR,1.0,0.0,1.0,0.0,0.0,0.0,0.0,8.285
Annamese_Langur,221.0,EN,1.0,0.0,0.0,0.0,0.0,0.0,0.0,
West_Javan_Langur,5.25,VU,1.0,0.0,0.0,0.0,1.0,0.0,0.0,
Dusky_Langur,30.5,NT,1.0,0.0,0.0,0.0,0.0,0.0,0.0,6.99
Phayre_s_Langur,82.37,EN,1.0,1.0,0.0,0.0,0.0,0.0,0.0,7.44
Capped_Langur,18.0,VU,1.0,0.0,0.0,0.0,0.0,0.0,0.0,10.93
Cat_Ba_Langur,30.0,CR,1.0,0.0,1.0,0.0,0.0,0.0,0.0,8.05
Selangor_Silvery_Langur,31.5,NE,1.0,0.0,0.0,0.0,0.0,0.0,0.0,
Shortridge_s_Langur,,EN,1.0,0.0,0.0,0.0,0.0,0.0,0.0,
Red_Ruffed_Lemur,24.55,CR,1.0,0.0,0.0,0.0,0.0,0.0,0.0,3.51
Black_and_white_Ruffed_Lemur,116.67,CR,1.0,0.0,0.0,0.0,0.0,0.0,0.0,3.58
