CommonName,Locomotion,HomeRange_ha,Status,Habitat_Forest,Habitat_Savanna,Habitat_Shrubland,Habitat_Grassland,Habitat_Wetlands,Habitat_Rocky areas,Habitat_Desert,Average_Weight
Allen_s_Swamp_Monkey,BOTH,,LC,1.0,0.0,0.0,0.0,1.0,0.0,0.0,5.300000000000002
Hairy_eared_Dwarf_Lemur,AR,25.75,VU,1.0,0.0,0.0,0.0,0.0,0.0,0.0,0.08
L_Hoest_s_Monkey,T,116.6,VU,1.0,0.0,1.0,0.0,1.0,0.0,0.0,5.0
Preuss_s_Monkey,T,,EN,1.0,0.0,0.0,0.0,0.0,0.0,0.0,3.8
Sun_tailed_Monkey,BOTH,,VU,1.0,0.0,0.0,0.0,0.0,0.0,0.0,5.4
Ursine_Red_Howler,AR,7.52,LC,1.0,1.0,0.0,0.0,0.0,0.0,0.0,6.37
Red_handed_Howler,AR,7.125,VU,1.0,0.0,0.0,0.0,0.0,0.0,0.0,6.4
Paraguayan_Howler,AR,1.95,LC,1.0,1.0,0.0,0.0,0.0,0.0,0.0,5.38
Spix_s_Howler,AR,69.0,VU,1.0,0.0,0.0,0.0,0.0,0.0,0.0,6.37
Brown_Howler,AR,26.0,LC,1.0,0.0,0.0,0.0,0.0,0.0,0.0,5.54
Guianan_Red_Howler,AR,45.0,LC,1.0,1.0,0.0,0.0,0.0,0.0,0.0,6.37
Amazon_Black_Howler,AR,25.0,LC,1.0,1.0,0.0,0.0,0.0,0.0,0.0,6.45
Mantled_Howler,AR,40.45,LC,1.0,0.0,0.0,0.0,0.0,0.0,0.0,6.12
Central_American_Black_Howler,AR,16.86,EN,1.0,0.0,0.0,0.0,0.0,0.0,0.0,6.56
Bolivian_Red_Howler,AR,,LC,1.0,1.0,0.0,0.0,0.0,0.0,0.0,6.5
Colombian_Red_Howler,AR,22.0,LC,1.0,1.0,0.0,0.0,0.0,0.0,0.0,5.92
Maranhão_Red_handed_Howler,AR,,,,,,,,,,
Azara_s_Night_Monkey,AR,7.0,LC,1.0,1.0,0.0,0.0,0.0,0.0,0.0,1.21
Brumback_s_Night_Monkey,AR,17.5,VU,1.0,1.0,0.0,0.0,0.0,0.0,0.0,0.67
Gray_legged_Night_Monkey,AR,,VU,1.0,0.0,0.0,0.0,0.0,0.0,0.0,0.51
Hernández_Camacho_s_Night_Monkey,AR,,,,,,,,,,
Lemurine_Night_Monkey,AR,4.35,VU,1.0,0.0,0.0,0.0,0.0,0.0,0.0,0.89
Andean_Night_Monkey,AR,1.23,VU,1.0,0.0,0.0,0.0,0.0,0.0,0.0,0.8
Ma_s_Night_Monkey,AR,9.2,VU,1.0,0.0,0.0,0.0,0.0,0.0,0.0,0.79
Black_headed_Night_Monkey,AR,10.5,LC,1.0,0.0,0.0,0.0,0.0,0.0,0.0,0.96
Humboldt_s_Night_Monkey,AR,4.0,LC,1.0,0.0,0.0,0.0,0.0,0.0,0.0,0.77
Spix_s_Night_Monkey,AR,6.3,LC,1.0,0.0,0.0,0.0,0.0,0.0,0.0,0.7
Panamanian_Night_Monkey,AR,8.0,DD,1.0,0.0,0.0,0.0,0.0,0.0,0.0,0.9
Golden_Angwantibo,AR,,LC,1.0,0.0,0.0,0.0,0.0,0.0,0.0,0.21
Calabar_Angwantibo,AR,10.0,LC,1.0,0.0,0.0,0.0,0.0,0.0,0.0,0.31
White_bellied_Spider_Monkey,AR,269.9166666666667,EN,1.0,0.0,0.0,0.0,0.0,0.0,0.0,8.07
Black_Spider_Monkey,AR,192.0,EN,1.0,0.0,0.0,0.0,0.0,0.0,0.0,9.37
Brown_headed_Spider_Monkey,AR,,CR,1.0,0.0,0.0,0.0,0.0,0.0,0.0,9.03
Central_American_Spider_Monkey,AR,388.09714285714284,EN,1.0,0.0,0.0,0.0,0.0,0.0,0.0,7.54
Variegated_Spider_Monkey,AR,40.0,CR,1.0,0.0,0.0,0.0,0.0,0.0,0.0,8.6
White_whiskered_Spider_Monkey,AR,,EN,1.0,0.0,0.0,0.0,0.0,0.0,0.0,8.1
Red_faced_Black_Spider_Monkey,AR,255.0,VU,1.0,0.0,0.0,0.0,0.0,0.0,0.0,8.28
Betsileo_Woolly_Lemur,AR,,EN,1.0,0.0,0.0,0.0,0.0,0.0,0.0,0.92
Bemaraha_Woolly_Lemur,AR,2.0,EN,1.0,0.0,0.0,0.0,0.0,0.0,0.0,1.03
Eastern_Woolly_Lemur,AR,1.5,VU,1.0,0.0,0.0,0.0,0.0,0.0,0.0,1.17
Southern_Woolly_Lemur,AR,5.72,EN,1.0,0.0,0.0,0.0,0.0,0.0,0.0,1.15
Masoala_Woolly_Lemur,AR,,EN,1.0,0.0,0.0,0.0,0.0,0.0,0.0,0.92
Western_Woolly_Lemur,AR,0.95,EN,1.0,0.0,0.0,0.0,0.0,0.0,0.0,0.8
Peyrieras_s_Woolly_Lemur,AR,1.0,VU,1.0,0.0,0.0,0.0,0.0,0.0,0.0,1.08
Manombo_Woolly_Lemur,AR,,VU,1.0,0.0,0.0,0.0,0.0,0.0,0.0,0.96
Sambirano_Woolly_Lemur,AR,,EN,1.0,0.0,0.0,0.0,0.0,0.0,0.0,0.85
Southern_Muriqui,AR,340.0,EN,1.0,0.0,0.0,0.0,0.0,0.0,0.0,8.84
Northern_Muriqui,AR,309.0,CR,1.0,0.0,0.0,0.0,0.0,0.0,0.0,9.0
Ayres_Black_Uakari,,,VU,,,,,,,,
Bald_Uacari,AR,493.0,VU,1.0,0.0,0.0,0.0,0.0,0.0,0.0,3.17
Black_headed_Uacari,AR,,VU,1.0,0.0,0.0,0.0,0.0,0.0,0.0,2.94
Spix_s_Black_headed_Uacari,AR,500.0,VU,1.0,0.0,1.0,0.0,0.0,0.0,0.0,2.35
Black_crowned_Dwarf_Marmoset,AR,,LC,1.0,0.0,0.0,0.0,0.0,0.0,0.0,0.12
Blond_Titi,AR,50.0,CR,0.0,1.0,1.0,0.0,0.0,0.0,0.0,1.15
Coimbra_Filho_s_Titi,AR,10.0,EN,1.0,1.0,0.0,0.0,0.0,0.0,0.0,
Southern_Bahian_Titi,AR,22.0,VU,1.0,0.0,0.0,0.0,0.0,0.0,0.0,1.37
Black_fronted_Titi,AR,34.5,NT,1.0,0.0,0.0,0.0,0.0,0.0,0.0,
Masked_Titi,AR,11.5,VU,1.0,0.0,0.0,0.0,0.0,0.0,0.0,1.32
Goeldi_s_Monkey*,AR,150.0,VU,1.0,0.0,0.0,0.0,0.0,0.0,0.0,0.48
Buffy_tufted_ear_Marmoset,AR,11.0,VU,1.0,0.0,0.0,0.0,0.0,0.0,0.0,0.44
Buffy_headed_Marmoset,AR,35.5,EN,1.0,0.0,0.0,0.0,0.0,0.0,0.0,0.43
Geoffroy_s_Tufted_ear_Marmoset,AR,23.3,LC,1.0,1.0,0.0,0.0,0.0,0.0,0.0,0.24
Common_Marmoset,AR,2.2,LC,1.0,1.0,0.0,0.0,0.0,0.0,0.0,0.32
Wied_s_Black_tufted_ear_Marmoset,AR,38.9,NT,1.0,0.0,0.0,0.0,0.0,0.0,0.0,0.38
Black_tufted_ear_Marmoset,AR,12.8,LC,1.0,1.0,0.0,0.0,0.0,0.0,0.0,0.33
Philippine_Tarsier,AR,4.4030000000000005,NT,1.0,0.0,0.0,0.0,0.0,0.0,0.0,0.13
Eastern_Pygmy_Marmoset,,,LC,,,,,,,,
Pygmy_Marmoset,AR,0.34,LC,1.0,0.0,0.0,0.0,0.0,0.0,0.0,0.12
Ecuadorian_White_fronted_Capuchin,AR,288.0,CR,1.0,0.0,1.0,0.0,0.0,0.0,0.0,2.19
Humboldt_s_White_fronted_Capuchin,BOTH,115.0,LC,1.0,0.0,0.0,0.0,1.0,0.0,0.0,2.74
Venezuelan_Brown_Capuchin,AR,84.0,LC,1.0,0.0,0.0,0.0,0.0,0.0,0.0,
Colombian_White_faced_Capuchin,AR,59.0,LC,1.0,0.0,0.0,0.0,1.0,0.0,0.0,3.11
Río_Cesar_White_fronted_Capuchin,AR,,,,,,,,,,
Shock_headed_Capuchin,AR,150.0,NT,1.0,0.0,0.0,0.0,1.0,0.0,0.0,2.85
Panamanian_White_faced_Capuchin,AR,134.4,LC,1.0,0.0,0.0,0.0,0.0,0.0,0.0,3.22
Ka_apor_Capuchin,AR,62.4,CR,1.0,0.0,0.0,0.0,0.0,0.0,0.0,2.7
Sierra_de_Perijá_White_fronted_Capuchin,AR,,,,,,,,,,
Santa_Marta_White_fronted_Capuchin,AR,,EN,1.0,0.0,0.0,0.0,0.0,0.0,0.0,
Guianan_Weeper_Capuchin,AR,257.0,LC,1.0,0.0,0.0,0.0,0.0,0.0,0.0,2.88
Spix_s_White_fronted_Capuchin,AR,,LC,1.0,0.0,0.0,0.0,1.0,0.0,0.0,2.74
Varied_White_fronted_Capuchin,AR,,EN,1.0,0.0,0.0,0.0,1.0,0.0,0.0,2.74
Marañón_White_fronted_Capuchin,AR,,,,,,,,,,
Western_Tarsier,AR,1.5,VU,1.0,0.0,0.0,0.0,0.0,0.0,0.0,0.12
Agile_Mangabey,BOTH,303.0,LC,1.0,0.0,0.0,0.0,0.0,0.0,0.0,7.58
Sooty_Mangabey,T,500.0,NT,1.0,1.0,0.0,0.0,0.0,0.0,0.0,8.6
Golden_bellied_Mangabey,T,,DD,1.0,0.0,0.0,0.0,0.0,0.0,0.0,9.5
Tana_River_Mangabey,BOTH,59.7,EN,1.0,0.0,0.0,0.0,0.0,0.0,0.0,7.44
White_naped_Mangabey,T,200.0,EN,1.0,0.0,0.0,0.0,0.0,0.0,0.0,7.28
Sanje_River_Mangabey,BOTH,240.0,EN,1.0,0.0,0.0,0.0,0.0,0.0,0.0,8.05
Red_capped_Mangabey,BOTH,247.4,VU,1.0,0.0,0.0,0.0,0.0,0.0,0.0,7.5
Syke_s_Monkey,AR,14.25,LC,1.0,0.0,0.0,0.0,0.0,0.0,0.0,5.28
Red_tailed_Monkey,AR,22.5,LC,1.0,0.0,0.0,0.0,0.0,0.0,0.0,3.24
Campbell_s_Monkey,AR,72.375,LC,1.0,1.0,0.0,0.0,0.0,0.0,0.0,3.6
Moustached_Monkey,AR,44.5,LC,1.0,0.0,0.0,0.0,0.0,0.0,0.0,3.48
Dent_s_Monkey,AR,,LC,1.0,0.0,0.0,0.0,0.0,0.0,0.0,3.54
Diana_Monkey,AR,63.0,VU,1.0,0.0,0.0,0.0,0.0,0.0,0.0,4.5
Silver_Monkey,AR,28.4,LC,1.0,0.0,0.0,0.0,0.0,0.0,0.0,
Dryas_Monkey,BOTH,4.9,CR,1.0,0.0,0.0,0.0,0.0,0.0,0.0,2.65
Red_bellied_Monkey,AR,,VU,1.0,0.0,0.0,0.0,0.0,0.0,0.0,3.5
Red_eared_Monkey,AR,31.5,VU,1.0,0.0,0.0,0.0,0.0,0.0,0.0,3.4
Owl_faced_Monkey,BOTH,,VU,1.0,0.0,0.0,0.0,0.0,0.0,0.0,4.43
Virungas_Golden_Monkey,AR,67.0,EN,1.0,0.0,0.0,0.0,0.0,0.0,0.0,6.2
Lesula,BOTH,,NE,1.0,0.0,0.0,0.0,0.0,0.0,0.0,5.0
Lowe_s_Monkey,AR,14.5,LC,1.0,1.0,0.0,0.0,0.0,0.0,0.0,3.9
Blue_Monkey,AR,175.0,LC,1.0,0.0,0.0,0.0,0.0,0.0,0.0,4.89
Mona_Monkey,AR,3.0,LC,1.0,0.0,0.0,0.0,0.0,0.0,0.0,4.05
De_Brazza_s_Monkey,BOTH,7.0,LC,1.0,0.0,0.0,0.0,1.0,0.0,0.0,5.74
Putty_nosed_Monkey,AR,80.25,LC,1.0,0.0,0.0,0.0,1.0,0.0,0.0,5.46
Spot_nosed_Monkey,AR,89.375,LC,1.0,0.0,1.0,0.0,0.0,0.0,0.0,3.65
Crowned_Monkey,AR,100.0,VU,1.0,1.0,0.0,0.0,0.0,0.0,0.0,3.58
Roloway_Monkey,AR,189.0,EN,1.0,0.0,0.0,0.0,0.0,0.0,0.0,4.55
Sclater_s_Monkey,AR,25.0,VU,1.0,0.0,1.0,0.0,0.0,0.0,0.0,3.25
Wolf_s_Monkey,AR,,LC,1.0,1.0,0.0,0.0,1.0,0.0,0.0,3.34
Montagne_d_Ambre_Dwarf_Lemur,,,NE,0.0,0.0,0.0,0.0,0.0,0.0,0.0,
Crossley_s_Dwarf_Lemur,AR,,DD,1.0,0.0,0.0,0.0,0.0,0.0,0.0,0.29
Lavasoa_Dwarf_lemur,,,NE,0.0,0.0,0.0,0.0,0.0,0.0,0.0,
Greater_Dwarf_Lemur,AR,4.0,DD,1.0,0.0,0.0,0.0,0.0,0.0,0.0,0.51
Fat_tailed_Dwarf_Lemur,AR,1.56,LC,1.0,0.0,0.0,0.0,0.0,0.0,0.0,0.17666666666666667
Lesser_Iron_gray_Dwarf_Lemur,AR,,DD,1.0,0.0,0.0,0.0,0.0,0.0,0.0,0.3
 Sheth's_Dwarf_Lemur,,,Unrated,,,,,,,,
Sibree_s_Dwarf_Lemur,AR,6.4,CR,1.0,0.0,0.0,0.0,0.0,0.0,0.0,0.27
Thomas_s_Dwarf_Lemur,,,NE,0.0,0.0,0.0,0.0,0.0,0.0,0.0,
Yellow_handed_Titi,AR,20.0,LC,1.0,0.0,0.0,0.0,1.0,0.0,0.0,1.5
White_chested_Titi,AR,14.2,LC,1.0,0.0,0.0,0.0,0.0,0.0,0.0,1.37
Medem_s_Titi,AR,,VU,1.0,0.0,0.0,0.0,0.0,0.0,0.0,1.18
Rio_Purus_Titi,AR,45.0,LC,1.0,0.0,0.0,0.0,0.0,0.0,0.0,1.5
Rio_Juruá_Collared_Titi,AR,,,,,,,,,,
White_collared_Titi,AR,20.0,LC,1.0,0.0,0.0,0.0,0.0,0.0,0.0,1.25
White_nosed_Bearded_Saki,AR,210.0,EN,1.0,0.0,0.0,0.0,0.0,0.0,0.0,2.82
Rio_Negro_Beared_Saki,AR,142.0,LC,1.0,0.0,0.0,0.0,0.0,0.0,0.0,2.74
 Brown_backed_Bearded_Saki,,,Unrated,,,,,,,,
Guianan_Beared_Saki,AR,507.0,NE,1.0,1.0,0.0,0.0,0.0,0.0,0.0,3.0
Black_Bearded_Saki,AR,58.0,CR,1.0,0.0,0.0,0.0,0.0,0.0,0.0,3.03
Uta_Hick_s_Bearded_Saki,AR,100.0,EN,1.0,0.0,0.0,0.0,0.0,0.0,0.0,3.0
Grivet_Monkey,T,54.30400000000001,LC,0.0,1.0,1.0,0.0,0.0,0.0,0.0,4.65
Malbrouck_Monkey,T,,LC,1.0,1.0,0.0,0.0,0.0,0.0,0.0,3.98
Bale_Monkey,BOTH,15.2,VU,1.0,0.0,0.0,0.0,0.0,0.0,0.0,3.98
Vervet_Monkey,T,25.0,LC,1.0,1.0,1.0,0.0,0.0,0.0,0.0,3.63
Green_Monkey,T,160.5,LC,1.0,1.0,0.0,0.0,0.0,0.0,0.0,4.3
Tantalus_Monkey,T,66.5,LC,1.0,1.0,0.0,0.0,0.0,0.0,0.0,4.65
Angolan_Colobus,AR,371.0,LC,1.0,0.0,0.0,0.0,0.0,0.0,0.0,8.6
Guereza,AR,15.45,LC,1.0,0.0,0.0,0.0,0.0,0.0,0.0,8.89
King_Colobus,AR,40.5,VU,1.0,0.0,0.0,0.0,0.0,0.0,0.0,9.1
Black_Colobus,AR,573.0,VU,1.0,0.0,0.0,0.0,0.0,0.0,0.0,8.91
White_thighed_Colobus,AR,48.0,VU,1.0,1.0,0.0,0.0,0.0,0.0,0.0,7.68
Aye_aye,AR,102.95,EN,1.0,0.0,1.0,0.0,0.0,0.0,0.0,2.56
Patas_Monkey,T,2851.0,LC,1.0,1.0,1.0,1.0,0.0,0.0,0.0,9.45
Heuglin's_Patas_Monkey,,,Unrated,,,,,,,,
White_fronted_Brown_Lemur,AR,13.1,EN,1.0,0.0,0.0,0.0,0.0,0.0,0.0,2.18
White_collared_Brown_Lemur,AR,56.65,CR,1.0,0.0,0.0,0.0,0.0,0.0,0.0,2.16
Red_collared_Brown_Lemur,AR,58.65,EN,1.0,0.0,0.0,0.0,0.0,0.0,0.0,2.14
Crowned_Lemur,AR,7.53,EN,1.0,0.0,0.0,0.0,0.0,0.0,0.0,1.65
Blue_eyed_Black_Lemur,AR,5.28,CR,1.0,0.0,0.0,0.0,0.0,0.0,0.0,1.82
Brown_Lemur,AR,16.2,NT,1.0,0.0,0.0,0.0,0.0,0.0,0.0,2.05
Black_Lemur,AR,19.1,VU,1.0,0.0,0.0,0.0,0.0,0.0,0.0,2.063333333333333
Mongoose_Lemur,AR,2.85,CR,1.0,0.0,0.0,0.0,0.0,0.0,0.0,1.48
Red_bellied_Lemur,AR,19.0,VU,1.0,0.0,0.0,0.0,0.0,0.0,0.0,2.015
Red_fronted_Brown_Lemur,AR,22.06,NT,1.0,0.0,0.0,0.0,0.0,0.0,0.0,2.21
Rufous_Brown_Lemur,AR,97.5,VU,1.0,0.0,0.0,0.0,0.0,0.0,0.0,2.01
Sanford_s_Brown_Lemur,AR,14.0,EN,1.0,0.0,0.0,0.0,0.0,0.0,0.0,1.85
Southern_Needle_clawed_Galago,AR,6.7,LC,1.0,0.0,0.0,0.0,0.0,0.0,0.0,0.27
Northern_Needle_clawed_Galago,AR,2.5,LC,1.0,0.0,0.0,0.0,0.0,0.0,0.0,0.253
Somali_Lesser_Galago,AR,2.0,LC,0.0,1.0,0.0,0.0,0.0,0.0,0.0,0.2
Spectacled_Lesser_Galago,AR,,LC,1.0,0.0,0.0,0.0,0.0,0.0,0.0,0.21
Southern_Lesser_Galago,AR,2.8,LC,0.0,1.0,0.0,0.0,0.0,0.0,0.0,0.2
Northern_Lesser_Galago,AR,6.5,LC,1.0,1.0,0.0,0.0,0.0,0.0,0.0,0.25
Kenya_Coast_Dwarf_Galago,AR,1.95,LC,1.0,0.0,0.0,0.0,0.0,0.0,0.0,0.14
Demidoff_s_Dwarf_Galago,AR,1.6,LC,1.0,0.0,0.0,0.0,0.0,0.0,0.0,0.06
Angolan_Dwarf_Galago,,,Unrated,,,,,,,,
Mozambique_Dwarf_Galago,AR,2.5,LC,1.0,0.0,0.0,0.0,0.0,0.0,0.0,0.134
Mountain_Dwarf_Galago,AR,,NT,1.0,0.0,0.0,0.0,0.0,0.0,0.0,0.09
Rondo_Dwarf_Galago,AR,,CR,1.0,0.0,0.0,0.0,0.0,0.0,0.0,0.675
Thomas_s_Dwarf_Galago,AR,1.6,LC,1.0,0.0,0.0,0.0,0.0,0.0,0.0,0.12
Tanzania_Coast_Dwarf_Galago,AR,2.2,LC,1.0,0.0,0.0,0.0,0.0,0.0,0.0,0.14
Eastern_Gorilla,BOTH,3060.0,CR,1.0,0.0,0.0,0.0,0.0,0.0,0.0,130.0
Western_Gorilla,BOTH,1100.0,CR,1.0,0.0,0.0,0.0,0.0,0.0,0.0,122.5
Lac_Alaotra_Bamboo_Lemur,AR,2.0,CR,0.0,0.0,0.0,0.0,1.0,0.0,0.0,1.24
Golden_Bamboo_Lemur,AR,26.0,CR,1.0,0.0,0.0,0.0,1.0,0.0,0.0,1.45
Gray_Bamboo_Lemur,AR,20.0,VU,1.0,0.0,0.0,0.0,0.0,0.0,0.0,0.8233333333333333
Southern_Bamboo_Lemur,AR,13.27,VU,1.0,0.0,0.0,0.0,0.0,0.0,0.0,1.07
Northern_Bamboo_Lemur,AR,26.0,VU,1.0,0.0,0.0,0.0,0.0,0.0,0.0,1.013
Western_Hoolock_Gibbon,AR,22.5,EN,1.0,0.0,0.0,0.0,0.0,0.0,0.0,6.88
Eastern_Hoolock_Gibbon,AR,93.0,VU,1.0,0.0,0.0,0.0,0.0,0.0,0.0,7.2
Skywalker_Hoolock_Gibbon,,,Unrated,,,,,,,,
Abbott_s_Gray_Gibbon,AR,,EN,1.0,0.0,0.0,0.0,0.0,0.0,0.0,5.95
Agile_Gibbon,AR,29.0,EN,1.0,0.0,0.0,0.0,0.0,0.0,0.0,6.0
Bornean_White_bearded_Gibbon,AR,53.0,EN,1.0,0.0,0.0,0.0,0.0,0.0,0.0,5.95
East_Bornean_Gray_Gibbon,AR,38.0,EN,1.0,0.0,0.0,0.0,0.0,0.0,0.0,5.5
Kloss_s_Gibbon,AR,33.3,EN,1.0,0.0,0.0,0.0,0.0,0.0,0.0,5.8
Lar_Gibbon,AR,55.0,EN,1.0,0.0,0.0,0.0,0.0,0.0,0.0,5.64
Moloch_Gibbon,AR,17.0,EN,1.0,0.0,0.0,0.0,0.0,0.0,0.0,6.42
Müller_s_Gibbon,AR,,,,,,,,,,
Pileated_Gibbon,AR,36.0,EN,1.0,0.0,0.0,0.0,0.0,0.0,0.0,5.47
Indri,AR,18.0,CR,1.0,0.0,0.0,0.0,0.0,0.0,0.0,6.34
Gray_Woolly_Monkey,AR,1021.0,EN,1.0,1.0,0.0,0.0,0.0,0.0,0.0,8.31
Peruvian_Yellow_tailed_Woolly_Monkey,AR,114.5,CR,1.0,0.0,0.0,0.0,0.0,0.0,0.0,7.25
Humboldt_s_Woolly_Monkey,AR,440.0,VU,1.0,1.0,0.0,0.0,0.0,0.0,0.0,7.15
Colombian_Woolly_Monkey,AR,,CR,0.0,0.0,0.0,0.0,0.0,0.0,0.0,6.87
Poeppig_s_Woolly_Monkey,AR,116.0,VU,1.0,0.0,0.0,0.0,0.0,0.0,0.0,7.25
Ring_tailed_Lemur,BOTH,25.5,EN,1.0,0.0,1.0,0.0,0.0,0.0,0.0,2.21
Cruz_Limas_Saddle_back_Tamarin,AR,,,,,,,,,,
Spix_s_Saddle_back_Tamarin,AR,145.0,LC,1.0,0.0,0.0,0.0,1.0,0.0,0.0,0.33
Lesson_s_Saddle_back_Tamarin,AR,,LC,1.0,0.0,0.0,0.0,0.0,0.0,0.0,0.37
Illiger_s_Saddle_back_Tamarin,AR,16.1,LC,1.0,0.0,0.0,0.0,0.0,0.0,0.0,0.29
Red_mantled_Saddle_back_Tamarin,AR,,LC,1.0,0.0,0.0,0.0,0.0,0.0,0.0,0.37
Andean_Saddle_back_Tamarin,AR,,LC,1.0,0.0,0.0,0.0,0.0,0.0,0.0,0.37
Black_mantled_tamarin,AR,49.0,LC,1.0,0.0,0.0,0.0,1.0,0.0,0.0,0.48
Geoffroy_s_Saddle_back_Tamarin,AR,40.0,LC,1.0,0.0,0.0,0.0,0.0,0.0,0.0,0.36
Golden_mantled_Saddle_back_Tamarin,AR,18.5,NT,1.0,0.0,0.0,0.0,1.0,0.0,0.0,0.4
Weddells_Saddle_back_Tamarin,AR,,,,,,,,,,
Black_faced_Lion_Tamarin,AR,345.0,CR,1.0,0.0,0.0,0.0,0.0,0.0,0.0,0.58
Golden_headed_Lion_Tamarin,AR,125.1,EN,1.0,0.0,0.0,0.0,0.0,0.0,0.0,0.58
Black_Lion_Tamarin,AR,138.0,EN,1.0,0.0,0.0,0.0,0.0,0.0,0.0,0.615
Golden_Lion_Tamarin,AR,147.0,EN,1.0,0.0,0.0,0.0,0.0,0.0,0.0,0.64
Antafia_Sportive_Lemur,AR,,VU,1.0,0.0,0.0,0.0,0.0,0.0,0.0,0.89
Tsiombikibo_Sportive_Lemur,AR,,EN,1.0,0.0,0.0,0.0,0.0,0.0,0.0,0.61
Ankarana_Sportive_Lemur,AR,1.0,EN,1.0,0.0,0.0,0.0,0.0,0.0,0.0,0.77
Betsileo_Sportive_Lemur,AR,,EN,1.0,0.0,0.0,0.0,0.0,0.0,0.0,1.15
Gray_s_Sportive_Lemur,AR,,VU,1.0,0.0,0.0,0.0,0.0,0.0,0.0,0.87
Milne_Edwards_s_Sportive_Lemur,AR,1.09,EN,1.0,0.0,0.0,0.0,0.0,0.0,0.0,0.93
Andohahela_Sportive_Lemur,AR,5.16,CR,1.0,0.0,0.0,0.0,0.0,0.0,0.0,0.89
Anjiamangirana_Sportive_Lemur,AR,,EN,1.0,0.0,0.0,0.0,0.0,0.0,0.0,0.78
Mananara_Nord_Sportive_Lemur,AR,,EN,1.0,0.0,0.0,0.0,0.0,0.0,0.0,1.0
Zombitse_Sportive_Lemur,AR,,EN,1.0,0.0,0.0,0.0,0.0,0.0,0.0,0.99
Manombo_Sportive_Lemur,AR,,CR,1.0,0.0,0.0,0.0,0.0,0.0,0.0,0.78
White_footed_Sportive_Lemur,AR,0.5,EN,1.0,0.0,0.0,0.0,0.0,0.0,0.0,0.61
Small_toothed_Sportive_Lemur,AR,0.5,EN,1.0,0.0,0.0,0.0,0.0,0.0,0.0,0.97
Daraina_Sportive_Lemur,AR,,EN,1.0,0.0,0.0,0.0,0.0,0.0,0.0,0.72
Mittermeier_s_Sportive_Lemur,AR,3.6,EN,1.0,0.0,0.0,0.0,0.0,0.0,0.0,0.86
Weasel_Sportive_Lemur,AR,0.3,NT,1.0,0.0,0.0,0.0,0.0,0.0,0.0,1.0
Ambodimahabibo_Sportive_Lemur,AR,,EN,1.0,0.0,0.0,0.0,0.0,0.0,0.0,0.938
Petter_s_Sportive_Lemur,AR,0.3,VU,1.0,0.0,0.0,0.0,0.0,0.0,0.0,0.62
Bemaraha_Sportive_Lemur,AR,,EN,1.0,0.0,0.0,0.0,0.0,0.0,0.0,0.79
Red_tailed_Sportive_Lemur,AR,0.8,VU,1.0,0.0,0.0,0.0,0.0,0.0,0.0,0.75
Sahamalaza_Sportive_Lemur,AR,0.84,CR,1.0,0.0,0.0,0.0,0.0,0.0,0.0,0.69
Masoala_Sportive_Lemur,AR,,EN,1.0,0.0,0.0,0.0,0.0,0.0,0.0,0.88
Seal_s_Sportive_Lemur,AR,,VU,1.0,0.0,0.0,0.0,0.0,0.0,0.0,0.95
Sahafary_Sportive_Lemur,AR,1.0,CR,1.0,0.0,0.0,0.0,0.0,0.0,0.0,0.675
Nosy_Be_Sportive_Lemur,AR,,CR,1.0,0.0,0.0,0.0,0.0,0.0,0.0,0.88
Wright_s_Sportive_Lemur,AR,,EN,1.0,0.0,0.0,0.0,0.0,0.0,0.0,1.82
Gray_cheeked_Mangabey,AR,167.0,LC,1.0,0.0,0.0,0.0,0.0,0.0,0.0,6.95
Northern_Black_Crested_Mangabey,AR,59.0,NT,1.0,0.0,0.0,0.0,0.0,0.0,0.0,6.8
Johnston_s_Mangabey,AR,,LC,1.0,0.0,0.0,0.0,0.0,0.0,0.0,6.58
Southern_Back_Crested_Mangabey,AR,,DD,1.0,0.0,0.0,0.0,1.0,0.0,0.0,6.8
Rusty_mantled_Mangabey,AR,,LC,1.0,0.0,0.0,0.0,0.0,0.0,0.0,6.58
Ugandan_Crested_Mangabey,AR,155.0,NE,1.0,0.0,0.0,0.0,0.0,0.0,0.0,6.5
Gray_Slender_Loris,BOTH & AR,27.2,LC,1.0,0.0,0.0,0.0,0.0,0.0,0.0,0.27
Red_Slender_Loris,AR,5.0,EN,1.0,0.0,0.0,0.0,0.0,0.0,0.0,0.19
Stump_tailed_Macaque,BOTH,461.5,VU,1.0,0.0,0.0,0.0,0.0,0.0,0.0,10.3
Assamese_Macaque,AR,433.5,NT,1.0,0.0,0.0,0.0,0.0,0.0,0.0,9.0
Taiwanese_Macaque,BOTH,120.0,LC,1.0,0.0,0.0,0.0,0.0,0.0,0.0,5.47
Long_tailed_Macaque,BOTH & AR,157.0,LC,1.0,0.0,0.0,0.0,1.0,0.0,0.0,4.03
Japanese_Macaque,BOTH & AR,23.95,LC,1.0,0.0,0.0,0.0,0.0,0.0,0.0,9.5
Heck_s_Macaque,AR,100.0,VU,1.0,0.0,0.0,0.0,0.0,0.0,0.0,9.0
Northern_Pig_tailed_Macaque,BOTH & AR,215.0,VU,1.0,0.0,0.0,0.0,0.0,0.0,0.0,6.7
White_cheeked_Macaque,,,NE,0.0,0.0,0.0,0.0,0.0,0.0,0.0,
Moor_Macaque,BOTH,20.0,EN,1.0,0.0,0.0,1.0,0.0,0.0,0.0,7.88
Rhesus_Macaque,BOTH,47.75,LC,1.0,1.0,1.0,0.0,0.0,0.0,0.0,5.96
Arunachal_Macaque,BOTH,26.0,EN,1.0,0.0,0.0,0.0,0.0,0.0,0.0,15.0
Sunda_Pig_tailed_Macaque,BOTH,314.3,VU,1.0,0.0,0.0,0.0,0.0,0.0,0.0,8.89
Crested_Macaque,T,216.0,CR,1.0,0.0,0.0,0.0,0.0,0.0,0.0,7.68
Gorontalo_Macaque,AR,,VU,1.0,0.0,0.0,0.0,0.0,0.0,0.0,5.65
Booted_Macaque,BOTH,57.0,VU,1.0,0.0,0.0,0.0,0.0,0.0,0.0,3.95
Pagai_Macaque,BOTH & AR,,CR,1.0,0.0,0.0,0.0,0.0,0.0,0.0,6.38
Bonnet_Macaque,BOTH,26.0,LC,1.0,1.0,1.0,0.0,0.0,0.0,0.0,5.14
Siberut_Macaque,T & AR,125.0,VU,1.0,0.0,0.0,0.0,0.0,0.0,0.0,6.38
Lion_tailed_Macaque,AR,125.0,EN,1.0,0.0,0.0,0.0,0.0,0.0,0.0,7.5
Toque_Macaque,AR,66.0,EN,1.0,0.0,0.0,0.0,0.0,0.0,0.0,4.48
Barbary_Macaque,BOTH & T,725.0,EN,1.0,0.0,1.0,0.0,0.0,1.0,0.0,13.5
Tibetan_Macaque,T,1106.0,NT,1.0,0.0,0.0,0.0,0.0,0.0,0.0,15.55
Tonkean_Macaque,BOTH,104.75,VU,1.0,0.0,0.0,0.0,0.0,0.0,0.0,11.95
Drill,BOTH,2750.0,EN,1.0,1.0,0.0,0.0,0.0,1.0,0.0,15.0
Mandrill,T,4000.0,VU,1.0,0.0,0.0,0.0,0.0,0.0,0.0,23.6
Rio_Acarí_Marmoset,AR,,,,,,,,,,
Silvery_Marmoset,AR,10.5,LC,1.0,1.0,0.0,0.0,0.0,0.0,0.0,0.35
Golden_white_Tassel_ear_Marmoset,AR,,LC,1.0,0.0,0.0,0.0,0.0,0.0,0.0,0.295
Snethlage_s_Marmoset,AR,,LC,1.0,1.0,0.0,0.0,0.0,0.0,0.0,0.32
Santarém_Marmoset,AR,,,,,,,,,,
Rio_Aripuanã_Marmoset,AR,,,,,,,,,,
Golden_white_Bare_ear_Marmoset,AR,,VU,1.0,0.0,0.0,0.0,0.0,0.0,0.0,0.5
Marca_s_Marmoset,AR,,DD,1.0,0.0,0.0,0.0,0.0,0.0,0.0,0.55
Maués_Marmoset,AR,,,,,,,,,,
Black_tailed_Marmoset,AR,429.5,LC,1.0,1.0,0.0,0.0,0.0,0.0,0.0,0.22
Black_headed_Marmoset,AR,,DD,1.0,0.0,0.0,0.0,0.0,0.0,0.0,0.38
Rondon_s_Marmoset,AR,,VU,1.0,0.0,0.0,0.0,0.0,0.0,0.0,0.33
Sateré_Marmoset,AR,,,,,,,,,,
Montagne_d_Ambre_Mouse_Lemur,AR,,EN,1.0,0.0,0.0,0.0,0.0,0.0,0.0,0.05
Madame_Berthe_s_Mouse_Lemur,AR,3.7,EN,1.0,0.0,0.0,0.0,0.0,0.0,0.0,0.03
Bongolava_Mouse_Lemur,AR,,EN,1.0,0.0,0.0,0.0,0.0,0.0,0.0,0.054000000000000006
 Nosy_Boraha_Mouse_Lemur,,,Unrated,,,,,,,,
Ambarijeby_Mouse_Lemur,AR,,EN,1.0,0.0,0.0,0.0,0.0,0.0,0.0,0.06
Ganzhorn's_Mouse_Lemur,,,Unrated,,,,,,,,
Gerp_s_Mouse_Lemur,AR,,CR,1.0,0.0,0.0,0.0,0.0,0.0,0.0,0.07
Gray_brown_Mouse_Lemur,AR,0.3,LC,1.0,0.0,1.0,0.0,0.0,0.0,0.0,0.05
Jolly_s_Mouse_Lemur,AR,,EN,1.0,0.0,0.0,0.0,0.0,0.0,0.0,0.06
Goodman_s_Mouse_Lemur,AR,0.35,VU,1.0,0.0,0.0,0.0,0.0,0.0,0.0,0.045
Anjiahely_Mouse_Lemur,AR,,EN,1.0,0.0,0.0,0.0,0.0,0.0,0.0,0.05
Nosy_Be_Mouse_Lemur,AR,,CR,1.0,0.0,0.0,0.0,0.0,0.0,0.0,0.06
Bemanasy_Mouse_Lemur,,,Unrated,,,,,,,,
Margot_Marsh_s_Mouse_Lemur,AR,,EN,1.0,0.0,0.0,0.0,0.0,0.0,0.0,0.05
Marohita_Mouse_Lemur,,,CR,1.0,0.0,0.0,0.0,0.0,0.0,0.0,0.06
Mittermeier_s_Mouse_Lemur,AR,,EN,1.0,0.0,0.0,0.0,0.0,0.0,0.0,0.04
Gray_Mouse_Lemur,AR,1.75,LC,1.0,0.0,1.0,0.0,0.0,0.0,0.0,0.06
Peters_s_Mouse_Lemur,AR,,VU,1.0,0.0,0.0,0.0,0.0,0.0,0.0,0.03
Golden_brown_Mouse_Lemur,AR,0.57,EN,1.0,0.0,0.0,0.0,0.0,0.0,0.0,0.05
Rufous_Mouse_Lemur,AR,1.0,VU,1.0,0.0,0.0,0.0,0.0,0.0,0.0,0.04
Sambirano_Mouse_Lemur,AR,1.2,EN,1.0,0.0,0.0,0.0,0.0,0.0,0.0,0.04
Simmons_s_Mouse_Lemur,AR,,EN,1.0,0.0,0.0,0.0,0.0,0.0,0.0,0.0765
Anosi_Mouse_lemur,,,NE,0.0,0.0,0.0,0.0,0.0,0.0,0.0,0.05
Tavaratra_Mouse_Lemur,AR,,VU,1.0,0.0,0.0,0.0,0.0,0.0,0.0,0.06
Northern_Talapoin_Monkey,BOTH,300.0,LC,1.0,0.0,0.0,0.0,0.0,0.0,0.0,1.25
Southern_Talapoin_Monkey,BOTH,311.0,LC,1.0,0.0,0.0,0.0,1.0,0.0,0.0,1.25
Coquerel_s_Giant_Mouse_Lemur,AR,2.5,EN,1.0,0.0,0.0,0.0,0.0,0.0,0.0,0.31
Northern_Giant_Mouse_Lemur,AR,1.66,EN,1.0,0.0,0.0,0.0,0.0,0.0,0.0,0.29
Proboscis_Monkey,AR,900.0,EN,1.0,0.0,0.0,0.0,0.0,0.0,0.0,15.75
Northern_Yellow_cheeked_Crested_Gibbon,AR,50.0,NE,1.0,0.0,0.0,0.0,0.0,0.0,0.0,7.0
Western_Black_Crested_Gibbon,AR,87.0,CR,1.0,0.0,0.0,0.0,0.0,0.0,0.0,7.69
Southern_Yellow_cheeked_Crested_Gibbon,AR,51.86,EN,1.0,0.0,0.0,0.0,0.0,0.0,0.0,5.2
Hainan_Crested_Gibbon,AR,781.0,CR,1.0,0.0,0.0,0.0,0.0,0.0,0.0,6.59
Northern_White_cheeked_Crested_Gibbon,AR,87.5,CR,1.0,0.0,0.0,0.0,0.0,0.0,0.0,6.5
Eastern_Black_Crested_Gibbon,AR,130.3,CR,1.0,0.0,0.0,0.0,0.0,0.0,0.0,
Southern_White_cheeked_Crested_Gibbon,AR,36.42,EN,1.0,0.0,0.0,0.0,0.0,0.0,0.0,7.25
Bangka_Slow_Loris,AR,,NE,1.0,0.0,0.0,0.0,0.0,0.0,0.0,
Bengal_Slow_Loris,AR,15.6,VU,1.0,0.0,0.0,0.0,0.0,0.0,0.0,1.26
Bornean_Slow_Loris,AR,,NE,1.0,0.0,0.0,0.0,0.0,0.0,0.0,0.47
Sunda_Slow_Loris,AR,6.3,VU,1.0,0.0,0.0,0.0,0.0,0.0,0.0,0.65
Javan_Slow_Loris,AR,7.5,CR,1.0,0.0,0.0,0.0,0.0,0.0,0.0,0.66
Kayan_River_Slow_Loris,AR,,NE,0.0,0.0,0.0,0.0,0.0,0.0,0.0,0.6
Philippine_Slow_Loris,AR,4.76,VU,1.0,0.0,0.0,0.0,0.0,0.0,0.0,0.285
Pygmy_Slow_Loris,AR,17.0,VU,1.0,0.0,0.0,0.0,0.0,0.0,0.0,0.42
Thick_tailed_Greater_Galago,AR,8.5,LC,1.0,1.0,1.0,0.0,0.0,0.0,0.0,1.15
Garnett_s_Greater_Galago,AR,14.17,LC,1.0,0.0,0.0,0.0,0.0,0.0,0.0,0.76
Bonobo,BOTH,4000.0,EN,1.0,0.0,0.0,0.0,0.0,0.0,0.0,39.1
Chimpanzee,BOTH,1846.7,EN,1.0,1.0,0.0,0.0,0.0,0.0,0.0,53.7
Olive_Baboon,BOTH,1968.0,LC,1.0,1.0,1.0,1.0,0.0,0.0,0.0,16.65
Yellow_Baboon,T,900.0,LC,1.0,1.0,0.0,0.0,0.0,0.0,0.0,17.05
Hamadryas_Baboon,T,2800.0,LC,0.0,0.0,1.0,1.0,0.0,1.0,0.0,13.4
Kinda_Baboon,T,,LC,1.0,1.0,1.0,0.0,0.0,0.0,0.0,13.0
Guinea_Baboon,BOTH & T,3250.0,NT,1.0,1.0,0.0,1.0,0.0,0.0,0.0,17.5
Chacma_Baboon,T,500.0,LC,1.0,1.0,1.0,1.0,0.0,1.0,1.0,22.3
Milne_Edwards_s_Potto,AR,23.2,LC,1.0,0.0,0.0,0.0,1.0,0.0,0.0,1.19
East_African_Potto,AR,,LC,1.0,0.0,0.0,0.0,1.0,0.0,0.0,0.861
West_African_Potto,AR,7.5,LC,1.0,0.0,0.0,0.0,0.0,0.0,0.0,0.83
Montagne_D__Ambre_Fork_marked_Lemur,AR,,EN,1.0,0.0,0.0,0.0,0.0,0.0,0.0,0.39
Pale_Fork_marked_Lemur,AR,6.5,EN,1.0,0.0,0.0,0.0,0.0,0.0,0.0,0.34
Sambirano_Fork_marked_Lemur,AR,,EN,1.0,0.0,0.0,0.0,0.0,0.0,0.0,0.36
Upper_Guinea_Red_Colobus,AR,58.0,EN,1.0,0.0,0.0,0.0,0.0,0.0,0.0,8.25
Bouvier_s_Red_Colobus,AR,,CR,1.0,0.0,0.0,0.0,1.0,0.0,0.0,
Niger_Delta_Red_Colobus,AR,73.0,CR,1.0,0.0,0.0,0.0,0.0,0.0,0.0,
Foa_s_Red_Colobus,AR,,NE,1.0,0.0,0.0,0.0,0.0,0.0,0.0,9.5
Udzungwa_Red_Colobus,AR,17.53,EN,1.0,0.0,0.0,0.0,1.0,0.0,0.0,7.05
Zanzibar_Red_Colobus,AR,19.0,EN,1.0,0.0,1.0,0.0,1.0,0.0,0.0,6.9
Lang_s_Red_Colobus,AR,,NE,1.0,0.0,0.0,0.0,0.0,0.0,0.0,6.59
Oustalet_s_Red_Colobus,AR,,LC,1.0,1.0,0.0,0.0,1.0,0.0,0.0,10.35
Lomami_Red_Colobus,AR,,NE,1.0,0.0,0.0,0.0,0.0,0.0,0.0,8.3
Pennant_s_Red_Colobus,AR,73.0,EN,1.0,0.0,0.0,0.0,0.0,0.0,0.0,7.4
Preuss_s_Red_Colobus,AR,100.0,CR,1.0,0.0,0.0,0.0,0.0,0.0,0.0,8.3
Tana_River_Red_Colobus,AR,14.25,EN,1.0,0.0,0.0,0.0,0.0,0.0,0.0,9.0
Semliki_Red_Colobus,AR,,NE,1.0,0.0,0.0,0.0,0.0,0.0,0.0,
Temminick_s_Red_Colobus,BOTH,22.5,EN,1.0,1.0,1.0,0.0,1.0,0.0,0.0,5.85
Ashy_Red_Colobus,AR,308.5,EN,1.0,0.0,0.0,0.0,0.0,0.0,0.0,8.75
Tshuapa_Red_Colobus,AR,,NT,1.0,0.0,0.0,0.0,1.0,0.0,0.0,
Miss_Waldron_s_Red_Colobus,AR,120.0,CR,1.0,0.0,0.0,0.0,0.0,0.0,0.0,5.9
Equatorial_Saki,AR,,LC,1.0,0.0,0.0,0.0,0.0,0.0,0.0,2.25
Buffy_Saki,AR,172.4,LC,1.0,0.0,0.0,0.0,0.0,0.0,0.0,3.0
Cazuza_s_Saki,AR,,NE,0.0,0.0,0.0,0.0,0.0,0.0,0.0,
Golden_faced_Saki,AR,103.0,LC,0.0,0.0,0.0,0.0,0.0,0.0,0.0,1.9
Hairy_Saki,AR,24.9,NE,0.0,0.0,0.0,0.0,0.0,0.0,0.0,
Burnished_Saki,AR,,NE,0.0,0.0,0.0,0.0,0.0,0.0,0.0,
Gray_s_Bald_faced_Saki,AR,35.9,LC,1.0,0.0,0.0,0.0,1.0,0.0,0.0,2.16
Isabel_s_Saki,AR,,NE,0.0,0.0,0.0,0.0,0.0,0.0,0.0,
Miller_s_Saki,AR,,DD,0.0,0.0,0.0,0.0,0.0,0.0,0.0,
Mittermeier_s_Tapajós_Saki,AR,,,,,,,,,,
Monk_Saki,AR,25.85,LC,1.0,0.0,0.0,0.0,1.0,0.0,0.0,2.36
Napo_Saki,AR,,NE,0.0,0.0,0.0,0.0,0.0,0.0,0.0,
Pissinatti_s_Bald_faced_Saki,AR,,NE,0.0,0.0,0.0,0.0,0.0,0.0,0.0,
White_faced_saki,AR,12.5,LC,1.0,0.0,0.0,0.0,1.0,0.0,0.0,1.76
Rylands__Bald_faced_Saki,AR,35.9,NE,0.0,0.0,0.0,0.0,0.0,0.0,0.0,
Vanzolinis_Bald_faced_Saki,AR,,,,,,,,,,
Madidi_Titi,AR,21.0,LC,1.0,0.0,0.0,0.0,0.0,0.0,0.0,0.95
Lake_Baptista_Titi,AR,,LC,1.0,0.0,0.0,0.0,0.0,0.0,0.0,1.16
Prince_Bernhard_s_Titi,AR,,LC,1.0,0.0,0.0,0.0,0.0,0.0,0.0,0.95
Brown_Titi,AR,3.9,LC,1.0,0.0,0.0,0.0,0.0,0.0,0.0,0.83
Chestnut_bellied_Titi,AR,,LC,1.0,0.0,0.0,0.0,0.0,0.0,0.0,1.0
Caquetá_Titi,AR,,,,,,,,,,
Ashy_Titi,AR,,LC,1.0,0.0,0.0,0.0,0.0,0.0,0.0,0.74
Coppery_Titi,AR,25.0,LC,1.0,0.0,0.0,0.0,0.0,0.0,0.0,1.07
Red_crowned_Titi,AR,3.3,LC,1.0,0.0,0.0,0.0,1.0,0.0,0.0,1.01
White_eared_Titi,AR,100.0,LC,1.0,1.0,0.0,0.0,1.0,0.0,0.0,0.95
Hoffmann_s_Titi,AR,,LC,1.0,0.0,0.0,0.0,1.0,0.0,0.0,1.06
Milton´s_titi_monkey,AR,,,,,,,,,,
Rio_Beni_Titi,AR,,EN,1.0,0.0,1.0,0.0,1.0,0.0,0.0,0.8
Red_bellied_Titi,AR,4.2,LC,1.0,0.0,0.0,0.0,0.0,0.0,0.0,0.99
San_Martín_Titi,AR,,,,,,,,,,
Olalla_s_Titi,AR,10.0,EN,1.0,1.0,1.0,0.0,1.0,0.0,0.0,0.8
Ornate_Titi,AR,15.93,VU,1.0,0.0,0.0,0.0,0.0,0.0,0.0,1.17
Pale_Titi,AR,20.0,LC,1.0,0.0,1.0,0.0,1.0,0.0,0.0,0.8
Stephen_Nash_s_Titi,AR,,DD,1.0,0.0,0.0,0.0,0.0,0.0,0.0,0.67
Toppins_Titi,AR,,,,,,,,,,
Urubamba_Brown_Titi,AR,,NE,0.0,0.0,0.0,0.0,0.0,0.0,0.0,
Vieira_s_Titi,AR,,NE,1.0,0.0,0.0,0.0,1.0,0.0,0.0,0.96
Sumatran_Orangutan,AR,277.0,CR,1.0,0.0,0.0,0.0,0.0,0.0,0.0,56.75
Bornean_Orangutan,AR,409.5,CR,1.0,0.0,0.0,0.0,0.0,0.0,0.0,57.15
Tapanuli_Orangutan,,,CR,,,,,,,,
Black_and_white_Langur,AR,,DD,1.0,0.0,0.0,0.0,0.0,0.0,0.0,6.43
Miller_s_Langur,AR,,EN,1.0,0.0,0.0,0.0,0.0,0.0,0.0,6.125
Cross_marked_Langur,AR,,CR,1.0,0.0,0.0,0.0,0.0,0.0,0.0,7.05
Javan_Langur,AR,26.0,EN,1.0,0.0,0.0,0.0,0.0,0.0,0.0,6.7
Banded_Langur,AR,24.85,NT,1.0,0.0,0.0,1.0,1.0,0.0,0.0,6.22
White_fronted_Langur,AR,200.0,VU,1.0,0.0,0.0,0.0,0.0,0.0,0.0,5.61
Hose_s_Langur,AR,40.0,VU,1.0,0.0,0.0,0.0,0.0,0.0,0.0,5.9
Black_crested_Sumatran_Langur,AR,22.0,EN,1.0,0.0,1.0,0.0,0.0,0.0,0.0,6.53
Mitered_Langur,AR,21.75,EN,1.0,0.0,1.0,0.0,0.0,0.0,0.0,5.8
Natuna_Islands_Langur,AR,,VU,1.0,0.0,0.0,0.0,0.0,0.0,0.0,7.05
Mentawai_Langur,AR,25.25,EN,1.0,0.0,0.0,0.0,0.0,0.0,0.0,6.27
Maroon_Langur,AR,66.0,LC,1.0,0.0,0.0,0.0,0.0,0.0,0.0,6.13
Sabah_Grizzled_Langur,AR,90.9,EN,1.0,0.0,0.0,0.0,0.0,0.0,0.0,5.9
Pale_thighed_Langur,AR,24.0,NT,1.0,0.0,0.0,0.0,0.0,0.0,0.0,7.65
Siberut_Langur,AR,16.75,EN,1.0,0.0,0.0,0.0,1.0,0.0,0.0,6.45
Black_Sumatran_Langur,AR,,EN,1.0,0.0,0.0,0.0,0.0,0.0,0.0,6.42
Thomas_s_Langur,AR,27.43,VU,1.0,0.0,0.0,0.0,0.0,0.0,0.0,6.73
Olive_Colobus,AR,31.0,NT,1.0,0.0,0.0,0.0,0.0,0.0,0.0,4.45
Greater_Bamboo_Lemur,AR,40.37,CR,1.0,0.0,0.0,0.0,0.0,0.0,0.0,2.24
Silky_Sifaka,AR,38.85,CR,1.0,0.0,0.0,0.0,0.0,0.0,0.0,6.1
Coquerel_s_Sifaka,AR,7.625,EN,1.0,0.0,0.0,0.0,0.0,0.0,0.0,3.73
Crowned_Sifaka,AR,1.35,EN,1.0,0.0,0.0,0.0,0.0,0.0,0.0,3.9
Decken_s_Sifaka,AR,,EN,1.0,0.0,0.0,0.0,0.0,0.0,0.0,2.78
Diademed_Sifaka,AR,37.5,CR,1.0,0.0,0.0,0.0,0.0,0.0,0.0,6.13
Milne_Edwards_s_Sifaka,AR,145.0,EN,1.0,0.0,0.0,0.0,0.0,0.0,0.0,5.74
Perrier_s_Sifaka,AR,30.0,CR,1.0,0.0,0.0,0.0,0.0,0.0,0.0,4.33
Tattersall_s_Sifaka,AR,10.5,CR,1.0,0.0,0.0,0.0,0.0,0.0,0.0,3.5
Verreaux_s_Sifaka,AR,7.0,EN,1.0,0.0,1.0,0.0,0.0,0.0,0.0,2.91
Grey_shanked_Douc,AR,984.0,CR,1.0,0.0,0.0,0.0,0.0,0.0,0.0,9.98
Red_shanked_Douc,AR,36.0,EN,1.0,0.0,0.0,0.0,0.0,0.0,0.0,9.72
Black_shanked_Douc,AR,30.0,EN,1.0,0.0,0.0,0.0,0.0,0.0,0.0,9.88
Tonkin_Snub_nosed_Monkey,AR,470.0,CR,1.0,0.0,0.0,0.0,0.0,0.0,0.0,11.25
Yunnan_Snub_nosed_Monkey,BOTH,2525.0,EN,1.0,0.0,0.0,0.0,0.0,0.0,0.0,12.48
Guizhou_Snub_nosed_Monkey,BOTH,3450.0,EN,1.0,0.0,0.0,0.0,0.0,0.0,0.0,11.25
Golden_Snub_nosed_Monkey,BOTH,1830.0,EN,1.0,0.0,0.0,0.0,0.0,0.0,0.0,14.75
Stryker_s_Snub_nosed_Monkey,BOTH,2290.0,CR,1.0,0.0,0.0,0.0,0.0,0.0,0.0,11.25
Kipunji,AR,306.2,CR,1.0,0.0,0.0,0.0,0.0,0.0,0.0,10.0
Pied_Tamarin,AR,12.0,EN,1.0,0.0,0.0,0.0,0.0,0.0,0.0,0.43
Geoffroy_s_Tamarin,AR,34.5,LC,1.0,0.0,0.0,0.0,0.0,0.0,0.0,0.49
Emperor_Tamarin,AR,30.0,LC,1.0,0.0,0.0,0.0,0.0,0.0,0.0,0.47
Mottled_face_Tamarin,AR,35.0,LC,1.0,0.0,0.0,0.0,0.0,0.0,0.0,0.69
Red_bellied_Tamarin,AR,30.0,LC,1.0,0.0,0.0,0.0,0.0,0.0,0.0,0.51
White_footed_Tamarin,AR,9.22,EN,1.0,0.0,0.0,0.0,0.0,0.0,0.0,0.49
Martin_s_Bare_faced_Tamarin,AR,12.0,LC,1.0,0.0,0.0,0.0,0.0,0.0,0.0,0.5
Midas_Tamarin,AR,36.5,LC,1.0,1.0,0.0,0.0,0.0,0.0,0.0,0.56
Mustached_Tamarin,AR,40.0,LC,1.0,0.0,0.0,0.0,0.0,0.0,0.0,0.53
Western_Black_handed_Tamarin,AR,32.5,VU,1.0,0.0,0.0,0.0,0.0,0.0,0.0,0.43
Cotton_top_Tamarin,AR,13.9,CR,1.0,0.0,0.0,0.0,0.0,0.0,0.0,0.41
Eastern_Black_handed_Tamarin,AR,,NE,0.0,0.0,0.0,0.0,0.0,0.0,0.0,
Black_capped_Squirrel_Monkey,AR,375.0,LC,1.0,0.0,0.0,0.0,0.0,0.0,0.0,0.88
Humboldt_s_Squirrel_Monkey,AR,170.0,LC,1.0,1.0,1.0,0.0,1.0,0.0,0.0,0.88
Collins'_Squirrel_Monkey,,,Unrated,,,,,,,,
Ecuadorian_Squirrel_Monkey,AR,,LC,1.0,0.0,0.0,0.0,0.0,0.0,0.0,0.99
Central_American_Squirrel_Monkey,AR,176.0,VU,1.0,0.0,0.0,0.0,0.0,0.0,0.0,0.79
Guianan_Squirrel_Monkey,AR,87.0,LC,1.0,0.0,0.0,0.0,0.0,0.0,0.0,0.82
Golden_backed_Squirrel_Monkey,AR,50.0,NT,1.0,0.0,0.0,0.0,0.0,0.0,0.0,0.86
Black_headed_Squirrel_Monkey,AR,80.0,VU,1.0,0.0,0.0,0.0,0.0,0.0,0.0,0.8
Guianan_Brown_Capuchin,AR,355.0,LC,1.0,1.0,0.0,0.0,0.0,0.0,0.0,3.01
Hooded_Capuchin,AR,,LC,1.0,1.0,0.0,0.0,0.0,0.0,0.0,3.25
Blond_Capuchin,AR,51.0,CR,1.0,0.0,0.0,0.0,0.0,0.0,0.0,2.55
Bearded_Capuchin,AR,300.0,LC,1.0,1.0,0.0,0.0,0.0,0.0,0.0,2.54
Large_headed_Capuchin,AR,65.0,LC,1.0,0.0,0.0,0.0,0.0,0.0,0.0,3.05
Black_horned_Capuchin,AR,161.0,NT,1.0,0.0,0.0,0.0,0.0,0.0,0.0,3.7
Crested_Capuchin,AR,110.5,EN,1.0,0.0,0.0,0.0,0.0,0.0,0.0,3.05
Yellow_breasted_Capuchin,AR,969.0,CR,1.0,0.0,0.0,0.0,0.0,0.0,0.0,2.875
Bioko_Squirrel_Galago,AR,2.35,EN,1.0,0.0,0.0,0.0,0.0,0.0,0.0,0.27
Cross_River_Squirrel_Galago,AR,3.2,LC,1.0,0.0,0.0,0.0,0.0,0.0,0.0,0.27
Gabon_Squirrel_Galago,AR,30.0,LC,1.0,0.0,0.0,0.0,0.0,0.0,0.0,0.26
Makandé_squirrel_galago,AR,,,,,,,,,,
Chamba_Sacred_Langur,BOTH,305.0,EN,1.0,0.0,0.0,0.0,0.0,0.0,0.0,20.15
Bengal_Sacred_Langur,T,82.5,LC,1.0,1.0,1.0,0.0,0.0,0.0,0.0,11.44
Terai_Sacred_Langur,BOTH,,NT,1.0,0.0,0.0,0.0,0.0,0.0,0.0,15.3
Malabar_Sacred_Langur,BOTH & T,12328.0,VU,1.0,0.0,0.0,0.0,0.0,0.0,0.0,13.1
Nilgiri_Langur,AR,4.83,VU,1.0,0.0,0.0,0.0,0.0,0.0,0.0,11.6
Tufted_Gray_Langur,BOTH,80.0,NT,1.0,0.0,1.0,0.0,0.0,0.0,0.0,
Nepal_Sacred_Langur,BOTH,6987.0,LC,1.0,0.0,1.0,0.0,0.0,1.0,0.0,17.0
Purple_faced_Langur,AR,5.375,EN,1.0,0.0,0.0,0.0,0.0,1.0,0.0,7.03
Pig_tailed_Langur,BOTH,7.1,CR,1.0,0.0,0.0,0.0,0.0,0.0,0.0,7.97
Siamang,AR,17.3,EN,1.0,0.0,0.0,0.0,0.0,0.0,0.0,11.3
Dian_s_Tarsier,AR,1.39,VU,1.0,0.0,0.0,0.0,0.0,0.0,0.0,0.112
Makassar_Tarsier,AR,,NE,1.0,0.0,0.0,0.0,0.0,0.0,0.0,0.12
Lariang_Tarsier,AR,,DD,1.0,0.0,0.0,0.0,0.0,0.0,0.0,0.11
Peleng_Tarsier,AR,1.0,EN,1.0,0.0,0.0,0.0,0.0,0.0,0.0,0.16
Sulawesi_Mountain_Tarsier,AR,1.2,DD,1.0,0.0,0.0,0.0,0.0,0.0,0.0,0.051
Great_Sangihe_Tarsier,AR,,EN,1.0,0.0,0.0,0.0,1.0,0.0,0.0,0.14300000000000002
Gursky's_Spectral_Tarsier ,,,Unrated,,,,,,,,
Jatna's_Tarsier,,,Unrated,,,,,,,,
Selayar_Tarsier,AR,1.0,VU,1.0,0.0,0.0,0.0,0.0,0.0,0.0,0.122
Siau_Island_Tarsier,AR,,CR,1.0,0.0,0.0,0.0,0.0,0.0,0.0,0.1
Wallace_s_Tarsier,AR,,DD,1.0,0.0,0.0,0.0,1.0,0.0,0.0,0.107
Gelada,T,203.43,LC,0.0,0.0,0.0,1.0,0.0,1.0,0.0,15.35
East_Javan_Langur,AR,19.0,VU,1.0,0.0,0.0,0.0,0.0,0.0,0.0,
Tenasserim_Langur,,,DD,1.0,0.0,0.0,0.0,0.0,0.0,0.0,6.4
Indochinese_Gray_Langur,AR,83.55,EN,1.0,0.0,0.0,0.0,0.0,0.0,0.0,6.65
Silvered_Langur,AR,43.0,NT,1.0,0.0,0.0,0.0,0.0,0.0,0.0,6.25
Delacour_s_Langur,BOTH & AR,36.0,CR,1.0,0.0,0.0,0.0,0.0,0.0,0.0,7.75
Black_Langur,BOTH,,EN,1.0,0.0,0.0,0.0,0.0,1.0,0.0,10.3
Francois_s_Langur,BOTH,64.5,EN,1.0,0.0,0.0,0.0,0.0,0.0,0.0,7.52
Golden_Langur,AR,375.0,EN,1.0,0.0,0.0,0.0,0.0,0.0,0.0,10.15
Germain_s_Langur,AR,17.0,EN,1.0,0.0,0.0,0.0,0.0,0.0,0.0,8.83
Hatinh_Langur,BOTH & AR,225.0,EN,1.0,0.0,0.0,0.0,0.0,1.0,0.0,7.275
Laos_Langur,BOTH,,VU,1.0,0.0,0.0,0.0,0.0,1.0,0.0,7.0
White_headed_Langur,BOTH,29.1,CR,1.0,0.0,1.0,0.0,0.0,0.0,0.0,8.285
Annamese_Langur,AR,221.0,EN,1.0,0.0,0.0,0.0,0.0,0.0,0.0,
West_Javan_Langur,AR,5.25,VU,1.0,0.0,0.0,0.0,1.0,0.0,0.0,
Dusky_Langur,AR,30.5,NT,1.0,0.0,0.0,0.0,0.0,0.0,0.0,6.99
Phayre_s_Langur,AR,82.37,EN,1.0,1.0,0.0,0.0,0.0,0.0,0.0,7.44
Capped_Langur,AR,18.0,VU,1.0,0.0,0.0,0.0,0.0,0.0,0.0,10.93
Cat_Ba_Langur,BOTH,30.0,CR,1.0,0.0,1.0,0.0,0.0,0.0,0.0,8.05
Selangor_Silvery_Langur,AR,31.5,NE,1.0,0.0,0.0,0.0,0.0,0.0,0.0,
Shortridge_s_Langur,AR,,EN,1.0,0.0,0.0,0.0,0.0,0.0,0.0,
Red_Ruffed_Lemur,AR,24.55,CR,1.0,0.0,0.0,0.0,0.0,0.0,0.0,3.51
Black_and_white_Ruffed_Lemur,AR,116.67,CR,1.0,0.0,0.0,0.0,0.0,0.0,0.0,3.58
